#
# There is insufficient memory for the Java Runtime Environment to continue.
# Native memory allocation (malloc) failed to allocate 8685264 bytes. Error detail: Chunk::new
# Possible reasons:
#   The system is out of physical RAM or swap space
#   This process is running with CompressedOops enabled, and the Java Heap may be blocking the growth of the native heap
# Possible solutions:
#   Reduce memory load on the system
#   Increase physical memory or swap space
#   Check if swap backing store is full
#   Decrease Java heap size (-Xmx/-Xms)
#   Decrease number of Java threads
#   Decrease Java thread stack sizes (-Xss)
#   Set larger code cache with -XX:ReservedCodeCacheSize=
#   JVM is running with Zero Based Compressed Oops mode in which the Java heap is
#     placed in the first 32GB address space. The Java Heap base address is the
#     maximum limit for the native heap growth. Please use -XX:HeapBaseMinAddress
#     to set the Java Heap base and to place the Java Heap above 32GB virtual address.
# This output file may be truncated or incomplete.
#
#  Out of Memory Error (arena.cpp:162), pid=34828, tid=5464
#
# JRE version: Java(TM) SE Runtime Environment (24.0.2+12) (build 24.0.2+12-54)
# Java VM: Java HotSpot(TM) 64-Bit Server VM (24.0.2+12-54, mixed mode, sharing, tiered, compressed oops, compressed class ptrs, g1 gc, windows-amd64)
# No core dump will be written. Minidumps are not enabled by default on client versions of Windows
#

---------------  S U M M A R Y ------------

Command Line: --add-modules=javafx.controls,javafx.fxml --module-path=C:\Users\USER\.gradle\caches\modules-2\files-2.1\org.openjfx\javafx-fxml\24\5532187f0e082f351b250f198df3dabdc3b5d8ac\javafx-fxml-24-win.jar;C:\Users\USER\.gradle\caches\modules-2\files-2.1\org.openjfx\javafx-controls\24\a483be72c28ee64cf2a6112a8b4707421f67733b\javafx-controls-24-win.jar;C:\Users\USER\.gradle\caches\modules-2\files-2.1\org.openjfx\javafx-graphics\24\bd6af15d47d15f3c8b1ed6feb404c22865d17161\javafx-graphics-24-win.jar;C:\Users\USER\.gradle\caches\modules-2\files-2.1\org.openjfx\javafx-base\24\c843bfdf43a9b6285eff252d268f84adc2bdea71\javafx-base-24-win.jar -Dfile.encoding=UTF-8 -Duser.country=US -Duser.language=en -Duser.variant view.MainApp

Host: Intel(R) Core(TM) i7-8665U CPU @ 1.90GHz, 8 cores, 15G,  Windows 11 , 64 bit Build 26100 (10.0.26100.8328)
Time: Fri May 22 19:35:16 2026 SE Asia Standard Time elapsed time: 348.246177 seconds (0d 0h 5m 48s)

---------------  T H R E A D  ---------------

Current thread (0x0000022a44842440):  JavaThread "C2 CompilerThread0" daemon [_thread_in_native, id=5464, stack(0x000000af31e00000,0x000000af31f00000) (1024K)]


Current CompileTask:
C2:348246 8683       4       javafx.scene.Node::doUpdatePeer (361 bytes)

Stack: [0x000000af31e00000,0x000000af31f00000]
Native frames: (J=compiled Java code, j=interpreted, Vv=VM code, C=native code)
V  [jvm.dll+0x730829]  (no source info available)
V  [jvm.dll+0x8d9da3]  (no source info available)
V  [jvm.dll+0x8dc28d]  (no source info available)
V  [jvm.dll+0x8dc903]  (no source info available)
V  [jvm.dll+0x2a9f56]  (no source info available)
V  [jvm.dll+0xced7f]  (no source info available)
V  [jvm.dll+0xcefdf]  (no source info available)
V  [jvm.dll+0x154c83]  (no source info available)
V  [jvm.dll+0x73604f]  (no source info available)
V  [jvm.dll+0x26f8dc]  (no source info available)
V  [jvm.dll+0x26e8ff]  (no source info available)
V  [jvm.dll+0x1e9c90]  (no source info available)
V  [jvm.dll+0x27e0cb]  (no source info available)
V  [jvm.dll+0x27c36a]  (no source info available)
V  [jvm.dll+0x42f396]  (no source info available)
V  [jvm.dll+0x87d9eb]  (no source info available)
V  [jvm.dll+0x72ef45]  (no source info available)
C  [ucrtbase.dll+0x37b0]  (no source info available)
C  [KERNEL32.DLL+0x2e957]  (no source info available)
C  [ntdll.dll+0x427c]  (no source info available)

Lock stack of current Java thread (top to bottom):


---------------  P R O C E S S  ---------------

Threads class SMR info:
_java_thread_list=0x0000022a44a05500, length=19, elements={
0x0000022a2530f880, 0x0000022a448273d0, 0x0000022a44827b10, 0x0000022a4482f4f0,
0x0000022a44830020, 0x0000022a44838b60, 0x0000022a44839e30, 0x0000022a44842440,
0x0000022a448468c0, 0x0000022a44952dd0, 0x0000022a8a233eb0, 0x0000022a8a697220,
0x0000022a8a7abee0, 0x0000022a8a787f30, 0x0000022a8aa7c630, 0x0000022a8aaefa70,
0x0000022a8b4b79e0, 0x0000022a90b5f370, 0x0000022a8a043dd0
}

Java Threads: ( => current thread )
  0x0000022a2530f880 JavaThread "main"                              [_thread_blocked, id=22712, stack(0x000000af31000000,0x000000af31100000) (1024K)]
  0x0000022a448273d0 JavaThread "Reference Handler"          daemon [_thread_blocked, id=34708, stack(0x000000af31800000,0x000000af31900000) (1024K)]
  0x0000022a44827b10 JavaThread "Finalizer"                  daemon [_thread_blocked, id=16284, stack(0x000000af31900000,0x000000af31a00000) (1024K)]
  0x0000022a4482f4f0 JavaThread "Signal Dispatcher"          daemon [_thread_blocked, id=20360, stack(0x000000af31a00000,0x000000af31b00000) (1024K)]
  0x0000022a44830020 JavaThread "Attach Listener"            daemon [_thread_blocked, id=15436, stack(0x000000af31b00000,0x000000af31c00000) (1024K)]
  0x0000022a44838b60 JavaThread "Service Thread"             daemon [_thread_blocked, id=12868, stack(0x000000af31c00000,0x000000af31d00000) (1024K)]
  0x0000022a44839e30 JavaThread "Monitor Deflation Thread"   daemon [_thread_blocked, id=25640, stack(0x000000af31d00000,0x000000af31e00000) (1024K)]
=>0x0000022a44842440 JavaThread "C2 CompilerThread0"         daemon [_thread_in_native, id=5464, stack(0x000000af31e00000,0x000000af31f00000) (1024K)]
  0x0000022a448468c0 JavaThread "C1 CompilerThread0"         daemon [_thread_blocked, id=12292, stack(0x000000af31f00000,0x000000af32000000) (1024K)]
  0x0000022a44952dd0 JavaThread "Common-Cleaner"             daemon [_thread_blocked, id=25580, stack(0x000000af32000000,0x000000af32100000) (1024K)]
  0x0000022a8a233eb0 JavaThread "Notification Thread"        daemon [_thread_blocked, id=31512, stack(0x000000af32300000,0x000000af32400000) (1024K)]
  0x0000022a8a697220 JavaThread "QuantumRenderer-0"          daemon [_thread_blocked, id=34704, stack(0x000000af32400000,0x000000af32500000) (1024K)]
  0x0000022a8a7abee0 JavaThread "InvokeLaterDispatcher"      daemon [_thread_blocked, id=18200, stack(0x000000af32500000,0x000000af32600000) (1024K)]
  0x0000022a8a787f30 JavaThread "JavaFX Application Thread"         [_thread_in_native, id=5508, stack(0x000000af32600000,0x000000af32700000) (1024K)]
  0x0000022a8aa7c630 JavaThread "JavaFX-Launcher"                   [_thread_blocked, id=2072, stack(0x000000af32200000,0x000000af32300000) (1024K)]
  0x0000022a8aaefa70 JavaThread "Thread-2"                   daemon [_thread_in_native, id=13032, stack(0x000000af32f00000,0x000000af33000000) (1024K)]
  0x0000022a8b4b79e0 JavaThread "Prism Font Disposer"        daemon [_thread_blocked, id=10900, stack(0x000000af33600000,0x000000af33700000) (1024K)]
  0x0000022a90b5f370 JavaThread "Cleaner-0"                  daemon [_thread_blocked, id=23004, stack(0x000000af32100000,0x000000af32200000) (1024K)]
  0x0000022a8a043dd0 JavaThread "PostgreSQL-JDBC-Cleaner"    daemon [_thread_blocked, id=15896, stack(0x000000af30f00000,0x000000af31000000) (1024K)]
Total: 19

Other Threads:
  0x0000022a44814450 VMThread "VM Thread"                           [id=28980, stack(0x000000af31700000,0x000000af31800000) (1024K)]
  0x0000022a446dd470 WatcherThread "VM Periodic Task Thread"        [id=19404, stack(0x000000af31600000,0x000000af31700000) (1024K)]
  0x0000022a2537b680 WorkerThread "GC Thread#0"                     [id=27424, stack(0x000000af31100000,0x000000af31200000) (1024K)]
  0x0000022a8b0cb1a0 WorkerThread "GC Thread#1"                     [id=32028, stack(0x000000af33100000,0x000000af33200000) (1024K)]
  0x0000022a8ab76530 WorkerThread "GC Thread#2"                     [id=11312, stack(0x000000af33200000,0x000000af33300000) (1024K)]
  0x0000022a8ab768e0 WorkerThread "GC Thread#3"                     [id=18484, stack(0x000000af33300000,0x000000af33400000) (1024K)]
  0x0000022a8ab76c90 WorkerThread "GC Thread#4"                     [id=22372, stack(0x000000af33400000,0x000000af33500000) (1024K)]
  0x0000022a8aead980 WorkerThread "GC Thread#5"                     [id=22916, stack(0x000000af33500000,0x000000af33600000) (1024K)]
  0x0000022a90a505b0 WorkerThread "GC Thread#6"                     [id=14928, stack(0x000000af33a00000,0x000000af33b00000) (1024K)]
  0x0000022a90a4e830 WorkerThread "GC Thread#7"                     [id=11540, stack(0x000000af33b00000,0x000000af33c00000) (1024K)]
  0x0000022a25391160 ConcurrentGCThread "G1 Main Marker"            [id=34080, stack(0x000000af31200000,0x000000af31300000) (1024K)]
  0x0000022a25393420 WorkerThread "G1 Conc#0"                       [id=30548, stack(0x000000af31300000,0x000000af31400000) (1024K)]
  0x0000022a90a4f340 WorkerThread "G1 Conc#1"                       [id=29980, stack(0x000000af33c00000,0x000000af33d00000) (1024K)]
  0x0000022a446c05c0 ConcurrentGCThread "G1 Refine#0"               [id=30924, stack(0x000000af31400000,0x000000af31500000) (1024K)]
  0x0000022a446c1140 ConcurrentGCThread "G1 Service"                [id=18488, stack(0x000000af31500000,0x000000af31600000) (1024K)]
Total: 15

Threads with active compile tasks:
C2 CompilerThread0  348366 8683       4       javafx.scene.Node::doUpdatePeer (361 bytes)
Total: 1

VM state: not at safepoint (normal execution)

VM Mutex/Monitor currently owned by a thread: None

Heap address: 0x0000000703800000, size: 4040 MB, Compressed Oops mode: Zero based, Oop shift amount: 3

CDS archive(s) mapped at: [0x0000022a45000000-0x0000022a45d40000-0x0000022a45d40000), size 13893632, SharedBaseAddress: 0x0000022a45000000, ArchiveRelocationMode: 1.
Compressed class space mapped at: 0x0000022a46000000-0x0000022a86000000, reserved size: 1073741824
UseCompressedClassPointers 1, UseCompactObjectHeaders 0
Narrow klass pointer bits 32, Max shift 3
Narrow klass base: 0x0000022a45000000, Narrow klass shift: 0
Encoding Range: [0x0000022a45000000 - 0x0000022b45000000), (4294967296 bytes)
Klass Range:    [0x0000022a45000000 - 0x0000022a86000000), (1090519040 bytes)
Klass ID Range:  [8 - 1090519033) (1090519025)

GC Precious Log:
 CardTable entry size: 512
 Card Set container configuration: InlinePtr #cards 4 size 8 Array Of Cards #cards 16 size 48 Howl #buckets 8 coarsen threshold 3686 Howl Bitmap #cards 512 size 80 coarsen threshold 460 Card regions per heap region 1 cards per card region 4096
 CPUs: 8 total, 8 available
 Memory: 16157M
 Large Page Support: Disabled
 NUMA Support: Disabled
 Compressed Oops: Enabled (Zero based)
 Heap Region Size: 2M
 Heap Min Capacity: 8M
 Heap Initial Capacity: 254M
 Heap Max Capacity: 4040M
 Pre-touch: Disabled
 Parallel Workers: 8
 Concurrent Workers: 2
 Concurrent Refinement Workers: 8
 Periodic GC: Disabled

Heap:
 garbage-first heap   total reserved 4136960K, committed 679936K, used 585167K [0x0000000703800000, 0x0000000800000000)
  region size 2048K, 15 young (30720K), 4 survivors (8192K)
 Metaspace       used 29587K, committed 30016K, reserved 1114112K
  class space    used 3550K, committed 3776K, reserved 1048576K

Heap Regions: E=young(eden), S=young(survivor), O=old, HS=humongous(starts), HC=humongous(continues), CS=collection set, F=free, TAMS=top-at-mark-start, PB=parsable bottom
|   0|0x0000000703800000, 0x0000000703a00000, 0x0000000703a00000|100%|HS|  |TAMS 0x0000000703800000| PB 0x0000000703800000| Complete |  0
|   1|0x0000000703a00000, 0x0000000703c00000, 0x0000000703c00000|100%|HS|  |TAMS 0x0000000703a00000| PB 0x0000000703a00000| Complete |  0
|   2|0x0000000703c00000, 0x0000000703e00000, 0x0000000703e00000|100%|HS|  |TAMS 0x0000000703c00000| PB 0x0000000703c00000| Complete |  0
|   3|0x0000000703e00000, 0x0000000704000000, 0x0000000704000000|100%|HS|  |TAMS 0x0000000703e00000| PB 0x0000000703e00000| Complete |  0
|   4|0x0000000704000000, 0x0000000704200000, 0x0000000704200000|100%|HS|  |TAMS 0x0000000704000000| PB 0x0000000704000000| Complete |  0
|   5|0x0000000704200000, 0x0000000704400000, 0x0000000704400000|100%|HC|  |TAMS 0x0000000704200000| PB 0x0000000704200000| Complete |  0
|   6|0x0000000704400000, 0x0000000704600000, 0x0000000704600000|100%|HS|  |TAMS 0x0000000704400000| PB 0x0000000704400000| Complete |  0
|   7|0x0000000704600000, 0x0000000704800000, 0x0000000704800000|100%|HS|  |TAMS 0x0000000704600000| PB 0x0000000704600000| Complete |  0
|   8|0x0000000704800000, 0x0000000704a00000, 0x0000000704a00000|100%|HS|  |TAMS 0x0000000704800000| PB 0x0000000704800000| Complete |  0
|   9|0x0000000704a00000, 0x0000000704c00000, 0x0000000704c00000|100%|HC|  |TAMS 0x0000000704a00000| PB 0x0000000704a00000| Complete |  0
|  10|0x0000000704c00000, 0x0000000704e00000, 0x0000000704e00000|100%|HC|  |TAMS 0x0000000704c00000| PB 0x0000000704c00000| Complete |  0
|  11|0x0000000704e00000, 0x0000000705000000, 0x0000000705000000|100%|HS|  |TAMS 0x0000000704e00000| PB 0x0000000704e00000| Complete |  0
|  12|0x0000000705000000, 0x0000000705200000, 0x0000000705200000|100%|HC|  |TAMS 0x0000000705000000| PB 0x0000000705000000| Complete |  0
|  13|0x0000000705200000, 0x0000000705400000, 0x0000000705400000|100%|HS|  |TAMS 0x0000000705200000| PB 0x0000000705200000| Complete |  0
|  14|0x0000000705400000, 0x0000000705600000, 0x0000000705600000|100%|HC|  |TAMS 0x0000000705400000| PB 0x0000000705400000| Complete |  0
|  15|0x0000000705600000, 0x0000000705800000, 0x0000000705800000|100%|HS|  |TAMS 0x0000000705600000| PB 0x0000000705600000| Complete |  0
|  16|0x0000000705800000, 0x0000000705a00000, 0x0000000705a00000|100%|HS|  |TAMS 0x0000000705800000| PB 0x0000000705800000| Complete |  0
|  17|0x0000000705a00000, 0x0000000705c00000, 0x0000000705c00000|100%|HC|  |TAMS 0x0000000705a00000| PB 0x0000000705a00000| Complete |  0
|  18|0x0000000705c00000, 0x0000000705e00000, 0x0000000705e00000|100%|HS|  |TAMS 0x0000000705c00000| PB 0x0000000705c00000| Complete |  0
|  19|0x0000000705e00000, 0x0000000706000000, 0x0000000706000000|100%|HC|  |TAMS 0x0000000705e00000| PB 0x0000000705e00000| Complete |  0
|  20|0x0000000706000000, 0x0000000706200000, 0x0000000706200000|100%|HS|  |TAMS 0x0000000706000000| PB 0x0000000706000000| Complete |  0
|  21|0x0000000706200000, 0x0000000706400000, 0x0000000706400000|100%|HC|  |TAMS 0x0000000706200000| PB 0x0000000706200000| Complete |  0
|  22|0x0000000706400000, 0x0000000706600000, 0x0000000706600000|100%|HS|  |TAMS 0x0000000706400000| PB 0x0000000706400000| Complete |  0
|  23|0x0000000706600000, 0x0000000706800000, 0x0000000706800000|100%|HC|  |TAMS 0x0000000706600000| PB 0x0000000706600000| Complete |  0
|  24|0x0000000706800000, 0x0000000706a00000, 0x0000000706a00000|100%|HS|  |TAMS 0x0000000706800000| PB 0x0000000706800000| Complete |  0
|  25|0x0000000706a00000, 0x0000000706c00000, 0x0000000706c00000|100%|HC|  |TAMS 0x0000000706a00000| PB 0x0000000706a00000| Complete |  0
|  26|0x0000000706c00000, 0x0000000706e00000, 0x0000000706e00000|100%|HC|  |TAMS 0x0000000706c00000| PB 0x0000000706c00000| Complete |  0
|  27|0x0000000706e00000, 0x0000000707000000, 0x0000000707000000|100%|HS|  |TAMS 0x0000000706e00000| PB 0x0000000706e00000| Complete |  0
|  28|0x0000000707000000, 0x0000000707200000, 0x0000000707200000|100%|HC|  |TAMS 0x0000000707000000| PB 0x0000000707000000| Complete |  0
|  29|0x0000000707200000, 0x0000000707400000, 0x0000000707400000|100%|HC|  |TAMS 0x0000000707200000| PB 0x0000000707200000| Complete |  0
|  30|0x0000000707400000, 0x0000000707600000, 0x0000000707600000|100%|HC|  |TAMS 0x0000000707400000| PB 0x0000000707400000| Complete |  0
|  31|0x0000000707600000, 0x0000000707800000, 0x0000000707800000|100%|HC|  |TAMS 0x0000000707600000| PB 0x0000000707600000| Complete |  0
|  32|0x0000000707800000, 0x0000000707a00000, 0x0000000707a00000|100%|HS|  |TAMS 0x0000000707800000| PB 0x0000000707800000| Complete |  0
|  33|0x0000000707a00000, 0x0000000707c00000, 0x0000000707c00000|100%|HC|  |TAMS 0x0000000707a00000| PB 0x0000000707a00000| Complete |  0
|  34|0x0000000707c00000, 0x0000000707e00000, 0x0000000707e00000|100%|HC|  |TAMS 0x0000000707c00000| PB 0x0000000707c00000| Complete |  0
|  35|0x0000000707e00000, 0x0000000708000000, 0x0000000708000000|100%|HC|  |TAMS 0x0000000707e00000| PB 0x0000000707e00000| Complete |  0
|  36|0x0000000708000000, 0x0000000708200000, 0x0000000708200000|100%|HC|  |TAMS 0x0000000708000000| PB 0x0000000708000000| Complete |  0
|  37|0x0000000708200000, 0x0000000708400000, 0x0000000708400000|100%|HC|  |TAMS 0x0000000708200000| PB 0x0000000708200000| Complete |  0
|  38|0x0000000708400000, 0x0000000708600000, 0x0000000708600000|100%|HC|  |TAMS 0x0000000708400000| PB 0x0000000708400000| Complete |  0
|  39|0x0000000708600000, 0x0000000708800000, 0x0000000708800000|100%|HC|  |TAMS 0x0000000708600000| PB 0x0000000708600000| Complete |  0
|  40|0x0000000708800000, 0x0000000708a00000, 0x0000000708a00000|100%|HC|  |TAMS 0x0000000708800000| PB 0x0000000708800000| Complete |  0
|  41|0x0000000708a00000, 0x0000000708c00000, 0x0000000708c00000|100%|HS|  |TAMS 0x0000000708a00000| PB 0x0000000708a00000| Complete |  0
|  42|0x0000000708c00000, 0x0000000708e00000, 0x0000000708e00000|100%|HC|  |TAMS 0x0000000708c00000| PB 0x0000000708c00000| Complete |  0
|  43|0x0000000708e00000, 0x0000000709000000, 0x0000000709000000|100%|HS|  |TAMS 0x0000000708e00000| PB 0x0000000708e00000| Complete |  0
|  44|0x0000000709000000, 0x0000000709200000, 0x0000000709200000|100%|HS|  |TAMS 0x0000000709000000| PB 0x0000000709000000| Complete |  0
|  45|0x0000000709200000, 0x0000000709400000, 0x0000000709400000|100%|HS|  |TAMS 0x0000000709200000| PB 0x0000000709200000| Complete |  0
|  46|0x0000000709400000, 0x0000000709600000, 0x0000000709600000|100%|HS|  |TAMS 0x0000000709400000| PB 0x0000000709400000| Complete |  0
|  47|0x0000000709600000, 0x0000000709800000, 0x0000000709800000|100%|HC|  |TAMS 0x0000000709600000| PB 0x0000000709600000| Complete |  0
|  48|0x0000000709800000, 0x0000000709a00000, 0x0000000709a00000|100%|HS|  |TAMS 0x0000000709800000| PB 0x0000000709800000| Complete |  0
|  49|0x0000000709a00000, 0x0000000709c00000, 0x0000000709c00000|100%|HC|  |TAMS 0x0000000709a00000| PB 0x0000000709a00000| Complete |  0
|  50|0x0000000709c00000, 0x0000000709e00000, 0x0000000709e00000|100%|HC|  |TAMS 0x0000000709c00000| PB 0x0000000709c00000| Complete |  0
|  51|0x0000000709e00000, 0x000000070a000000, 0x000000070a000000|100%|HC|  |TAMS 0x0000000709e00000| PB 0x0000000709e00000| Complete |  0
|  52|0x000000070a000000, 0x000000070a200000, 0x000000070a200000|100%|HC|  |TAMS 0x000000070a000000| PB 0x000000070a000000| Complete |  0
|  53|0x000000070a200000, 0x000000070a400000, 0x000000070a400000|100%|HC|  |TAMS 0x000000070a200000| PB 0x000000070a200000| Complete |  0
|  54|0x000000070a400000, 0x000000070a600000, 0x000000070a600000|100%|HC|  |TAMS 0x000000070a400000| PB 0x000000070a400000| Complete |  0
|  55|0x000000070a600000, 0x000000070a800000, 0x000000070a800000|100%|HC|  |TAMS 0x000000070a600000| PB 0x000000070a600000| Complete |  0
|  56|0x000000070a800000, 0x000000070aa00000, 0x000000070aa00000|100%|HS|  |TAMS 0x000000070a800000| PB 0x000000070a800000| Complete |  0
|  57|0x000000070aa00000, 0x000000070ac00000, 0x000000070ac00000|100%|HC|  |TAMS 0x000000070aa00000| PB 0x000000070aa00000| Complete |  0
|  58|0x000000070ac00000, 0x000000070ae00000, 0x000000070ae00000|100%|HC|  |TAMS 0x000000070ac00000| PB 0x000000070ac00000| Complete |  0
|  59|0x000000070ae00000, 0x000000070b000000, 0x000000070b000000|100%|HS|  |TAMS 0x000000070ae00000| PB 0x000000070ae00000| Complete |  0
|  60|0x000000070b000000, 0x000000070b200000, 0x000000070b200000|100%|HC|  |TAMS 0x000000070b000000| PB 0x000000070b000000| Complete |  0
|  61|0x000000070b200000, 0x000000070b400000, 0x000000070b400000|100%|HS|  |TAMS 0x000000070b200000| PB 0x000000070b200000| Complete |  0
|  62|0x000000070b400000, 0x000000070b600000, 0x000000070b600000|100%|HC|  |TAMS 0x000000070b400000| PB 0x000000070b400000| Complete |  0
|  63|0x000000070b600000, 0x000000070b800000, 0x000000070b800000|100%|HC|  |TAMS 0x000000070b600000| PB 0x000000070b600000| Complete |  0
|  64|0x000000070b800000, 0x000000070ba00000, 0x000000070ba00000|100%|HS|  |TAMS 0x000000070b800000| PB 0x000000070b800000| Complete |  0
|  65|0x000000070ba00000, 0x000000070bc00000, 0x000000070bc00000|100%|HC|  |TAMS 0x000000070ba00000| PB 0x000000070ba00000| Complete |  0
|  66|0x000000070bc00000, 0x000000070be00000, 0x000000070be00000|100%|HS|  |TAMS 0x000000070bc00000| PB 0x000000070bc00000| Complete |  0
|  67|0x000000070be00000, 0x000000070c000000, 0x000000070c000000|100%| O|Cr|TAMS 0x000000070be00000| PB 0x000000070be00000| Complete |  0
|  68|0x000000070c000000, 0x000000070c200000, 0x000000070c200000|100%|HS|  |TAMS 0x000000070c000000| PB 0x000000070c000000| Complete |  0
|  69|0x000000070c200000, 0x000000070c400000, 0x000000070c400000|100%|HC|  |TAMS 0x000000070c200000| PB 0x000000070c200000| Complete |  0
|  70|0x000000070c400000, 0x000000070c600000, 0x000000070c600000|100%|HC|  |TAMS 0x000000070c400000| PB 0x000000070c400000| Complete |  0
|  71|0x000000070c600000, 0x000000070c800000, 0x000000070c800000|100%|HC|  |TAMS 0x000000070c600000| PB 0x000000070c600000| Complete |  0
|  72|0x000000070c800000, 0x000000070ca00000, 0x000000070ca00000|100%|HC|  |TAMS 0x000000070c800000| PB 0x000000070c800000| Complete |  0
|  73|0x000000070ca00000, 0x000000070cc00000, 0x000000070cc00000|100%|HC|  |TAMS 0x000000070ca00000| PB 0x000000070ca00000| Complete |  0
|  74|0x000000070cc00000, 0x000000070ce00000, 0x000000070ce00000|100%|HC|  |TAMS 0x000000070cc00000| PB 0x000000070cc00000| Complete |  0
|  75|0x000000070ce00000, 0x000000070d000000, 0x000000070d000000|100%|HC|  |TAMS 0x000000070ce00000| PB 0x000000070ce00000| Complete |  0
|  76|0x000000070d000000, 0x000000070d200000, 0x000000070d200000|100%|HS|  |TAMS 0x000000070d000000| PB 0x000000070d000000| Complete |  0
|  77|0x000000070d200000, 0x000000070d400000, 0x000000070d400000|100%|HC|  |TAMS 0x000000070d200000| PB 0x000000070d200000| Complete |  0
|  78|0x000000070d400000, 0x000000070d600000, 0x000000070d600000|100%|HC|  |TAMS 0x000000070d400000| PB 0x000000070d400000| Complete |  0
|  79|0x000000070d600000, 0x000000070d800000, 0x000000070d800000|100%|HS|  |TAMS 0x000000070d600000| PB 0x000000070d600000| Complete |  0
|  80|0x000000070d800000, 0x000000070da00000, 0x000000070da00000|100%|HC|  |TAMS 0x000000070d800000| PB 0x000000070d800000| Complete |  0
|  81|0x000000070da00000, 0x000000070dc00000, 0x000000070dc00000|100%|HC|  |TAMS 0x000000070da00000| PB 0x000000070da00000| Complete |  0
|  82|0x000000070dc00000, 0x000000070de00000, 0x000000070de00000|100%|HS|  |TAMS 0x000000070dc00000| PB 0x000000070dc00000| Complete |  0
|  83|0x000000070de00000, 0x000000070e000000, 0x000000070e000000|100%|HC|  |TAMS 0x000000070de00000| PB 0x000000070de00000| Complete |  0
|  84|0x000000070e000000, 0x000000070e200000, 0x000000070e200000|100%|HC|  |TAMS 0x000000070e000000| PB 0x000000070e000000| Complete |  0
|  85|0x000000070e200000, 0x000000070e400000, 0x000000070e400000|100%|HC|  |TAMS 0x000000070e200000| PB 0x000000070e200000| Complete |  0
|  86|0x000000070e400000, 0x000000070e600000, 0x000000070e600000|100%|HC|  |TAMS 0x000000070e400000| PB 0x000000070e400000| Complete |  0
|  87|0x000000070e600000, 0x000000070e800000, 0x000000070e800000|100%|HS|  |TAMS 0x000000070e600000| PB 0x000000070e600000| Complete |  0
|  88|0x000000070e800000, 0x000000070ea00000, 0x000000070ea00000|100%|HC|  |TAMS 0x000000070e800000| PB 0x000000070e800000| Complete |  0
|  89|0x000000070ea00000, 0x000000070ec00000, 0x000000070ec00000|100%|HC|  |TAMS 0x000000070ea00000| PB 0x000000070ea00000| Complete |  0
|  90|0x000000070ec00000, 0x000000070ee00000, 0x000000070ee00000|100%|HC|  |TAMS 0x000000070ec00000| PB 0x000000070ec00000| Complete |  0
|  91|0x000000070ee00000, 0x000000070f000000, 0x000000070f000000|100%|HC|  |TAMS 0x000000070ee00000| PB 0x000000070ee00000| Complete |  0
|  92|0x000000070f000000, 0x000000070f200000, 0x000000070f200000|100%|HC|  |TAMS 0x000000070f000000| PB 0x000000070f000000| Complete |  0
|  93|0x000000070f200000, 0x000000070f400000, 0x000000070f400000|100%|HC|  |TAMS 0x000000070f200000| PB 0x000000070f200000| Complete |  0
|  94|0x000000070f400000, 0x000000070f600000, 0x000000070f600000|100%|HC|  |TAMS 0x000000070f400000| PB 0x000000070f400000| Complete |  0
|  95|0x000000070f600000, 0x000000070f800000, 0x000000070f800000|100%|HC|  |TAMS 0x000000070f600000| PB 0x000000070f600000| Complete |  0
|  96|0x000000070f800000, 0x000000070fa00000, 0x000000070fa00000|100%|HS|  |TAMS 0x000000070f800000| PB 0x000000070f800000| Complete |  0
|  97|0x000000070fa00000, 0x000000070fc00000, 0x000000070fc00000|100%|HC|  |TAMS 0x000000070fa00000| PB 0x000000070fa00000| Complete |  0
|  98|0x000000070fc00000, 0x000000070fe00000, 0x000000070fe00000|100%|HS|  |TAMS 0x000000070fc00000| PB 0x000000070fc00000| Complete |  0
|  99|0x000000070fe00000, 0x000000070fe00000, 0x0000000710000000|  0%| F|  |TAMS 0x000000070fe00000| PB 0x000000070fe00000| Untracked |  0
| 100|0x0000000710000000, 0x0000000710000000, 0x0000000710200000|  0%| F|  |TAMS 0x0000000710000000| PB 0x0000000710000000| Untracked |  0
| 101|0x0000000710200000, 0x0000000710200000, 0x0000000710400000|  0%| F|  |TAMS 0x0000000710200000| PB 0x0000000710200000| Untracked |  0
| 102|0x0000000710400000, 0x0000000710600000, 0x0000000710600000|100%|HS|  |TAMS 0x0000000710400000| PB 0x0000000710400000| Complete |  0
| 103|0x0000000710600000, 0x0000000710800000, 0x0000000710800000|100%|HC|  |TAMS 0x0000000710600000| PB 0x0000000710600000| Complete |  0
| 104|0x0000000710800000, 0x0000000710a00000, 0x0000000710a00000|100%|HS|  |TAMS 0x0000000710800000| PB 0x0000000710800000| Complete |  0
| 105|0x0000000710a00000, 0x0000000710c00000, 0x0000000710c00000|100%|HC|  |TAMS 0x0000000710a00000| PB 0x0000000710a00000| Complete |  0
| 106|0x0000000710c00000, 0x0000000710e00000, 0x0000000710e00000|100%|HC|  |TAMS 0x0000000710c00000| PB 0x0000000710c00000| Complete |  0
| 107|0x0000000710e00000, 0x0000000711000000, 0x0000000711000000|100%|HC|  |TAMS 0x0000000710e00000| PB 0x0000000710e00000| Complete |  0
| 108|0x0000000711000000, 0x0000000711200000, 0x0000000711200000|100%|HC|  |TAMS 0x0000000711000000| PB 0x0000000711000000| Complete |  0
| 109|0x0000000711200000, 0x0000000711400000, 0x0000000711400000|100%|HC|  |TAMS 0x0000000711200000| PB 0x0000000711200000| Complete |  0
| 110|0x0000000711400000, 0x0000000711600000, 0x0000000711600000|100%|HC|  |TAMS 0x0000000711400000| PB 0x0000000711400000| Complete |  0
| 111|0x0000000711600000, 0x0000000711800000, 0x0000000711800000|100%|HC|  |TAMS 0x0000000711600000| PB 0x0000000711600000| Complete |  0
| 112|0x0000000711800000, 0x0000000711800000, 0x0000000711a00000|  0%| F|  |TAMS 0x0000000711800000| PB 0x0000000711800000| Untracked |  0
| 113|0x0000000711a00000, 0x0000000711a00000, 0x0000000711c00000|  0%| F|  |TAMS 0x0000000711a00000| PB 0x0000000711a00000| Untracked |  0
| 114|0x0000000711c00000, 0x0000000711c00000, 0x0000000711e00000|  0%| F|  |TAMS 0x0000000711c00000| PB 0x0000000711c00000| Untracked |  0
| 115|0x0000000711e00000, 0x0000000711e00000, 0x0000000712000000|  0%| F|  |TAMS 0x0000000711e00000| PB 0x0000000711e00000| Untracked |  0
| 116|0x0000000712000000, 0x0000000712000000, 0x0000000712200000|  0%| F|  |TAMS 0x0000000712000000| PB 0x0000000712000000| Untracked |  0
| 117|0x0000000712200000, 0x0000000712200000, 0x0000000712400000|  0%| F|  |TAMS 0x0000000712200000| PB 0x0000000712200000| Untracked |  0
| 118|0x0000000712400000, 0x0000000712400000, 0x0000000712600000|  0%| F|  |TAMS 0x0000000712400000| PB 0x0000000712400000| Untracked |  0
| 119|0x0000000712600000, 0x0000000712600000, 0x0000000712800000|  0%| F|  |TAMS 0x0000000712600000| PB 0x0000000712600000| Untracked |  0
| 120|0x0000000712800000, 0x0000000712800000, 0x0000000712a00000|  0%| F|  |TAMS 0x0000000712800000| PB 0x0000000712800000| Untracked |  0
| 121|0x0000000712a00000, 0x0000000712a00000, 0x0000000712c00000|  0%| F|  |TAMS 0x0000000712a00000| PB 0x0000000712a00000| Untracked |  0
| 122|0x0000000712c00000, 0x0000000712c00000, 0x0000000712e00000|  0%| F|  |TAMS 0x0000000712c00000| PB 0x0000000712c00000| Untracked |  0
| 123|0x0000000712e00000, 0x0000000712e00000, 0x0000000713000000|  0%| F|  |TAMS 0x0000000712e00000| PB 0x0000000712e00000| Untracked |  0
| 124|0x0000000713000000, 0x0000000713000000, 0x0000000713200000|  0%| F|  |TAMS 0x0000000713000000| PB 0x0000000713000000| Untracked |  0
| 125|0x0000000713200000, 0x0000000713200000, 0x0000000713400000|  0%| F|  |TAMS 0x0000000713200000| PB 0x0000000713200000| Untracked |  0
| 126|0x0000000713400000, 0x0000000713400000, 0x0000000713600000|  0%| F|  |TAMS 0x0000000713400000| PB 0x0000000713400000| Untracked |  0
| 127|0x0000000713600000, 0x0000000713800000, 0x0000000713800000|100%|HS|  |TAMS 0x0000000713600000| PB 0x0000000713600000| Complete |  0
| 128|0x0000000713800000, 0x0000000713a00000, 0x0000000713a00000|100%|HC|  |TAMS 0x0000000713800000| PB 0x0000000713800000| Complete |  0
| 129|0x0000000713a00000, 0x0000000713c00000, 0x0000000713c00000|100%|HC|  |TAMS 0x0000000713a00000| PB 0x0000000713a00000| Complete |  0
| 130|0x0000000713c00000, 0x0000000713e00000, 0x0000000713e00000|100%|HC|  |TAMS 0x0000000713c00000| PB 0x0000000713c00000| Complete |  0
| 131|0x0000000713e00000, 0x0000000714000000, 0x0000000714000000|100%|HC|  |TAMS 0x0000000713e00000| PB 0x0000000713e00000| Complete |  0
| 132|0x0000000714000000, 0x0000000714200000, 0x0000000714200000|100%|HC|  |TAMS 0x0000000714000000| PB 0x0000000714000000| Complete |  0
| 133|0x0000000714200000, 0x0000000714400000, 0x0000000714400000|100%|HC|  |TAMS 0x0000000714200000| PB 0x0000000714200000| Complete |  0
| 134|0x0000000714400000, 0x0000000714600000, 0x0000000714600000|100%|HC|  |TAMS 0x0000000714400000| PB 0x0000000714400000| Complete |  0
| 135|0x0000000714600000, 0x0000000714800000, 0x0000000714800000|100%|HC|  |TAMS 0x0000000714600000| PB 0x0000000714600000| Complete |  0
| 136|0x0000000714800000, 0x0000000714a00000, 0x0000000714a00000|100%|HC|  |TAMS 0x0000000714800000| PB 0x0000000714800000| Complete |  0
| 137|0x0000000714a00000, 0x0000000714c00000, 0x0000000714c00000|100%|HC|  |TAMS 0x0000000714a00000| PB 0x0000000714a00000| Complete |  0
| 138|0x0000000714c00000, 0x0000000714e00000, 0x0000000714e00000|100%|HC|  |TAMS 0x0000000714c00000| PB 0x0000000714c00000| Complete |  0
| 139|0x0000000714e00000, 0x0000000715000000, 0x0000000715000000|100%|HC|  |TAMS 0x0000000714e00000| PB 0x0000000714e00000| Complete |  0
| 140|0x0000000715000000, 0x0000000715200000, 0x0000000715200000|100%|HC|  |TAMS 0x0000000715000000| PB 0x0000000715000000| Complete |  0
| 141|0x0000000715200000, 0x0000000715400000, 0x0000000715400000|100%|HC|  |TAMS 0x0000000715200000| PB 0x0000000715200000| Complete |  0
| 142|0x0000000715400000, 0x0000000715600000, 0x0000000715600000|100%|HC|  |TAMS 0x0000000715400000| PB 0x0000000715400000| Complete |  0
| 143|0x0000000715600000, 0x0000000715800000, 0x0000000715800000|100%|HC|  |TAMS 0x0000000715600000| PB 0x0000000715600000| Complete |  0
| 144|0x0000000715800000, 0x0000000715a00000, 0x0000000715a00000|100%|HC|  |TAMS 0x0000000715800000| PB 0x0000000715800000| Complete |  0
| 145|0x0000000715a00000, 0x0000000715c00000, 0x0000000715c00000|100%|HC|  |TAMS 0x0000000715a00000| PB 0x0000000715a00000| Complete |  0
| 146|0x0000000715c00000, 0x0000000715e00000, 0x0000000715e00000|100%|HC|  |TAMS 0x0000000715c00000| PB 0x0000000715c00000| Complete |  0
| 147|0x0000000715e00000, 0x0000000716000000, 0x0000000716000000|100%|HC|  |TAMS 0x0000000715e00000| PB 0x0000000715e00000| Complete |  0
| 148|0x0000000716000000, 0x0000000716200000, 0x0000000716200000|100%|HC|  |TAMS 0x0000000716000000| PB 0x0000000716000000| Complete |  0
| 149|0x0000000716200000, 0x0000000716400000, 0x0000000716400000|100%|HC|  |TAMS 0x0000000716200000| PB 0x0000000716200000| Complete |  0
| 150|0x0000000716400000, 0x0000000716600000, 0x0000000716600000|100%|HC|  |TAMS 0x0000000716400000| PB 0x0000000716400000| Complete |  0
| 151|0x0000000716600000, 0x0000000716800000, 0x0000000716800000|100%|HC|  |TAMS 0x0000000716600000| PB 0x0000000716600000| Complete |  0
| 152|0x0000000716800000, 0x0000000716a00000, 0x0000000716a00000|100%|HC|  |TAMS 0x0000000716800000| PB 0x0000000716800000| Complete |  0
| 153|0x0000000716a00000, 0x0000000716c00000, 0x0000000716c00000|100%|HC|  |TAMS 0x0000000716a00000| PB 0x0000000716a00000| Complete |  0
| 154|0x0000000716c00000, 0x0000000716e00000, 0x0000000716e00000|100%|HC|  |TAMS 0x0000000716c00000| PB 0x0000000716c00000| Complete |  0
| 155|0x0000000716e00000, 0x0000000717000000, 0x0000000717000000|100%|HC|  |TAMS 0x0000000716e00000| PB 0x0000000716e00000| Complete |  0
| 156|0x0000000717000000, 0x0000000717200000, 0x0000000717200000|100%|HC|  |TAMS 0x0000000717000000| PB 0x0000000717000000| Complete |  0
| 157|0x0000000717200000, 0x0000000717400000, 0x0000000717400000|100%|HC|  |TAMS 0x0000000717200000| PB 0x0000000717200000| Complete |  0
| 158|0x0000000717400000, 0x0000000717600000, 0x0000000717600000|100%|HC|  |TAMS 0x0000000717400000| PB 0x0000000717400000| Complete |  0
| 159|0x0000000717600000, 0x0000000717800000, 0x0000000717800000|100%|HC|  |TAMS 0x0000000717600000| PB 0x0000000717600000| Complete |  0
| 160|0x0000000717800000, 0x0000000717a00000, 0x0000000717a00000|100%|HC|  |TAMS 0x0000000717800000| PB 0x0000000717800000| Complete |  0
| 161|0x0000000717a00000, 0x0000000717c00000, 0x0000000717c00000|100%|HC|  |TAMS 0x0000000717a00000| PB 0x0000000717a00000| Complete |  0
| 162|0x0000000717c00000, 0x0000000717c00000, 0x0000000717e00000|  0%| F|  |TAMS 0x0000000717c00000| PB 0x0000000717c00000| Untracked |  0
| 163|0x0000000717e00000, 0x0000000717e00000, 0x0000000718000000|  0%| F|  |TAMS 0x0000000717e00000| PB 0x0000000717e00000| Untracked |  0
| 164|0x0000000718000000, 0x0000000718000000, 0x0000000718200000|  0%| F|  |TAMS 0x0000000718000000| PB 0x0000000718000000| Untracked |  0
| 165|0x0000000718200000, 0x0000000718200000, 0x0000000718400000|  0%| F|  |TAMS 0x0000000718200000| PB 0x0000000718200000| Untracked |  0
| 166|0x0000000718400000, 0x0000000718400000, 0x0000000718600000|  0%| F|  |TAMS 0x0000000718400000| PB 0x0000000718400000| Untracked |  0
| 167|0x0000000718600000, 0x0000000718600000, 0x0000000718800000|  0%| F|  |TAMS 0x0000000718600000| PB 0x0000000718600000| Untracked |  0
| 168|0x0000000718800000, 0x0000000718800000, 0x0000000718a00000|  0%| F|  |TAMS 0x0000000718800000| PB 0x0000000718800000| Untracked |  0
| 169|0x0000000718a00000, 0x0000000718a00000, 0x0000000718c00000|  0%| F|  |TAMS 0x0000000718a00000| PB 0x0000000718a00000| Untracked |  0
| 170|0x0000000718c00000, 0x0000000718c00000, 0x0000000718e00000|  0%| F|  |TAMS 0x0000000718c00000| PB 0x0000000718c00000| Untracked |  0
| 171|0x0000000718e00000, 0x0000000718e00000, 0x0000000719000000|  0%| F|  |TAMS 0x0000000718e00000| PB 0x0000000718e00000| Untracked |  0
| 172|0x0000000719000000, 0x0000000719000000, 0x0000000719200000|  0%| F|  |TAMS 0x0000000719000000| PB 0x0000000719000000| Untracked |  0
| 173|0x0000000719200000, 0x0000000719200000, 0x0000000719400000|  0%| F|  |TAMS 0x0000000719200000| PB 0x0000000719200000| Untracked |  0
| 174|0x0000000719400000, 0x0000000719400000, 0x0000000719600000|  0%| F|  |TAMS 0x0000000719400000| PB 0x0000000719400000| Untracked |  0
| 175|0x0000000719600000, 0x0000000719600000, 0x0000000719800000|  0%| F|  |TAMS 0x0000000719600000| PB 0x0000000719600000| Untracked |  0
| 176|0x0000000719800000, 0x0000000719800000, 0x0000000719a00000|  0%| F|  |TAMS 0x0000000719800000| PB 0x0000000719800000| Untracked |  0
| 177|0x0000000719a00000, 0x0000000719a00000, 0x0000000719c00000|  0%| F|  |TAMS 0x0000000719a00000| PB 0x0000000719a00000| Untracked |  0
| 178|0x0000000719c00000, 0x0000000719c00000, 0x0000000719e00000|  0%| F|  |TAMS 0x0000000719c00000| PB 0x0000000719c00000| Untracked |  0
| 179|0x0000000719e00000, 0x0000000719e00000, 0x000000071a000000|  0%| F|  |TAMS 0x0000000719e00000| PB 0x0000000719e00000| Untracked |  0
| 180|0x000000071a000000, 0x000000071a000000, 0x000000071a200000|  0%| F|  |TAMS 0x000000071a000000| PB 0x000000071a000000| Untracked |  0
| 181|0x000000071a200000, 0x000000071a200000, 0x000000071a400000|  0%| F|  |TAMS 0x000000071a200000| PB 0x000000071a200000| Untracked |  0
| 182|0x000000071a400000, 0x000000071a400000, 0x000000071a600000|  0%| F|  |TAMS 0x000000071a400000| PB 0x000000071a400000| Untracked |  0
| 183|0x000000071a600000, 0x000000071a600000, 0x000000071a800000|  0%| F|  |TAMS 0x000000071a600000| PB 0x000000071a600000| Untracked |  0
| 184|0x000000071a800000, 0x000000071a800000, 0x000000071aa00000|  0%| F|  |TAMS 0x000000071a800000| PB 0x000000071a800000| Untracked |  0
| 185|0x000000071aa00000, 0x000000071aa00000, 0x000000071ac00000|  0%| F|  |TAMS 0x000000071aa00000| PB 0x000000071aa00000| Untracked |  0
| 186|0x000000071ac00000, 0x000000071ac00000, 0x000000071ae00000|  0%| F|  |TAMS 0x000000071ac00000| PB 0x000000071ac00000| Untracked |  0
| 187|0x000000071ae00000, 0x000000071ae00000, 0x000000071b000000|  0%| F|  |TAMS 0x000000071ae00000| PB 0x000000071ae00000| Untracked |  0
| 188|0x000000071b000000, 0x000000071b100000, 0x000000071b200000| 50%| E|  |TAMS 0x000000071b000000| PB 0x000000071b000000| Complete |  0
| 189|0x000000071b200000, 0x000000071b400000, 0x000000071b400000|100%| E|CS|TAMS 0x000000071b200000| PB 0x000000071b200000| Complete |  1
| 190|0x000000071b400000, 0x000000071b600000, 0x000000071b600000|100%| E|CS|TAMS 0x000000071b400000| PB 0x000000071b400000| Complete |  0
| 191|0x000000071b600000, 0x000000071b800000, 0x000000071b800000|100%| E|  |TAMS 0x000000071b600000| PB 0x000000071b600000| Complete |  0
| 192|0x000000071b800000, 0x000000071ba00000, 0x000000071ba00000|100%| E|CS|TAMS 0x000000071b800000| PB 0x000000071b800000| Complete |  0
| 193|0x000000071ba00000, 0x000000071bc00000, 0x000000071bc00000|100%| E|CS|TAMS 0x000000071ba00000| PB 0x000000071ba00000| Complete |  0
| 194|0x000000071bc00000, 0x000000071be00000, 0x000000071be00000|100%| E|CS|TAMS 0x000000071bc00000| PB 0x000000071bc00000| Complete |  0
| 195|0x000000071be00000, 0x000000071c000000, 0x000000071c000000|100%| E|CS|TAMS 0x000000071be00000| PB 0x000000071be00000| Complete |  0
| 196|0x000000071c000000, 0x000000071c200000, 0x000000071c200000|100%| E|CS|TAMS 0x000000071c000000| PB 0x000000071c000000| Complete |  0
| 197|0x000000071c200000, 0x000000071c400000, 0x000000071c400000|100%| E|CS|TAMS 0x000000071c200000| PB 0x000000071c200000| Complete |  0
| 198|0x000000071c400000, 0x000000071c600000, 0x000000071c600000|100%|HS|  |TAMS 0x000000071c400000| PB 0x000000071c400000| Complete |  0
| 199|0x000000071c600000, 0x000000071c800000, 0x000000071c800000|100%|HC|  |TAMS 0x000000071c600000| PB 0x000000071c600000| Complete |  0
| 200|0x000000071c800000, 0x000000071ca00000, 0x000000071ca00000|100%|HC|  |TAMS 0x000000071c800000| PB 0x000000071c800000| Complete |  0
| 201|0x000000071ca00000, 0x000000071cc00000, 0x000000071cc00000|100%|HC|  |TAMS 0x000000071ca00000| PB 0x000000071ca00000| Complete |  0
| 202|0x000000071cc00000, 0x000000071ce00000, 0x000000071ce00000|100%|HC|  |TAMS 0x000000071cc00000| PB 0x000000071cc00000| Complete |  0
| 203|0x000000071ce00000, 0x000000071d000000, 0x000000071d000000|100%|HC|  |TAMS 0x000000071ce00000| PB 0x000000071ce00000| Complete |  0
| 204|0x000000071d000000, 0x000000071d200000, 0x000000071d200000|100%|HC|  |TAMS 0x000000071d000000| PB 0x000000071d000000| Complete |  0
| 205|0x000000071d200000, 0x000000071d400000, 0x000000071d400000|100%|HC|  |TAMS 0x000000071d200000| PB 0x000000071d200000| Complete |  0
| 206|0x000000071d400000, 0x000000071d600000, 0x000000071d600000|100%|HC|  |TAMS 0x000000071d400000| PB 0x000000071d400000| Complete |  0
| 207|0x000000071d600000, 0x000000071d800000, 0x000000071d800000|100%|HC|  |TAMS 0x000000071d600000| PB 0x000000071d600000| Complete |  0
| 208|0x000000071d800000, 0x000000071da00000, 0x000000071da00000|100%|HC|  |TAMS 0x000000071d800000| PB 0x000000071d800000| Complete |  0
| 209|0x000000071da00000, 0x000000071dc00000, 0x000000071dc00000|100%|HC|  |TAMS 0x000000071da00000| PB 0x000000071da00000| Complete |  0
| 210|0x000000071dc00000, 0x000000071de00000, 0x000000071de00000|100%|HC|  |TAMS 0x000000071dc00000| PB 0x000000071dc00000| Complete |  0
| 211|0x000000071de00000, 0x000000071e000000, 0x000000071e000000|100%|HC|  |TAMS 0x000000071de00000| PB 0x000000071de00000| Complete |  0
| 212|0x000000071e000000, 0x000000071e200000, 0x000000071e200000|100%|HC|  |TAMS 0x000000071e000000| PB 0x000000071e000000| Complete |  0
| 213|0x000000071e200000, 0x000000071e400000, 0x000000071e400000|100%|HC|  |TAMS 0x000000071e200000| PB 0x000000071e200000| Complete |  0
| 214|0x000000071e400000, 0x000000071e600000, 0x000000071e600000|100%|HC|  |TAMS 0x000000071e400000| PB 0x000000071e400000| Complete |  0
| 215|0x000000071e600000, 0x000000071e800000, 0x000000071e800000|100%|HC|  |TAMS 0x000000071e600000| PB 0x000000071e600000| Complete |  0
| 216|0x000000071e800000, 0x000000071ea00000, 0x000000071ea00000|100%|HC|  |TAMS 0x000000071e800000| PB 0x000000071e800000| Complete |  0
| 217|0x000000071ea00000, 0x000000071ec00000, 0x000000071ec00000|100%|HC|  |TAMS 0x000000071ea00000| PB 0x000000071ea00000| Complete |  0
| 218|0x000000071ec00000, 0x000000071ee00000, 0x000000071ee00000|100%|HC|  |TAMS 0x000000071ec00000| PB 0x000000071ec00000| Complete |  0
| 219|0x000000071ee00000, 0x000000071f000000, 0x000000071f000000|100%|HC|  |TAMS 0x000000071ee00000| PB 0x000000071ee00000| Complete |  0
| 220|0x000000071f000000, 0x000000071f200000, 0x000000071f200000|100%|HC|  |TAMS 0x000000071f000000| PB 0x000000071f000000| Complete |  0
| 221|0x000000071f200000, 0x000000071f400000, 0x000000071f400000|100%|HC|  |TAMS 0x000000071f200000| PB 0x000000071f200000| Complete |  0
| 222|0x000000071f400000, 0x000000071f600000, 0x000000071f600000|100%|HC|  |TAMS 0x000000071f400000| PB 0x000000071f400000| Complete |  0
| 223|0x000000071f600000, 0x000000071f800000, 0x000000071f800000|100%|HC|  |TAMS 0x000000071f600000| PB 0x000000071f600000| Complete |  0
| 224|0x000000071f800000, 0x000000071fa00000, 0x000000071fa00000|100%|HC|  |TAMS 0x000000071f800000| PB 0x000000071f800000| Complete |  0
| 225|0x000000071fa00000, 0x000000071fc00000, 0x000000071fc00000|100%|HC|  |TAMS 0x000000071fa00000| PB 0x000000071fa00000| Complete |  0
| 226|0x000000071fc00000, 0x000000071fe00000, 0x000000071fe00000|100%|HC|  |TAMS 0x000000071fc00000| PB 0x000000071fc00000| Complete |  0
| 227|0x000000071fe00000, 0x0000000720000000, 0x0000000720000000|100%|HC|  |TAMS 0x000000071fe00000| PB 0x000000071fe00000| Complete |  0
| 228|0x0000000720000000, 0x0000000720200000, 0x0000000720200000|100%|HC|  |TAMS 0x0000000720000000| PB 0x0000000720000000| Complete |  0
| 229|0x0000000720200000, 0x0000000720400000, 0x0000000720400000|100%|HC|  |TAMS 0x0000000720200000| PB 0x0000000720200000| Complete |  0
| 230|0x0000000720400000, 0x0000000720600000, 0x0000000720600000|100%|HC|  |TAMS 0x0000000720400000| PB 0x0000000720400000| Complete |  0
| 231|0x0000000720600000, 0x0000000720800000, 0x0000000720800000|100%|HC|  |TAMS 0x0000000720600000| PB 0x0000000720600000| Complete |  0
| 232|0x0000000720800000, 0x0000000720a00000, 0x0000000720a00000|100%|HC|  |TAMS 0x0000000720800000| PB 0x0000000720800000| Complete |  0
| 233|0x0000000720a00000, 0x0000000720c00000, 0x0000000720c00000|100%|HS|  |TAMS 0x0000000720a00000| PB 0x0000000720a00000| Complete |  0
| 234|0x0000000720c00000, 0x0000000720e00000, 0x0000000720e00000|100%|HC|  |TAMS 0x0000000720c00000| PB 0x0000000720c00000| Complete |  0
| 235|0x0000000720e00000, 0x0000000721000000, 0x0000000721000000|100%|HS|  |TAMS 0x0000000720e00000| PB 0x0000000720e00000| Complete |  0
| 236|0x0000000721000000, 0x0000000721200000, 0x0000000721200000|100%|HC|  |TAMS 0x0000000721000000| PB 0x0000000721000000| Complete |  0
| 237|0x0000000721200000, 0x0000000721400000, 0x0000000721400000|100%|HC|  |TAMS 0x0000000721200000| PB 0x0000000721200000| Complete |  0
| 238|0x0000000721400000, 0x0000000721600000, 0x0000000721600000|100%|HC|  |TAMS 0x0000000721400000| PB 0x0000000721400000| Complete |  0
| 239|0x0000000721600000, 0x0000000721800000, 0x0000000721800000|100%|HC|  |TAMS 0x0000000721600000| PB 0x0000000721600000| Complete |  0
| 240|0x0000000721800000, 0x0000000721a00000, 0x0000000721a00000|100%|HC|  |TAMS 0x0000000721800000| PB 0x0000000721800000| Complete |  0
| 241|0x0000000721a00000, 0x0000000721c00000, 0x0000000721c00000|100%|HC|  |TAMS 0x0000000721a00000| PB 0x0000000721a00000| Complete |  0
| 242|0x0000000721c00000, 0x0000000721e00000, 0x0000000721e00000|100%|HC|  |TAMS 0x0000000721c00000| PB 0x0000000721c00000| Complete |  0
| 243|0x0000000721e00000, 0x0000000722000000, 0x0000000722000000|100%|HS|  |TAMS 0x0000000721e00000| PB 0x0000000721e00000| Complete |  0
| 244|0x0000000722000000, 0x0000000722200000, 0x0000000722200000|100%|HC|  |TAMS 0x0000000722000000| PB 0x0000000722000000| Complete |  0
| 245|0x0000000722200000, 0x0000000722400000, 0x0000000722400000|100%|HC|  |TAMS 0x0000000722200000| PB 0x0000000722200000| Complete |  0
| 246|0x0000000722400000, 0x0000000722600000, 0x0000000722600000|100%|HC|  |TAMS 0x0000000722400000| PB 0x0000000722400000| Complete |  0
| 247|0x0000000722600000, 0x0000000722800000, 0x0000000722800000|100%|HC|  |TAMS 0x0000000722600000| PB 0x0000000722600000| Complete |  0
| 248|0x0000000722800000, 0x0000000722a00000, 0x0000000722a00000|100%|HC|  |TAMS 0x0000000722800000| PB 0x0000000722800000| Complete |  0
| 249|0x0000000722a00000, 0x0000000722c00000, 0x0000000722c00000|100%|HC|  |TAMS 0x0000000722a00000| PB 0x0000000722a00000| Complete |  0
| 250|0x0000000722c00000, 0x0000000722e00000, 0x0000000722e00000|100%|HC|  |TAMS 0x0000000722c00000| PB 0x0000000722c00000| Complete |  0
| 251|0x0000000722e00000, 0x0000000723000000, 0x0000000723000000|100%|HC|  |TAMS 0x0000000722e00000| PB 0x0000000722e00000| Complete |  0
| 252|0x0000000723000000, 0x0000000723200000, 0x0000000723200000|100%|HC|  |TAMS 0x0000000723000000| PB 0x0000000723000000| Complete |  0
| 253|0x0000000723200000, 0x0000000723400000, 0x0000000723400000|100%|HC|  |TAMS 0x0000000723200000| PB 0x0000000723200000| Complete |  0
| 254|0x0000000723400000, 0x0000000723600000, 0x0000000723600000|100%|HC|  |TAMS 0x0000000723400000| PB 0x0000000723400000| Complete |  0
| 255|0x0000000723600000, 0x0000000723800000, 0x0000000723800000|100%|HC|  |TAMS 0x0000000723600000| PB 0x0000000723600000| Complete |  0
| 256|0x0000000723800000, 0x0000000723a00000, 0x0000000723a00000|100%|HC|  |TAMS 0x0000000723800000| PB 0x0000000723800000| Complete |  0
| 257|0x0000000723a00000, 0x0000000723c00000, 0x0000000723c00000|100%|HC|  |TAMS 0x0000000723a00000| PB 0x0000000723a00000| Complete |  0
| 258|0x0000000723c00000, 0x0000000723e00000, 0x0000000723e00000|100%|HC|  |TAMS 0x0000000723c00000| PB 0x0000000723c00000| Complete |  0
| 259|0x0000000723e00000, 0x0000000724000000, 0x0000000724000000|100%|HC|  |TAMS 0x0000000723e00000| PB 0x0000000723e00000| Complete |  0
| 260|0x0000000724000000, 0x0000000724200000, 0x0000000724200000|100%|HC|  |TAMS 0x0000000724000000| PB 0x0000000724000000| Complete |  0
| 261|0x0000000724200000, 0x0000000724400000, 0x0000000724400000|100%|HC|  |TAMS 0x0000000724200000| PB 0x0000000724200000| Complete |  0
| 262|0x0000000724400000, 0x0000000724600000, 0x0000000724600000|100%|HC|  |TAMS 0x0000000724400000| PB 0x0000000724400000| Complete |  0
| 263|0x0000000724600000, 0x0000000724800000, 0x0000000724800000|100%|HC|  |TAMS 0x0000000724600000| PB 0x0000000724600000| Complete |  0
| 264|0x0000000724800000, 0x0000000724a00000, 0x0000000724a00000|100%|HC|  |TAMS 0x0000000724800000| PB 0x0000000724800000| Complete |  0
| 265|0x0000000724a00000, 0x0000000724c00000, 0x0000000724c00000|100%|HC|  |TAMS 0x0000000724a00000| PB 0x0000000724a00000| Complete |  0
| 266|0x0000000724c00000, 0x0000000724e00000, 0x0000000724e00000|100%|HC|  |TAMS 0x0000000724c00000| PB 0x0000000724c00000| Complete |  0
| 267|0x0000000724e00000, 0x0000000725000000, 0x0000000725000000|100%|HC|  |TAMS 0x0000000724e00000| PB 0x0000000724e00000| Complete |  0
| 268|0x0000000725000000, 0x0000000725200000, 0x0000000725200000|100%|HC|  |TAMS 0x0000000725000000| PB 0x0000000725000000| Complete |  0
| 269|0x0000000725200000, 0x0000000725400000, 0x0000000725400000|100%|HC|  |TAMS 0x0000000725200000| PB 0x0000000725200000| Complete |  0
| 270|0x0000000725400000, 0x0000000725600000, 0x0000000725600000|100%|HC|  |TAMS 0x0000000725400000| PB 0x0000000725400000| Complete |  0
| 271|0x0000000725600000, 0x0000000725800000, 0x0000000725800000|100%|HC|  |TAMS 0x0000000725600000| PB 0x0000000725600000| Complete |  0
| 272|0x0000000725800000, 0x0000000725a00000, 0x0000000725a00000|100%|HC|  |TAMS 0x0000000725800000| PB 0x0000000725800000| Complete |  0
| 273|0x0000000725a00000, 0x0000000725c00000, 0x0000000725c00000|100%|HC|  |TAMS 0x0000000725a00000| PB 0x0000000725a00000| Complete |  0
| 274|0x0000000725c00000, 0x0000000725e00000, 0x0000000725e00000|100%|HC|  |TAMS 0x0000000725c00000| PB 0x0000000725c00000| Complete |  0
| 275|0x0000000725e00000, 0x0000000726000000, 0x0000000726000000|100%|HC|  |TAMS 0x0000000725e00000| PB 0x0000000725e00000| Complete |  0
| 276|0x0000000726000000, 0x0000000726200000, 0x0000000726200000|100%|HC|  |TAMS 0x0000000726000000| PB 0x0000000726000000| Complete |  0
| 277|0x0000000726200000, 0x0000000726400000, 0x0000000726400000|100%|HC|  |TAMS 0x0000000726200000| PB 0x0000000726200000| Complete |  0
| 278|0x0000000726400000, 0x0000000726600000, 0x0000000726600000|100%|HS|  |TAMS 0x0000000726400000| PB 0x0000000726400000| Complete |  0
| 279|0x0000000726600000, 0x0000000726800000, 0x0000000726800000|100%|HC|  |TAMS 0x0000000726600000| PB 0x0000000726600000| Complete |  0
| 280|0x0000000726800000, 0x0000000726a00000, 0x0000000726a00000|100%|HC|  |TAMS 0x0000000726800000| PB 0x0000000726800000| Complete |  0
| 281|0x0000000726a00000, 0x0000000726c00000, 0x0000000726c00000|100%| S|CS|TAMS 0x0000000726a00000| PB 0x0000000726a00000| Complete |  0
| 282|0x0000000726c00000, 0x0000000726e00000, 0x0000000726e00000|100%| S|CS|TAMS 0x0000000726c00000| PB 0x0000000726c00000| Complete |  0
| 283|0x0000000726e00000, 0x0000000727000000, 0x0000000727000000|100%| S|CS|TAMS 0x0000000726e00000| PB 0x0000000726e00000| Complete |  0
| 284|0x0000000727000000, 0x0000000727199ce0, 0x0000000727200000| 80%| S|CS|TAMS 0x0000000727000000| PB 0x0000000727000000| Complete |  0
| 285|0x0000000727200000, 0x0000000727400000, 0x0000000727400000|100%|HS|  |TAMS 0x0000000727200000| PB 0x0000000727200000| Complete |  0
| 286|0x0000000727400000, 0x0000000727600000, 0x0000000727600000|100%|HC|  |TAMS 0x0000000727400000| PB 0x0000000727400000| Complete |  0
| 287|0x0000000727600000, 0x0000000727800000, 0x0000000727800000|100%|HC|  |TAMS 0x0000000727600000| PB 0x0000000727600000| Complete |  0
| 288|0x0000000727800000, 0x0000000727a00000, 0x0000000727a00000|100%|HC|  |TAMS 0x0000000727800000| PB 0x0000000727800000| Complete |  0
| 289|0x0000000727a00000, 0x0000000727c00000, 0x0000000727c00000|100%|HC|  |TAMS 0x0000000727a00000| PB 0x0000000727a00000| Complete |  0
| 290|0x0000000727c00000, 0x0000000727e00000, 0x0000000727e00000|100%|HC|  |TAMS 0x0000000727c00000| PB 0x0000000727c00000| Complete |  0
| 291|0x0000000727e00000, 0x0000000728000000, 0x0000000728000000|100%|HC|  |TAMS 0x0000000727e00000| PB 0x0000000727e00000| Complete |  0
| 292|0x0000000728000000, 0x0000000728200000, 0x0000000728200000|100%|HC|  |TAMS 0x0000000728000000| PB 0x0000000728000000| Complete |  0
| 293|0x0000000728200000, 0x0000000728400000, 0x0000000728400000|100%|HC|  |TAMS 0x0000000728200000| PB 0x0000000728200000| Complete |  0
| 294|0x0000000728400000, 0x0000000728600000, 0x0000000728600000|100%|HC|  |TAMS 0x0000000728400000| PB 0x0000000728400000| Complete |  0
| 295|0x0000000728600000, 0x0000000728800000, 0x0000000728800000|100%|HC|  |TAMS 0x0000000728600000| PB 0x0000000728600000| Complete |  0
| 296|0x0000000728800000, 0x0000000728a00000, 0x0000000728a00000|100%|HC|  |TAMS 0x0000000728800000| PB 0x0000000728800000| Complete |  0
| 297|0x0000000728a00000, 0x0000000728c00000, 0x0000000728c00000|100%|HC|  |TAMS 0x0000000728a00000| PB 0x0000000728a00000| Complete |  0
| 298|0x0000000728c00000, 0x0000000728e00000, 0x0000000728e00000|100%|HC|  |TAMS 0x0000000728c00000| PB 0x0000000728c00000| Complete |  0
| 299|0x0000000728e00000, 0x0000000729000000, 0x0000000729000000|100%|HC|  |TAMS 0x0000000728e00000| PB 0x0000000728e00000| Complete |  0
| 300|0x0000000729000000, 0x0000000729200000, 0x0000000729200000|100%|HC|  |TAMS 0x0000000729000000| PB 0x0000000729000000| Complete |  0
| 301|0x0000000729200000, 0x0000000729400000, 0x0000000729400000|100%|HC|  |TAMS 0x0000000729200000| PB 0x0000000729200000| Complete |  0
| 302|0x0000000729400000, 0x0000000729600000, 0x0000000729600000|100%|HC|  |TAMS 0x0000000729400000| PB 0x0000000729400000| Complete |  0
| 303|0x0000000729600000, 0x0000000729800000, 0x0000000729800000|100%|HC|  |TAMS 0x0000000729600000| PB 0x0000000729600000| Complete |  0
| 304|0x0000000729800000, 0x0000000729a00000, 0x0000000729a00000|100%|HC|  |TAMS 0x0000000729800000| PB 0x0000000729800000| Complete |  0
| 305|0x0000000729a00000, 0x0000000729c00000, 0x0000000729c00000|100%|HC|  |TAMS 0x0000000729a00000| PB 0x0000000729a00000| Complete |  0
| 306|0x0000000729c00000, 0x0000000729e00000, 0x0000000729e00000|100%|HC|  |TAMS 0x0000000729c00000| PB 0x0000000729c00000| Complete |  0
| 307|0x0000000729e00000, 0x000000072a000000, 0x000000072a000000|100%|HC|  |TAMS 0x0000000729e00000| PB 0x0000000729e00000| Complete |  0
| 308|0x000000072a000000, 0x000000072a200000, 0x000000072a200000|100%|HC|  |TAMS 0x000000072a000000| PB 0x000000072a000000| Complete |  0
| 309|0x000000072a200000, 0x000000072a400000, 0x000000072a400000|100%|HC|  |TAMS 0x000000072a200000| PB 0x000000072a200000| Complete |  0
| 310|0x000000072a400000, 0x000000072a600000, 0x000000072a600000|100%|HC|  |TAMS 0x000000072a400000| PB 0x000000072a400000| Complete |  0
| 311|0x000000072a600000, 0x000000072a800000, 0x000000072a800000|100%|HC|  |TAMS 0x000000072a600000| PB 0x000000072a600000| Complete |  0
| 312|0x000000072a800000, 0x000000072aa00000, 0x000000072aa00000|100%|HC|  |TAMS 0x000000072a800000| PB 0x000000072a800000| Complete |  0
| 313|0x000000072aa00000, 0x000000072ac00000, 0x000000072ac00000|100%|HC|  |TAMS 0x000000072aa00000| PB 0x000000072aa00000| Complete |  0
| 314|0x000000072ac00000, 0x000000072ae00000, 0x000000072ae00000|100%|HC|  |TAMS 0x000000072ac00000| PB 0x000000072ac00000| Complete |  0
| 315|0x000000072ae00000, 0x000000072b000000, 0x000000072b000000|100%|HC|  |TAMS 0x000000072ae00000| PB 0x000000072ae00000| Complete |  0
| 316|0x000000072b000000, 0x000000072b200000, 0x000000072b200000|100%|HC|  |TAMS 0x000000072b000000| PB 0x000000072b000000| Complete |  0
| 317|0x000000072b200000, 0x000000072b400000, 0x000000072b400000|100%|HC|  |TAMS 0x000000072b200000| PB 0x000000072b200000| Complete |  0
| 318|0x000000072b400000, 0x000000072b600000, 0x000000072b600000|100%|HC|  |TAMS 0x000000072b400000| PB 0x000000072b400000| Complete |  0
| 319|0x000000072b600000, 0x000000072b800000, 0x000000072b800000|100%|HC|  |TAMS 0x000000072b600000| PB 0x000000072b600000| Complete |  0
|2008|0x00000007fe800000, 0x00000007fe9da128, 0x00000007fea00000| 92%| O|  |TAMS 0x00000007fe800000| PB 0x00000007fe800000| Untracked |  0
|2009|0x00000007fea00000, 0x00000007fec00000, 0x00000007fec00000|100%| O|  |TAMS 0x00000007fea00000| PB 0x00000007fea00000| Untracked |  0
|2010|0x00000007fec00000, 0x00000007fee00000, 0x00000007fee00000|100%| O|  |TAMS 0x00000007fec00000| PB 0x00000007fec00000| Untracked |  0
|2011|0x00000007fee00000, 0x00000007ff000000, 0x00000007ff000000|100%| O|  |TAMS 0x00000007fee00000| PB 0x00000007fee00000| Untracked |  0
|2012|0x00000007ff000000, 0x00000007ff200000, 0x00000007ff200000|100%| O|  |TAMS 0x00000007ff000000| PB 0x00000007ff000000| Untracked |  0
|2013|0x00000007ff200000, 0x00000007ff400000, 0x00000007ff400000|100%| O|  |TAMS 0x00000007ff200000| PB 0x00000007ff200000| Untracked |  0
|2014|0x00000007ff400000, 0x00000007ff600000, 0x00000007ff600000|100%| O|Cm|TAMS 0x00000007ff400000| PB 0x00000007ff400000| Complete |  0
|2015|0x00000007ff600000, 0x00000007ff800000, 0x00000007ff800000|100%| O|  |TAMS 0x00000007ff600000| PB 0x00000007ff600000| Untracked |  0
|2016|0x00000007ff800000, 0x00000007ffa00000, 0x00000007ffa00000|100%| O|  |TAMS 0x00000007ff800000| PB 0x00000007ff800000| Untracked |  0
|2017|0x00000007ffa00000, 0x00000007ffc00000, 0x00000007ffc00000|100%| O|  |TAMS 0x00000007ffa00000| PB 0x00000007ffa00000| Untracked |  0
|2018|0x00000007ffc00000, 0x00000007ffe00000, 0x00000007ffe00000|100%| O|  |TAMS 0x00000007ffc00000| PB 0x00000007ffc00000| Untracked |  0
|2019|0x00000007ffe00000, 0x0000000800000000, 0x0000000800000000|100%| E|CS|TAMS 0x00000007ffe00000| PB 0x00000007ffe00000| Complete |  0

Card table byte_map: [0x0000022a3d6d0000,0x0000022a3dec0000] _byte_map_base: 0x0000022a39eb4000

Marking Bits: (CMBitMap*) 0x0000022a2537bd90
 Bits: [0x0000022a3dec0000, 0x0000022a41de0000)

Polling page: 0x0000022a232b0000

Metaspace:

Usage:
  Non-class:     25.43 MB used.
      Class:      3.47 MB used.
       Both:     28.89 MB used.

Virtual space:
  Non-class space:       64.00 MB reserved,      25.62 MB ( 40%) committed,  1 nodes.
      Class space:        1.00 GB reserved,       3.69 MB ( <1%) committed,  1 nodes.
             Both:        1.06 GB reserved,      29.31 MB (  3%) committed. 

Chunk freelists:
   Non-Class:  6.25 MB
       Class:  12.31 MB
        Both:  18.56 MB

MaxMetaspaceSize: unlimited
CompressedClassSpaceSize: 1.00 GB
Initial GC threshold: 21.00 MB
Current GC threshold: 43.38 MB
CDS: on
 - commit_granule_bytes: 65536.
 - commit_granule_words: 8192.
 - virtual_space_node_default_size: 8388608.
 - enlarge_chunks_in_place: 1.
UseCompressedClassPointers 1, UseCompactObjectHeaders 0
Narrow klass pointer bits 32, Max shift 3
Narrow klass base: 0x0000022a45000000, Narrow klass shift: 0
Encoding Range: [0x0000022a45000000 - 0x0000022b45000000), (4294967296 bytes)
Klass Range:    [0x0000022a45000000 - 0x0000022a86000000), (1090519040 bytes)
Klass ID Range:  [8 - 1090519033) (1090519025)


Internal statistics:

num_allocs_failed_limit: 3.
num_arena_births: 356.
num_arena_deaths: 0.
num_vsnodes_births: 2.
num_vsnodes_deaths: 0.
num_space_committed: 469.
num_space_uncommitted: 0.
num_chunks_returned_to_freelist: 3.
num_chunks_taken_from_freelist: 1294.
num_chunk_merges: 3.
num_chunk_splits: 908.
num_chunks_enlarged: 703.
num_inconsistent_stats: 0.

CodeHeap 'non-profiled nmethods': size=120064Kb used=4045Kb max_used=4045Kb free=116018Kb
 bounds [0x0000022a35670000, 0x0000022a35a70000, 0x0000022a3cbb0000]
CodeHeap 'profiled nmethods': size=120000Kb used=13464Kb max_used=13464Kb free=106535Kb
 bounds [0x0000022a2dbb0000, 0x0000022a2e8e0000, 0x0000022a350e0000]
CodeHeap 'non-nmethods': size=5696Kb used=1789Kb max_used=1875Kb free=3906Kb
 bounds [0x0000022a350e0000, 0x0000022a35350000, 0x0000022a35670000]
CodeCache: size=245760Kb, used=19298Kb, max_used=19384Kb, free=226459Kb
 total_blobs=8556, nmethods=7603, adapters=856, full_count=0
Compilation: enabled, stopped_count=0, restarted_count=0

Compilation events (20 events):
Event: 348.166 Thread 0x0000022a448468c0 nmethod 8695 0x0000022a2e248d08 code [0x0000022a2e2492a0, 0x0000022a2e24d338]
Event: 348.233 Thread 0x0000022a448468c0 8697       3       java.io.BufferedWriter::growIfNeeded (63 bytes)
Event: 348.233 Thread 0x0000022a448468c0 nmethod 8697 0x0000022a2e248888 code [0x0000022a2e2489c0, 0x0000022a2e248c98]
Event: 348.233 Thread 0x0000022a448468c0 8698       3       jdk.internal.misc.Blocker::end (16 bytes)
Event: 348.233 Thread 0x0000022a448468c0 nmethod 8698 0x0000022a2e248388 code [0x0000022a2e2484c0, 0x0000022a2e248800]
Event: 348.233 Thread 0x0000022a448468c0 8700       3       java.lang.StackTraceElement::length (13 bytes)
Event: 348.234 Thread 0x0000022a448468c0 nmethod 8700 0x0000022a2e247e88 code [0x0000022a2e247fc0, 0x0000022a2e248308]
Event: 348.236 Thread 0x0000022a448468c0 8701       3       java.io.BufferedInputStream::<init> (56 bytes)
Event: 348.237 Thread 0x0000022a448468c0 nmethod 8701 0x0000022a2e247708 code [0x0000022a2e247860, 0x0000022a2e247e50]
Event: 348.237 Thread 0x0000022a448468c0 8702   !   3       jdk.xml.internal.SecuritySupport::readConfig (150 bytes)
Event: 348.239 Thread 0x0000022a448468c0 nmethod 8702 0x0000022a2e245788 code [0x0000022a2e245aa0, 0x0000022a2e2475f0]
Event: 348.239 Thread 0x0000022a448468c0 8703       3       com.sun.org.apache.xerces.internal.impl.PropertyManager::getProperty (84 bytes)
Event: 348.239 Thread 0x0000022a448468c0 nmethod 8703 0x0000022a2e244788 code [0x0000022a2e244960, 0x0000022a2e2456e0]
Event: 348.239 Thread 0x0000022a448468c0 8704       3       jdk.xml.internal.XMLSecurityManager::getLimitAsString (19 bytes)
Event: 348.240 Thread 0x0000022a448468c0 nmethod 8704 0x0000022a2e243e88 code [0x0000022a2e244000, 0x0000022a2e244710]
Event: 348.240 Thread 0x0000022a448468c0 8705       3       com.sun.org.apache.xerces.internal.utils.XMLSecurityPropertyManager::getValue (19 bytes)
Event: 348.240 Thread 0x0000022a448468c0 nmethod 8705 0x0000022a2e243a08 code [0x0000022a2e243b40, 0x0000022a2e243e70]
Event: 348.240 Thread 0x0000022a448468c0 8706       3       javafx.fxml.FXMLLoader::processStartElement (30 bytes)
Event: 348.240 Thread 0x0000022a448468c0 nmethod 8706 0x0000022a2e243588 code [0x0000022a2e2436c0, 0x0000022a2e243980]
Event: 348.240 Thread 0x0000022a448468c0 8707       3       javafx.fxml.FXMLLoader::createElement (606 bytes)

GC Heap History (18 events):
Event: 1.170 GC heap before
{Heap before GC invocations=0 (full 0):
 garbage-first heap   total reserved 4136960K, committed 262144K, used 48244K [0x0000000703800000, 0x0000000800000000)
  region size 2048K, 24 young (49152K), 0 survivors (0K)
 Metaspace       used 7867K, committed 8064K, reserved 1114112K
  class space    used 744K, committed 832K, reserved 1048576K
}
Event: 1.175 GC heap after
{Heap after GC invocations=1 (full 0):
 garbage-first heap   total reserved 4136960K, committed 262144K, used 8428K [0x0000000703800000, 0x0000000800000000)
  region size 2048K, 3 young (6144K), 3 survivors (6144K)
 Metaspace       used 7867K, committed 8064K, reserved 1114112K
  class space    used 744K, committed 832K, reserved 1048576K
}
Event: 44.193 GC heap before
{Heap before GC invocations=1 (full 0):
 garbage-first heap   total reserved 4136960K, committed 262144K, used 86252K [0x0000000703800000, 0x0000000800000000)
  region size 2048K, 42 young (86016K), 3 survivors (6144K)
 Metaspace       used 21229K, committed 21504K, reserved 1114112K
  class space    used 2804K, committed 2944K, reserved 1048576K
}
Event: 44.207 GC heap after
{Heap after GC invocations=2 (full 0):
 garbage-first heap   total reserved 4136960K, committed 262144K, used 20144K [0x0000000703800000, 0x0000000800000000)
  region size 2048K, 8 young (16384K), 8 survivors (16384K)
 Metaspace       used 21229K, committed 21504K, reserved 1114112K
  class space    used 2804K, committed 2944K, reserved 1048576K
}
Event: 98.676 GC heap before
{Heap before GC invocations=3 (full 0):
 garbage-first heap   total reserved 4136960K, committed 75776K, used 73392K [0x0000000703800000, 0x0000000800000000)
  region size 2048K, 25 young (51200K), 8 survivors (16384K)
 Metaspace       used 23876K, committed 24256K, reserved 1114112K
  class space    used 2965K, committed 3136K, reserved 1048576K
}
Event: 98.689 GC heap after
{Heap after GC invocations=4 (full 0):
 garbage-first heap   total reserved 4136960K, committed 94208K, used 29876K [0x0000000703800000, 0x0000000800000000)
  region size 2048K, 6 young (12288K), 6 survivors (12288K)
 Metaspace       used 23876K, committed 24256K, reserved 1114112K
  class space    used 2965K, committed 3136K, reserved 1048576K
}
Event: 130.015 GC heap before
{Heap before GC invocations=4 (full 0):
 garbage-first heap   total reserved 4136960K, committed 210944K, used 206004K [0x0000000703800000, 0x0000000800000000)
  region size 2048K, 17 young (34816K), 6 survivors (12288K)
 Metaspace       used 24429K, committed 24768K, reserved 1114112K
  class space    used 3022K, committed 3136K, reserved 1048576K
}
Event: 130.025 GC heap after
{Heap after GC invocations=5 (full 0):
 garbage-first heap   total reserved 4136960K, committed 229376K, used 132619K [0x0000000703800000, 0x0000000800000000)
  region size 2048K, 2 young (4096K), 2 survivors (4096K)
 Metaspace       used 24429K, committed 24768K, reserved 1114112K
  class space    used 3022K, committed 3136K, reserved 1048576K
}
Event: 130.061 GC heap before
{Heap before GC invocations=5 (full 0):
 garbage-first heap   total reserved 4136960K, committed 229376K, used 134667K [0x0000000703800000, 0x0000000800000000)
  region size 2048K, 4 young (8192K), 2 survivors (4096K)
 Metaspace       used 24458K, committed 24768K, reserved 1114112K
  class space    used 3023K, committed 3136K, reserved 1048576K
}
Event: 130.064 GC heap after
{Heap after GC invocations=6 (full 0):
 garbage-first heap   total reserved 4136960K, committed 229376K, used 132297K [0x0000000703800000, 0x0000000800000000)
  region size 2048K, 1 young (2048K), 1 survivors (2048K)
 Metaspace       used 24458K, committed 24768K, reserved 1114112K
  class space    used 3023K, committed 3136K, reserved 1048576K
}
Event: 131.729 GC heap before
{Heap before GC invocations=7 (full 0):
 garbage-first heap   total reserved 4136960K, committed 301056K, used 296137K [0x0000000703800000, 0x0000000800000000)
  region size 2048K, 6 young (12288K), 1 survivors (2048K)
 Metaspace       used 24570K, committed 24896K, reserved 1114112K
  class space    used 3026K, committed 3136K, reserved 1048576K
}
Event: 131.732 GC heap after
{Heap after GC invocations=8 (full 0):
 garbage-first heap   total reserved 4136960K, committed 305152K, used 232845K [0x0000000703800000, 0x0000000800000000)
  region size 2048K, 2 young (4096K), 2 survivors (4096K)
 Metaspace       used 24570K, committed 24896K, reserved 1114112K
  class space    used 3026K, committed 3136K, reserved 1048576K
}
Event: 296.901 GC heap before
{Heap before GC invocations=8 (full 0):
 garbage-first heap   total reserved 4136960K, committed 397312K, used 388493K [0x0000000703800000, 0x0000000800000000)
  region size 2048K, 24 young (49152K), 2 survivors (4096K)
 Metaspace       used 26312K, committed 26624K, reserved 1114112K
  class space    used 3232K, committed 3392K, reserved 1048576K
}
Event: 296.908 GC heap after
{Heap after GC invocations=9 (full 0):
 garbage-first heap   total reserved 4136960K, committed 403456K, used 247912K [0x0000000703800000, 0x0000000800000000)
  region size 2048K, 3 young (6144K), 3 survivors (6144K)
 Metaspace       used 26312K, committed 26624K, reserved 1114112K
  class space    used 3232K, committed 3392K, reserved 1048576K
}
Event: 296.926 GC heap before
{Heap before GC invocations=9 (full 0):
 garbage-first heap   total reserved 4136960K, committed 403456K, used 249960K [0x0000000703800000, 0x0000000800000000)
  region size 2048K, 6 young (12288K), 3 survivors (6144K)
 Metaspace       used 26325K, committed 26624K, reserved 1114112K
  class space    used 3233K, committed 3392K, reserved 1048576K
}
Event: 296.933 GC heap after
{Heap after GC invocations=10 (full 0):
 garbage-first heap   total reserved 4136960K, committed 403456K, used 250655K [0x0000000703800000, 0x0000000800000000)
  region size 2048K, 5 young (10240K), 5 survivors (10240K)
 Metaspace       used 26325K, committed 26624K, reserved 1114112K
  class space    used 3233K, committed 3392K, reserved 1048576K
}
Event: 332.496 GC heap before
{Heap before GC invocations=11 (full 0):
 garbage-first heap   total reserved 4136960K, committed 600064K, used 594719K [0x0000000703800000, 0x0000000800000000)
  region size 2048K, 24 young (49152K), 5 survivors (10240K)
 Metaspace       used 29466K, committed 29824K, reserved 1114112K
  class space    used 3548K, committed 3712K, reserved 1048576K
}
Event: 332.507 GC heap after
{Heap after GC invocations=12 (full 0):
 garbage-first heap   total reserved 4136960K, committed 608256K, used 353743K [0x0000000703800000, 0x0000000800000000)
  region size 2048K, 4 young (8192K), 4 survivors (8192K)
 Metaspace       used 29466K, committed 29824K, reserved 1114112K
  class space    used 3548K, committed 3712K, reserved 1048576K
}

Dll operation events (20 events):
Event: 0.437 Loaded shared library C:\Users\USER\.openjfx\cache\24+29\amd64\api-ms-win-crt-runtime-l1-1-0.dll
Event: 0.442 Loaded shared library C:\Users\USER\.openjfx\cache\24+29\amd64\api-ms-win-crt-stdio-l1-1-0.dll
Event: 0.446 Loaded shared library C:\Users\USER\.openjfx\cache\24+29\amd64\api-ms-win-crt-string-l1-1-0.dll
Event: 0.450 Loaded shared library C:\Users\USER\.openjfx\cache\24+29\amd64\api-ms-win-crt-time-l1-1-0.dll
Event: 0.453 Loaded shared library C:\Users\USER\.openjfx\cache\24+29\amd64\api-ms-win-crt-utility-l1-1-0.dll
Event: 0.472 Loaded shared library C:\Users\USER\.openjfx\cache\24+29\amd64\ucrtbase.dll
Event: 0.476 Loaded shared library C:\Users\USER\.openjfx\cache\24+29\amd64\vcruntime140.dll
Event: 0.479 Loaded shared library C:\Users\USER\.openjfx\cache\24+29\amd64\vcruntime140_1.dll
Event: 0.489 Loaded shared library C:\Users\USER\.openjfx\cache\24+29\amd64\msvcp140.dll
Event: 0.493 Loaded shared library C:\Users\USER\.openjfx\cache\24+29\amd64\msvcp140_1.dll
Event: 0.498 Loaded shared library C:\Users\USER\.openjfx\cache\24+29\amd64\msvcp140_2.dll
Event: 0.530 Loaded shared library C:\Users\USER\.openjfx\cache\24+29\amd64\prism_d3d.dll
Event: 0.570 Loaded shared library C:\Users\USER\.openjfx\cache\24+29\amd64\glass.dll
Event: 0.738 Loaded shared library C:\Program Files\Java\jdk-24\bin\jimage.dll
Event: 1.266 Loaded shared library C:\Users\USER\.openjfx\cache\24+29\amd64\javafx_font.dll
Event: 1.609 Loaded shared library C:\Program Files\Java\jdk-24\bin\extnet.dll
Event: 1.618 Loaded shared library C:\Program Files\Java\jdk-24\bin\management.dll
Event: 1.621 Loaded shared library C:\Program Files\Java\jdk-24\bin\management_ext.dll
Event: 128.385 Loaded shared library C:\Users\USER\.openjfx\cache\24+29\amd64\javafx_iio.dll
Event: 322.996 Loaded shared library C:\Program Files\Java\jdk-24\bin\verify.dll

Deoptimization events (20 events):
Event: 332.465 Thread 0x0000022a8a787f30 DEOPT PACKING pc=0x0000022a3580a8d0 sp=0x000000af326fe480
Event: 332.465 Thread 0x0000022a8a787f30 DEOPT UNPACKING pc=0x0000022a351f4c02 sp=0x000000af326fe3f8 mode 2
Event: 332.510 Thread 0x0000022a8a787f30 Uncommon trap: trap_request=0xffffffbe fr.pc=0x0000022a3580a8d0 relative=0x0000000000002b70
Event: 332.510 Thread 0x0000022a8a787f30 Uncommon trap: reason=profile_predicate action=maybe_recompile pc=0x0000022a3580a8d0 method=javafx.scene.CssStyleHelper.transitionToState(Ljavafx/scene/Node;)V @ 287 c2
Event: 332.510 Thread 0x0000022a8a787f30 DEOPT PACKING pc=0x0000022a3580a8d0 sp=0x000000af326fdf10
Event: 332.510 Thread 0x0000022a8a787f30 DEOPT UNPACKING pc=0x0000022a351f4c02 sp=0x000000af326fde88 mode 2
Event: 335.736 Thread 0x0000022a8a697220 Uncommon trap: trap_request=0xffffffde fr.pc=0x0000022a358692c0 relative=0x0000000000000200
Event: 335.736 Thread 0x0000022a8a697220 Uncommon trap: reason=class_check action=maybe_recompile pc=0x0000022a358692c0 method=com.sun.prism.impl.ps.BaseShaderGraphics.setPaint(Lcom/sun/prism/paint/Paint;)V @ 11 c2
Event: 335.736 Thread 0x0000022a8a697220 DEOPT PACKING pc=0x0000022a358692c0 sp=0x000000af324fd7a0
Event: 335.736 Thread 0x0000022a8a697220 DEOPT UNPACKING pc=0x0000022a351f4c02 sp=0x000000af324fd738 mode 2
Event: 335.736 Thread 0x0000022a8a697220 Uncommon trap: trap_request=0xffffffde fr.pc=0x0000022a35840970 relative=0x0000000000001fd0
Event: 335.736 Thread 0x0000022a8a697220 Uncommon trap: reason=class_check action=maybe_recompile pc=0x0000022a35840970 method=com.sun.prism.impl.ps.BaseShaderContext.validatePaintOp(Lcom/sun/prism/impl/ps/BaseShaderGraphics;Lcom/sun/javafx/geom/transform/BaseTransform;Lcom/sun/prism/impl/ps/Bas
Event: 335.736 Thread 0x0000022a8a697220 DEOPT PACKING pc=0x0000022a35840970 sp=0x000000af324fd560
Event: 335.736 Thread 0x0000022a8a697220 DEOPT UNPACKING pc=0x0000022a351f4c02 sp=0x000000af324fd510 mode 2
Event: 335.736 Thread 0x0000022a8a697220 Uncommon trap: trap_request=0xffffffde fr.pc=0x0000022a358cebd8 relative=0x0000000000000c78
Event: 335.736 Thread 0x0000022a8a697220 Uncommon trap: reason=class_check action=maybe_recompile pc=0x0000022a358cebd8 method=com.sun.prism.impl.ps.BaseShaderContext.getStockShaderIndex(Lcom/sun/prism/impl/ps/BaseShaderContext$MaskType;Lcom/sun/prism/paint/Paint;)I @ 30 c2
Event: 335.736 Thread 0x0000022a8a697220 DEOPT PACKING pc=0x0000022a358cebd8 sp=0x000000af324fd4a0
Event: 335.736 Thread 0x0000022a8a697220 DEOPT UNPACKING pc=0x0000022a351f4c02 sp=0x000000af324fd3f8 mode 2
Event: 348.133 Thread 0x0000022a8a787f30 DEOPT PACKING pc=0x0000022a2e0489b6 sp=0x000000af326fd470
Event: 348.133 Thread 0x0000022a8a787f30 DEOPT UNPACKING pc=0x0000022a35135722 sp=0x000000af326fc8d0 mode 0

Classes loaded (20 events):
Event: 323.047 Loading class java/text/MessageFormat
Event: 323.047 Loading class java/text/MessageFormat done
Event: 323.048 Loading class java/text/FieldPosition$Delegate
Event: 323.048 Loading class java/text/FieldPosition$Delegate done
Event: 323.048 Loading class java/text/MessageFormat$Field
Event: 323.049 Loading class java/text/MessageFormat$Field done
Event: 323.145 Loading class java/lang/Character$UnicodeScript
Event: 323.146 Loading class java/lang/Character$UnicodeScript done
Event: 323.194 Loading class java/util/ArrayList$SubList$1
Event: 323.195 Loading class java/util/ArrayList$SubList$1 done
Event: 323.261 Loading class java/util/zip/Deflater
Event: 323.262 Loading class java/util/zip/Deflater done
Event: 323.263 Loading class java/util/zip/Deflater$DeflaterZStreamRef
Event: 323.263 Loading class java/util/zip/Deflater$DeflaterZStreamRef done
Event: 323.266 Loading class java/io/FileOutputStream$1
Event: 323.266 Loading class java/io/FileOutputStream$1 done
Event: 348.232 Loading class java/lang/Throwable$WrappedPrintStream
Event: 348.232 Loading class java/lang/Throwable$PrintStreamOrWriter
Event: 348.232 Loading class java/lang/Throwable$PrintStreamOrWriter done
Event: 348.232 Loading class java/lang/Throwable$WrappedPrintStream done

Classes unloaded (0 events):
No events

Classes redefined (0 events):
No events

Internal exceptions (20 events):
Event: 296.880 Thread 0x0000022a8a044520 Exception <a 'java/lang/NoSuchMethodError'{0x0000000706930e18}: 'java.lang.Object java.lang.invoke.DirectMethodHandle$Holder.newInvokeSpecial(java.lang.Object, java.lang.Object, int, int)'> (0x0000000706930e18) 
thrown [s\open\src\hotspot\share\interpreter\linkResolver.cpp, line 805]
Event: 296.880 Thread 0x0000022a8a043680 Exception <a 'java/lang/NoSuchMethodError'{0x0000000706903e80}: 'java.lang.Object java.lang.invoke.DirectMethodHandle$Holder.newInvokeSpecial(java.lang.Object, java.lang.Object, int, int)'> (0x0000000706903e80) 
thrown [s\open\src\hotspot\share\interpreter\linkResolver.cpp, line 805]
Event: 296.925 Thread 0x0000022a8a787f30 Implicit null exception at 0x0000022a359dc210 to 0x0000022a359dc241
Event: 297.085 Thread 0x0000022a8a697220 Implicit null exception at 0x0000022a35680fea to 0x0000022a35681034
Event: 297.086 Thread 0x0000022a8a697220 Implicit null exception at 0x0000022a3593fb3a to 0x0000022a3593fbe0
Event: 322.806 Thread 0x0000022a8a0427e0 Exception <a 'java/lang/NoSuchMethodError'{0x00000007125da170}: 'void java.lang.invoke.DirectMethodHandle$Holder.invokeInterface(java.lang.Object, java.lang.Object, java.lang.Object)'> (0x00000007125da170) 
thrown [s\open\src\hotspot\share\interpreter\linkResolver.cpp, line 805]
Event: 323.001 Thread 0x0000022a8a0427e0 Exception <a 'java/lang/NoClassDefFoundError'{0x0000000712357c18}: org/slf4j/impl/StaticLoggerBinder> (0x0000000712357c18) 
thrown [s\open\src\hotspot\share\classfile\systemDictionary.cpp, line 316]
Event: 323.156 Thread 0x0000022a8a0427e0 Implicit null exception at 0x0000022a358e8aaa to 0x0000022a358e8af8
Event: 331.842 Thread 0x0000022a8a787f30 Exception <a 'java/lang/NoSuchMethodError'{0x000000071278dae8}: 'java.lang.Object java.lang.invoke.DirectMethodHandle$Holder.newInvokeSpecial(java.lang.Object, java.lang.Object, int, int, int, int, int, java.lang.Object)'> (0x000000071278dae8) 
thrown [s\open\src\hotspot\share\interpreter\linkResolver.cpp, line 805]
Event: 346.767 Thread 0x0000022a8a787f30 Exception <a 'java/io/FileNotFoundException'{0x000000071becbe48}> (0x000000071becbe48) 
thrown [s\open\src\hotspot\share\prims\jni.cpp, line 518]
Event: 346.768 Thread 0x0000022a8a787f30 Exception <a 'java/io/FileNotFoundException'{0x000000071bed5f58}> (0x000000071bed5f58) 
thrown [s\open\src\hotspot\share\prims\jni.cpp, line 518]
Event: 346.777 Thread 0x0000022a8a787f30 Exception <a 'java/io/FileNotFoundException'{0x000000071befa100}> (0x000000071befa100) 
thrown [s\open\src\hotspot\share\prims\jni.cpp, line 518]
Event: 347.149 Thread 0x0000022a8a787f30 Exception <a 'java/io/FileNotFoundException'{0x000000071ba90858}> (0x000000071ba90858) 
thrown [s\open\src\hotspot\share\prims\jni.cpp, line 518]
Event: 347.386 Thread 0x0000022a8a787f30 Exception <a 'java/io/FileNotFoundException'{0x000000071b829280}> (0x000000071b829280) 
thrown [s\open\src\hotspot\share\prims\jni.cpp, line 518]
Event: 347.838 Thread 0x0000022a8a787f30 Exception <a 'java/io/FileNotFoundException'{0x000000071b9c05b0}> (0x000000071b9c05b0) 
thrown [s\open\src\hotspot\share\prims\jni.cpp, line 518]
Event: 347.981 Thread 0x0000022a8a787f30 Exception <a 'java/io/FileNotFoundException'{0x000000071b75c1a0}> (0x000000071b75c1a0) 
thrown [s\open\src\hotspot\share\prims\jni.cpp, line 518]
Event: 348.231 Thread 0x0000022a8a697220 Implicit null exception at 0x0000022a2e336304 to 0x0000022a2e336db0
Event: 348.232 Thread 0x0000022a8a697220 Exception <a 'java/lang/NullPointerException'{0x000000071c1c4e08}> (0x000000071c1c4e08) 
thrown [s\open\src\hotspot\share\runtime\sharedRuntime.cpp, line 678]
Event: 348.240 Thread 0x0000022a8a787f30 Exception <a 'java/io/FileNotFoundException'{0x000000071b34b270}> (0x000000071b34b270) 
thrown [s\open\src\hotspot\share\prims\jni.cpp, line 518]
Event: 348.241 Thread 0x0000022a8a787f30 Exception <a 'java/io/FileNotFoundException'{0x000000071b355380}> (0x000000071b355380) 
thrown [s\open\src\hotspot\share\prims\jni.cpp, line 518]

VM Operations (20 events):
Event: 296.926 Executing VM operation: G1TryInitiateConcMark (G1 Humongous Allocation)
Event: 296.933 Executing VM operation: G1TryInitiateConcMark (G1 Humongous Allocation) done
Event: 296.965 Executing VM operation: G1PauseRemark
Event: 296.971 Executing VM operation: G1PauseRemark done
Event: 296.981 Executing VM operation: G1PauseCleanup
Event: 296.981 Executing VM operation: G1PauseCleanup done
Event: 300.878 Executing VM operation: HandshakeAllThreads (HandshakeForDeflation)
Event: 300.878 Executing VM operation: HandshakeAllThreads (HandshakeForDeflation) done
Event: 300.878 Executing VM operation: RendezvousGCThreads
Event: 300.878 Executing VM operation: RendezvousGCThreads done
Event: 322.222 Executing VM operation: HandshakeAllThreads (Deoptimize)
Event: 322.222 Executing VM operation: HandshakeAllThreads (Deoptimize) done
Event: 322.247 Executing VM operation: HandshakeAllThreads (Deoptimize)
Event: 322.248 Executing VM operation: HandshakeAllThreads (Deoptimize) done
Event: 322.263 Executing VM operation: HandshakeAllThreads (Deoptimize)
Event: 322.263 Executing VM operation: HandshakeAllThreads (Deoptimize) done
Event: 323.227 Executing VM operation: HandshakeAllThreads (Deoptimize)
Event: 323.227 Executing VM operation: HandshakeAllThreads (Deoptimize) done
Event: 332.466 Executing VM operation: G1CollectForAllocation (G1 Evacuation Pause)
Event: 332.507 Executing VM operation: G1CollectForAllocation (G1 Evacuation Pause) done

Memory protections (0 events):
No events

Nmethod flushes (20 events):
Event: 296.970 Thread 0x0000022a44814450 flushing  nmethod 0x0000022a2e2cd908
Event: 296.970 Thread 0x0000022a44814450 flushing  nmethod 0x0000022a2e3c1b88
Event: 296.970 Thread 0x0000022a44814450 flushing  nmethod 0x0000022a2e435c88
Event: 296.970 Thread 0x0000022a44814450 flushing  nmethod 0x0000022a2e485888
Event: 296.970 Thread 0x0000022a44814450 flushing  nmethod 0x0000022a2e52ce88
Event: 296.970 Thread 0x0000022a44814450 flushing  nmethod 0x0000022a2e562488
Event: 296.970 Thread 0x0000022a44814450 flushing  nmethod 0x0000022a2e562c08
Event: 296.970 Thread 0x0000022a44814450 flushing  nmethod 0x0000022a2e5da408
Event: 296.970 Thread 0x0000022a44814450 flushing  nmethod 0x0000022a2e5db108
Event: 296.970 Thread 0x0000022a44814450 flushing osr nmethod 0x0000022a2e5dc388
Event: 296.970 Thread 0x0000022a44814450 flushing osr nmethod 0x0000022a2e5dd888
Event: 296.970 Thread 0x0000022a44814450 flushing  nmethod 0x0000022a2e5e6888
Event: 296.970 Thread 0x0000022a44814450 flushing  nmethod 0x0000022a2e5e7188
Event: 296.970 Thread 0x0000022a44814450 flushing  nmethod 0x0000022a2e5e8688
Event: 296.970 Thread 0x0000022a44814450 flushing  nmethod 0x0000022a2e5eac88
Event: 296.970 Thread 0x0000022a44814450 flushing  nmethod 0x0000022a2e5ed108
Event: 296.970 Thread 0x0000022a44814450 flushing  nmethod 0x0000022a2e5ee088
Event: 296.970 Thread 0x0000022a44814450 flushing  nmethod 0x0000022a2e5ee988
Event: 296.970 Thread 0x0000022a44814450 flushing  nmethod 0x0000022a2e5eec88
Event: 296.970 Thread 0x0000022a44814450 flushing  nmethod 0x0000022a2e5ef788

Events (20 events):
Event: 321.710 Thread 0x0000022a8a043dd0 Thread exited: 0x0000022a8a043dd0
Event: 322.248 Thread 0x0000022a8a787f30 Thread added: 0x0000022a8a0427e0
Event: 322.311 Thread 0x0000022a8a0427e0 Thread added: 0x0000022a8a043dd0
Event: 322.983 Thread 0x0000022a8a0427e0 Thread exited: 0x0000022a8a0427e0
Event: 322.984 Thread 0x0000022a8a787f30 Thread added: 0x0000022a8a0427e0
Event: 323.108 Thread 0x0000022a448468c0 Thread added: 0x0000022a90450810
Event: 323.267 Thread 0x0000022a8a0427e0 Thread exited: 0x0000022a8a0427e0
Event: 324.764 Thread 0x0000022a90450810 Thread exited: 0x0000022a90450810
Event: 332.457 Thread 0x0000022a8a787f30 Thread added: 0x0000022a8a041940
Event: 332.457 Thread 0x0000022a8a787f30 Thread added: 0x0000022a8a044520
Event: 332.458 Thread 0x0000022a8a787f30 Thread added: 0x0000022a8a0427e0
Event: 332.459 Thread 0x0000022a8a787f30 Thread added: 0x0000022a8a047850
Event: 332.521 Thread 0x0000022a448468c0 Thread added: 0x0000022a90450810
Event: 333.555 Thread 0x0000022a8a041940 Thread exited: 0x0000022a8a041940
Event: 333.607 Thread 0x0000022a8a0427e0 Thread exited: 0x0000022a8a0427e0
Event: 333.611 Thread 0x0000022a8a047850 Thread exited: 0x0000022a8a047850
Event: 333.617 Thread 0x0000022a90450810 Thread exited: 0x0000022a90450810
Event: 333.997 Thread 0x0000022a8a044520 Thread exited: 0x0000022a8a044520
Event: 335.729 Thread 0x0000022a8a787f30 Thread added: 0x0000022a8a044c70
Event: 336.284 Thread 0x0000022a8a044c70 Thread exited: 0x0000022a8a044c70


Dynamic libraries:
0x00007ff61aa20000 - 0x00007ff61aa30000 	C:\Program Files\Java\jdk-24\bin\java.exe
0x00007fffff9a0000 - 0x00007fffffc07000 	C:\WINDOWS\SYSTEM32\ntdll.dll
0x00007ffffe0e0000 - 0x00007ffffe1a9000 	C:\WINDOWS\System32\KERNEL32.DLL
0x00007ffffc6e0000 - 0x00007ffffcad7000 	C:\WINDOWS\System32\KERNELBASE.dll
0x00007ffffc3d0000 - 0x00007ffffc51b000 	C:\WINDOWS\System32\ucrtbase.dll
0x00007fffe79e0000 - 0x00007fffe79f6000 	C:\Program Files\Java\jdk-24\bin\jli.dll
0x00007fffe7a00000 - 0x00007fffe7a1b000 	C:\Program Files\Java\jdk-24\bin\VCRUNTIME140.dll
0x00007fffff370000 - 0x00007fffff536000 	C:\WINDOWS\System32\USER32.dll
0x00007fffe9a60000 - 0x00007fffe9cf2000 	C:\WINDOWS\WinSxS\amd64_microsoft.windows.common-controls_6595b64144ccf1df_6.0.26100.8457_none_3e0b2faee331e92d\COMCTL32.dll
0x00007ffffcc50000 - 0x00007ffffcc77000 	C:\WINDOWS\System32\win32u.dll
0x00007ffffe1c0000 - 0x00007ffffe269000 	C:\WINDOWS\System32\msvcrt.dll
0x00007ffffe270000 - 0x00007ffffe29b000 	C:\WINDOWS\System32\GDI32.dll
0x00007ffffc5b0000 - 0x00007ffffc6dc000 	C:\WINDOWS\System32\gdi32full.dll
0x00007ffffcc80000 - 0x00007ffffcd23000 	C:\WINDOWS\System32\msvcp_win.dll
0x00007fffff330000 - 0x00007fffff362000 	C:\WINDOWS\System32\IMM32.DLL
0x00007ffff6ae0000 - 0x00007ffff6aec000 	C:\Program Files\Java\jdk-24\bin\vcruntime140_1.dll
0x00007fffe69c0000 - 0x00007fffe6a4e000 	C:\Program Files\Java\jdk-24\bin\msvcp140.dll
0x00007fff2f2f0000 - 0x00007fff30091000 	C:\Program Files\Java\jdk-24\bin\server\jvm.dll
0x00007ffffe470000 - 0x00007ffffe526000 	C:\WINDOWS\System32\ADVAPI32.dll
0x00007ffffdfa0000 - 0x00007ffffe047000 	C:\WINDOWS\System32\sechost.dll
0x00007ffffe630000 - 0x00007ffffe748000 	C:\WINDOWS\System32\RPCRT4.dll
0x00007ffffd720000 - 0x00007ffffd7a0000 	C:\WINDOWS\System32\WS2_32.dll
0x00007ffffc230000 - 0x00007ffffc28e000 	C:\WINDOWS\SYSTEM32\POWRPROF.dll
0x00007fffe9d00000 - 0x00007fffe9d36000 	C:\WINDOWS\SYSTEM32\WINMM.dll
0x00007ffffa0e0000 - 0x00007ffffa0eb000 	C:\WINDOWS\SYSTEM32\VERSION.dll
0x00007ffffc210000 - 0x00007ffffc224000 	C:\WINDOWS\SYSTEM32\UMPDC.dll
0x00007ffffb120000 - 0x00007ffffb13b000 	C:\WINDOWS\SYSTEM32\kernel.appcore.dll
0x00007fffe81e0000 - 0x00007fffe81ea000 	C:\Program Files\Java\jdk-24\bin\jimage.dll
0x00007ffff9e20000 - 0x00007ffffa062000 	C:\WINDOWS\SYSTEM32\DBGHELP.DLL
0x00007fffff5d0000 - 0x00007fffff953000 	C:\WINDOWS\System32\combase.dll
0x00007ffffea10000 - 0x00007ffffeae9000 	C:\WINDOWS\System32\OLEAUT32.dll
0x00007fffe05f0000 - 0x00007fffe062b000 	C:\WINDOWS\SYSTEM32\dbgcore.DLL
0x00007ffffcba0000 - 0x00007ffffcc48000 	C:\WINDOWS\System32\bcryptPrimitives.dll
0x00007fffe69a0000 - 0x00007fffe69be000 	C:\Program Files\Java\jdk-24\bin\java.dll
0x00007ffffe2d0000 - 0x00007ffffe467000 	C:\WINDOWS\System32\ole32.dll
0x00007ffffd7b0000 - 0x00007ffffdf1e000 	C:\WINDOWS\System32\SHELL32.dll
0x00007ffffcd30000 - 0x00007ffffd59c000 	C:\WINDOWS\System32\windows.storage.dll
0x00007ffffe910000 - 0x00007ffffea06000 	C:\WINDOWS\System32\SHCORE.dll
0x00007ffffdf30000 - 0x00007ffffdf96000 	C:\WINDOWS\System32\shlwapi.dll
0x00007ffffc2f0000 - 0x00007ffffc319000 	C:\WINDOWS\SYSTEM32\profapi.dll
0x00007fffb9580000 - 0x00007fffb9657000 	C:\Program Files\Java\jdk-24\bin\jsvml.dll
0x00007fffe8140000 - 0x00007fffe8150000 	C:\Program Files\Java\jdk-24\bin\net.dll
0x00007ffffb670000 - 0x00007ffffb6dc000 	C:\WINDOWS\system32\mswsock.dll
0x00007fffe67f0000 - 0x00007fffe6806000 	C:\Program Files\Java\jdk-24\bin\nio.dll
0x00007fffdf0d0000 - 0x00007fffdf0e7000 	C:\Program Files\Java\jdk-24\bin\zip.dll
0x0000022a236a0000 - 0x0000022a236a4000 	C:\Users\USER\.openjfx\cache\24+29\amd64\api-ms-win-core-console-l1-1-0.dll
0x0000022a25210000 - 0x0000022a25214000 	C:\Users\USER\.openjfx\cache\24+29\amd64\api-ms-win-core-console-l1-2-0.dll
0x0000022a25220000 - 0x0000022a25224000 	C:\Users\USER\.openjfx\cache\24+29\amd64\api-ms-win-core-datetime-l1-1-0.dll
0x0000022a25230000 - 0x0000022a25234000 	C:\Users\USER\.openjfx\cache\24+29\amd64\api-ms-win-core-debug-l1-1-0.dll
0x0000022a25240000 - 0x0000022a25244000 	C:\Users\USER\.openjfx\cache\24+29\amd64\api-ms-win-core-errorhandling-l1-1-0.dll
0x0000022a25250000 - 0x0000022a25255000 	C:\Users\USER\.openjfx\cache\24+29\amd64\api-ms-win-core-file-l1-1-0.dll
0x0000022a25260000 - 0x0000022a25264000 	C:\Users\USER\.openjfx\cache\24+29\amd64\api-ms-win-core-file-l1-2-0.dll
0x0000022a25270000 - 0x0000022a25274000 	C:\Users\USER\.openjfx\cache\24+29\amd64\api-ms-win-core-file-l2-1-0.dll
0x0000022a25280000 - 0x0000022a25284000 	C:\Users\USER\.openjfx\cache\24+29\amd64\api-ms-win-core-handle-l1-1-0.dll
0x0000022a25290000 - 0x0000022a25294000 	C:\Users\USER\.openjfx\cache\24+29\amd64\api-ms-win-core-heap-l1-1-0.dll
0x0000022a252a0000 - 0x0000022a252a4000 	C:\Users\USER\.openjfx\cache\24+29\amd64\api-ms-win-core-interlocked-l1-1-0.dll
0x0000022a252b0000 - 0x0000022a252b4000 	C:\Users\USER\.openjfx\cache\24+29\amd64\api-ms-win-core-libraryloader-l1-1-0.dll
0x0000022a252c0000 - 0x0000022a252c4000 	C:\Users\USER\.openjfx\cache\24+29\amd64\api-ms-win-core-localization-l1-2-0.dll
0x0000022a44dc0000 - 0x0000022a44dc4000 	C:\Users\USER\.openjfx\cache\24+29\amd64\api-ms-win-core-memory-l1-1-0.dll
0x0000022a44dd0000 - 0x0000022a44dd4000 	C:\Users\USER\.openjfx\cache\24+29\amd64\api-ms-win-core-namedpipe-l1-1-0.dll
0x0000022a44de0000 - 0x0000022a44de4000 	C:\Users\USER\.openjfx\cache\24+29\amd64\api-ms-win-core-processenvironment-l1-1-0.dll
0x0000022a44df0000 - 0x0000022a44df4000 	C:\Users\USER\.openjfx\cache\24+29\amd64\api-ms-win-core-processthreads-l1-1-0.dll
0x0000022a44e00000 - 0x0000022a44e04000 	C:\Users\USER\.openjfx\cache\24+29\amd64\api-ms-win-core-processthreads-l1-1-1.dll
0x0000022a44e10000 - 0x0000022a44e14000 	C:\Users\USER\.openjfx\cache\24+29\amd64\api-ms-win-core-profile-l1-1-0.dll
0x0000022a44e20000 - 0x0000022a44e24000 	C:\Users\USER\.openjfx\cache\24+29\amd64\api-ms-win-core-rtlsupport-l1-1-0.dll
0x0000022a44e30000 - 0x0000022a44e34000 	C:\Users\USER\.openjfx\cache\24+29\amd64\api-ms-win-core-string-l1-1-0.dll
0x0000022a44e40000 - 0x0000022a44e44000 	C:\Users\USER\.openjfx\cache\24+29\amd64\api-ms-win-core-synch-l1-1-0.dll
0x0000022a44e50000 - 0x0000022a44e54000 	C:\Users\USER\.openjfx\cache\24+29\amd64\api-ms-win-core-synch-l1-2-0.dll
0x0000022a44e60000 - 0x0000022a44e64000 	C:\Users\USER\.openjfx\cache\24+29\amd64\api-ms-win-core-sysinfo-l1-1-0.dll
0x0000022a44e70000 - 0x0000022a44e74000 	C:\Users\USER\.openjfx\cache\24+29\amd64\api-ms-win-core-timezone-l1-1-0.dll
0x0000022a44e80000 - 0x0000022a44e84000 	C:\Users\USER\.openjfx\cache\24+29\amd64\api-ms-win-core-util-l1-1-0.dll
0x0000022a44e90000 - 0x0000022a44e94000 	C:\Users\USER\.openjfx\cache\24+29\amd64\api-ms-win-crt-conio-l1-1-0.dll
0x0000022a44ea0000 - 0x0000022a44ea5000 	C:\Users\USER\.openjfx\cache\24+29\amd64\api-ms-win-crt-convert-l1-1-0.dll
0x0000022a44eb0000 - 0x0000022a44eb4000 	C:\Users\USER\.openjfx\cache\24+29\amd64\api-ms-win-crt-environment-l1-1-0.dll
0x0000022a44ec0000 - 0x0000022a44ec4000 	C:\Users\USER\.openjfx\cache\24+29\amd64\api-ms-win-crt-filesystem-l1-1-0.dll
0x0000022a44ed0000 - 0x0000022a44ed4000 	C:\Users\USER\.openjfx\cache\24+29\amd64\api-ms-win-crt-heap-l1-1-0.dll
0x0000022a44ee0000 - 0x0000022a44ee4000 	C:\Users\USER\.openjfx\cache\24+29\amd64\api-ms-win-crt-locale-l1-1-0.dll
0x0000022a44ef0000 - 0x0000022a44ef6000 	C:\Users\USER\.openjfx\cache\24+29\amd64\api-ms-win-crt-math-l1-1-0.dll
0x0000022a44f00000 - 0x0000022a44f06000 	C:\Users\USER\.openjfx\cache\24+29\amd64\api-ms-win-crt-multibyte-l1-1-0.dll
0x0000022a44f10000 - 0x0000022a44f21000 	C:\Users\USER\.openjfx\cache\24+29\amd64\api-ms-win-crt-private-l1-1-0.dll
0x0000022a44f30000 - 0x0000022a44f34000 	C:\Users\USER\.openjfx\cache\24+29\amd64\api-ms-win-crt-process-l1-1-0.dll
0x0000022a44f40000 - 0x0000022a44f45000 	C:\Users\USER\.openjfx\cache\24+29\amd64\api-ms-win-crt-runtime-l1-1-0.dll
0x0000022a44f50000 - 0x0000022a44f55000 	C:\Users\USER\.openjfx\cache\24+29\amd64\api-ms-win-crt-stdio-l1-1-0.dll
0x0000022a44f60000 - 0x0000022a44f65000 	C:\Users\USER\.openjfx\cache\24+29\amd64\api-ms-win-crt-string-l1-1-0.dll
0x0000022a44f70000 - 0x0000022a44f74000 	C:\Users\USER\.openjfx\cache\24+29\amd64\api-ms-win-crt-time-l1-1-0.dll
0x0000022a44f80000 - 0x0000022a44f84000 	C:\Users\USER\.openjfx\cache\24+29\amd64\api-ms-win-crt-utility-l1-1-0.dll
0x00007fffa62e0000 - 0x00007fffa63f1000 	C:\Users\USER\.openjfx\cache\24+29\amd64\ucrtbase.dll
0x00007fffe82b0000 - 0x00007fffe82cb000 	C:\Users\USER\.openjfx\cache\24+29\amd64\vcruntime140.dll
0x00007fffed380000 - 0x00007fffed38c000 	C:\Users\USER\.openjfx\cache\24+29\amd64\vcruntime140_1.dll
0x00007fffe6ac0000 - 0x00007fffe6b4e000 	C:\Users\USER\.openjfx\cache\24+29\amd64\msvcp140.dll
0x00007fffed030000 - 0x00007fffed039000 	C:\Users\USER\.openjfx\cache\24+29\amd64\msvcp140_1.dll
0x00007fffe8230000 - 0x00007fffe8271000 	C:\Users\USER\.openjfx\cache\24+29\amd64\msvcp140_2.dll
0x00007fffdebf0000 - 0x00007fffdec20000 	C:\Users\USER\.openjfx\cache\24+29\amd64\prism_d3d.dll
0x00007fffa2d90000 - 0x00007fffa2f43000 	C:\WINDOWS\system32\d3d9.dll
0x00007ffff9860000 - 0x00007ffff988f000 	C:\WINDOWS\SYSTEM32\dwmapi.dll
0x00007ffff9680000 - 0x00007ffff96c5000 	C:\WINDOWS\SYSTEM32\dxcore.dll
0x00007ffff9500000 - 0x00007ffff95aa000 	C:\WINDOWS\system32\uxtheme.dll
0x00007fff64540000 - 0x00007fff646e2000 	C:\WINDOWS\System32\DriverStore\FileRepository\iigd_dch.inf_amd64_52ad2da9d64c0488\igdumdim64.dll
0x00007fff287c0000 - 0x00007fff2c3d0000 	C:\WINDOWS\System32\DriverStore\FileRepository\iigd_dch.inf_amd64_52ad2da9d64c0488\igd9dxva64.dll
0x00007ffffed30000 - 0x00007fffff1b7000 	C:\WINDOWS\System32\SETUPAPI.dll
0x00007ffffbf40000 - 0x00007ffffbf91000 	C:\WINDOWS\SYSTEM32\cfgmgr32.dll
0x00007ffff1670000 - 0x00007ffff1a37000 	C:\WINDOWS\System32\DriverStore\FileRepository\iigd_dch.inf_amd64_52ad2da9d64c0488\igdgmm64.dll
0x00007ffff48f0000 - 0x00007ffff4951000 	C:\WINDOWS\SYSTEM32\directxdatabasehelper.dll
0x00007fffd3d30000 - 0x00007fffd3d78000 	C:\Users\USER\.openjfx\cache\24+29\amd64\glass.dll
0x00007ffffe750000 - 0x00007ffffe840000 	C:\WINDOWS\System32\COMDLG32.dll
0x00007ffffe850000 - 0x00007ffffe8fe000 	C:\WINDOWS\System32\clbcatq.dll
0x00007fffd39c0000 - 0x00007fffd3b1a000 	C:\Windows\System32\Windows.UI.dll
0x00007fffcda50000 - 0x00007fffcdb0a000 	C:\Windows\System32\Windows.Networking.Connectivity.dll
0x00007fffecd80000 - 0x00007fffecfce000 	C:\Windows\System32\twinapi.appcore.dll
0x00007ffff7340000 - 0x00007ffff74aa000 	C:\Windows\System32\WinTypes.dll
0x00007fffff1c0000 - 0x00007fffff31c000 	C:\WINDOWS\System32\MSCTF.dll
0x00007fffc0c10000 - 0x00007fffc0c37000 	C:\WINDOWS\System32\DriverStore\FileRepository\iigd_dch.inf_amd64_52ad2da9d64c0488\igdinfo64.dll
0x00007ffffba70000 - 0x00007ffffba8b000 	C:\WINDOWS\SYSTEM32\CRYPTSP.dll
0x00007ffffb080000 - 0x00007ffffb0b9000 	C:\WINDOWS\system32\rsaenh.dll
0x00007ffffb8d0000 - 0x00007ffffb8dc000 	C:\WINDOWS\SYSTEM32\CRYPTBASE.dll
0x00007ffffc2c0000 - 0x00007ffffc2ea000 	C:\WINDOWS\SYSTEM32\bcrypt.dll
0x00007fffedcf0000 - 0x00007ffff12a2000 	C:\WINDOWS\System32\DriverStore\FileRepository\iigd_dch.inf_amd64_52ad2da9d64c0488\igc64.dll
0x00007fffc2800000 - 0x00007fffc2950000 	C:\Windows\System32\Windows.UI.Immersive.dll
0x00007fffec9f0000 - 0x00007fffeca09000 	C:\WINDOWS\System32\npmproxy.dll
0x00007ffff3e30000 - 0x00007ffff3ebe000 	C:\WINDOWS\SYSTEM32\wlanapi.dll
0x00007ffff3c40000 - 0x00007ffff3c62000 	C:\WINDOWS\SYSTEM32\MobileNetworking.dll
0x00007ffffab60000 - 0x00007ffffab92000 	C:\Windows\System32\IPHLPAPI.DLL
0x00007ffffe620000 - 0x00007ffffe62a000 	C:\WINDOWS\System32\NSI.dll
0x00007fffb4000000 - 0x00007fffb4013000 	C:\Windows\System32\dusmapi.dll
0x00007fffe8210000 - 0x00007fffe8225000 	C:\Users\USER\.openjfx\cache\24+29\amd64\javafx_font.dll
0x00007ffff70d0000 - 0x00007ffff7337000 	C:\WINDOWS\SYSTEM32\dwrite.dll
0x00007ffffb720000 - 0x00007ffffb753000 	C:\WINDOWS\SYSTEM32\USERENV.dll
0x00007ffffac00000 - 0x00007ffffad32000 	C:\WINDOWS\SYSTEM32\DNSAPI.dll

JVMTI agents: none

dbghelp: loaded successfully - version: 4.0.5 - missing functions: none
symbol engine: initialized successfully - sym options: 0x614 - pdb path: .;C:\Program Files\Java\jdk-24\bin;C:\WINDOWS\SYSTEM32;C:\WINDOWS\WinSxS\amd64_microsoft.windows.common-controls_6595b64144ccf1df_6.0.26100.8457_none_3e0b2faee331e92d;C:\Program Files\Java\jdk-24\bin\server;C:\Users\USER\.openjfx\cache\24+29\amd64;C:\WINDOWS\System32\DriverStore\FileRepository\iigd_dch.inf_amd64_52ad2da9d64c0488;C:\Program Files\Common Files\Microsoft Shared\Ink

VM Arguments:
jvm_args: --add-modules=javafx.controls,javafx.fxml --module-path=C:\Users\USER\.gradle\caches\modules-2\files-2.1\org.openjfx\javafx-fxml\24\5532187f0e082f351b250f198df3dabdc3b5d8ac\javafx-fxml-24-win.jar;C:\Users\USER\.gradle\caches\modules-2\files-2.1\org.openjfx\javafx-controls\24\a483be72c28ee64cf2a6112a8b4707421f67733b\javafx-controls-24-win.jar;C:\Users\USER\.gradle\caches\modules-2\files-2.1\org.openjfx\javafx-graphics\24\bd6af15d47d15f3c8b1ed6feb404c22865d17161\javafx-graphics-24-win.jar;C:\Users\USER\.gradle\caches\modules-2\files-2.1\org.openjfx\javafx-base\24\c843bfdf43a9b6285eff252d268f84adc2bdea71\javafx-base-24-win.jar -Dfile.encoding=UTF-8 -Duser.country=US -Duser.language=en -Duser.variant 
java_command: view.MainApp
java_class_path (initial): D:\Amertut\IF2050-2026-K02-G07-SIMP\build\classes\java\main;D:\Amertut\IF2050-2026-K02-G07-SIMP\build\resources\main;C:\Users\USER\.gradle\caches\modules-2\files-2.1\org.postgresql\postgresql\42.7.3\24f3e9f7231428cd20eb4dde00dd3fce44e05464\postgresql-42.7.3.jar;C:\Users\USER\.gradle\caches\modules-2\files-2.1\io.github.cdimascio\dotenv-java\3.0.0\f535c5df8b98575eabb2820e548f5ba8a987fe69\dotenv-java-3.0.0.jar;C:\Users\USER\.gradle\caches\modules-2\files-2.1\org.apache.poi\poi-ooxml\5.2.3\2efd11c940adb18c03eb9ce7ad88fc40ee6a196\poi-ooxml-5.2.3.jar;C:\Users\USER\.gradle\caches\modules-2\files-2.1\org.apache.poi\poi\5.2.3\2fb22ae74ad5aea6af1a9c64b9542f2ccf348604\poi-5.2.3.jar;C:\Users\USER\.gradle\caches\modules-2\files-2.1\org.apache.commons\commons-collections4\4.4\62ebe7544cb7164d87e0637a2a6a2bdc981395e8\commons-collections4-4.4.jar;C:\Users\USER\.gradle\caches\modules-2\files-2.1\com.itextpdf\layout\7.2.5\fa86109028fdae497318b72aeaccba2c20142953\layout-7.2.5.jar;C:\Users\USER\.gradle\caches\modules-2\files-2.1\com.itextpdf\kernel\7.2.5\379e375318afd5c979f9636e37b0da4b0a5cabac\kernel-7.2.5.jar;C:\Users\USER\.gradle\caches\modules-2\files-2.1\com.itextpdf\io\7.2.5\4ca96bf67a12117ebd4f50da935b56e21b07f49c\io-7.2.5.jar;C:\Users\USER\.gradle\caches\modules-2\files-2.1\org.checkerframework\checker-qual\3.42.0\638ec33f363a94d41a4f03c3e7d3dcfba64e402d\checker-qual-3.42.0.jar;C:\Users\USER\.gradle\caches\modules-2\files-2.1\org.apache.poi\poi-ooxml-lite\5.2.3\db113c8e9051b0ff967f4911fa20336c8325a7c5\poi-ooxml-lite-5.2.3.jar;C:\Users\USER\.gradle\caches\modules-2\files-2.1\org.apache.xmlbeans\xmlbeans\5.1.1\48a369df0eccb509d46203104e4df9cb00f0f68b\xmlbeans-5.1.1.jar;C:\Users\USER\.gradle\caches\modules-2\files-2.1\org.apache.commons\commons-compress\1.21\4ec95b60d4e86b5c95a0e919cb172a0af98011ef\commons-compress-1.21.jar;C:\Users\USER\.gradle\caches\modules-2\files-2.1\commons-io\commons-io\2.11.0\a2503f302b11ebde7ebc3df41daebe0e4eea3689\commons-io-2.11.0.jar;C:\Users\USER\.gradle\caches\modules-2\files-2.1\com.github.virtuald\curvesapi\1.07\863654849995f9d4f0ed2ed1a3870da3a108473c\curvesapi-1.07.jar;C:\Users\USER\.gradle\caches\modules-2\files-2.1\org.apache.logging.log4j\log4j-api\2.18.0\c72ad9b1d8d42e4ea7befd8248bf05877af4c63d\log4j-api-2.18.0.jar;C:\Users\USER\.gradle\caches\modules-2\files-2.1\org.bouncycastle\bcpkix-jdk15on\1.70\f81e5af49571a9d5a109a88f239a73ce87055417\bcpkix-jdk15on-1.70.jar;C:\Users\USER\.gradle\caches\modules-2\files-2.1\org.bouncycastle\bcutil-jdk15on\1.70\54280e7195a7430d7911ded93fc01e07300b9526\bcutil-jdk15on-1.70.jar;C:\Users\USER\.gradle\caches\modules-2\files-2.1\org.bouncycastle\bcprov-jdk15on\1.70\4636a0d01f74acaf28082fb62b317f1080118371\bcprov-jdk15on-1.70.jar;C:\Users\USER\.gradle\caches\modules-2\files-2.1\com.itextpdf\commons\7.2.5\75724b294d5d4ace2e9ade91e1afb2a026a74b5\commons-7.2.5.jar;C:\Users\USER\.gradle\caches\modules-2\files-2.1\org.slf4j\slf4j-api\1.7.36\6c62681a2f655b49963a5983b8b0950a6120ae14\slf4j-api-1.7.36.jar;C:\Users\USER\.gradle\caches\modules-2\files-2.1\commons-codec\commons-codec\1.15\49d94806b6e3dc933dacbd8acb0fdbab8ebd1e5d\commons-codec-1.15.jar;C:\Users\USER\.gradle\caches\modules-2\files-2.1\org.apache.commons\commons-math3\3.6.1\e4ba98f1d4b3c80ec46392f25e094a6a2e58fcbf\commons-math3-3.6.1.jar;C:\Users\USER\.gradle\caches\modules-2\files-2.1\com.zaxxer\SparseBitSet\1.2\8467c813d442837fcaeddbc42cf5c5359fab4933\SparseBitSet-1.2.jar
Launcher Type: SUN_STANDARD

[Global flags]
     intx CICompilerCount                          = 4                                         {product} {ergonomic}
     uint ConcGCThreads                            = 2                                         {product} {ergonomic}
     uint G1ConcRefinementThreads                  = 8                                         {product} {ergonomic}
   size_t G1HeapRegionSize                         = 2097152                                   {product} {ergonomic}
   size_t InitialHeapSize                          = 266338304                                 {product} {ergonomic}
   size_t MarkStackSize                            = 4194304                                   {product} {ergonomic}
   size_t MarkStackSizeMax                         = 536870912                                 {product} {ergonomic}
   size_t MaxHeapSize                              = 4236247040                                {product} {ergonomic}
   size_t MaxNewSize                               = 2541748224                                {product} {ergonomic}
   size_t MinHeapDeltaBytes                        = 2097152                                   {product} {ergonomic}
   size_t MinHeapSize                              = 8388608                                   {product} {ergonomic}
    uintx NonNMethodCodeHeapSize                   = 5832704                                {pd product} {ergonomic}
    uintx NonProfiledCodeHeapSize                  = 122945536                              {pd product} {ergonomic}
    uintx ProfiledCodeHeapSize                     = 122880000                              {pd product} {ergonomic}
    uintx ReservedCodeCacheSize                    = 251658240                              {pd product} {ergonomic}
     bool SegmentedCodeCache                       = true                                      {product} {ergonomic}
   size_t SoftMaxHeapSize                          = 4236247040                             {manageable} {ergonomic}
     bool UseCompressedOops                        = true                           {product lp64_product} {ergonomic}
     bool UseG1GC                                  = true                                      {product} {ergonomic}
     bool UseLargePagesIndividualAllocation        = false                                  {pd product} {ergonomic}

Logging:
Log output configuration:
 #0: stdout all=warning uptime,level,tags foldmultilines=false
 #1: stderr all=off uptime,level,tags foldmultilines=false

Environment Variables:
PATH=C:\Program Files\PostgreSQL\18\bin;C:\Program Files\MySQL\MySQL Server 8.0\bin;C:\Program Files\Java\jdk-24\bin;C:\Program Files\Common Files\Oracle\Java\javapath;C:\Program Files (x86)\Common Files\Oracle\Java\java8path;C:\Program Files (x86)\Common Files\Oracle\Java\javapath;C:\WINDOWS\system32;C:\WINDOWS;C:\WINDOWS\System32\Wbem;C:\WINDOWS\System32\WindowsPowerShell\v1.0\;C:\WINDOWS\System32\OpenSSH\;C:\msys64\ucrt64\bin;C:\Program Files\Git\cmd;C:\Program Files (x86)\Windows Kits\10\Windows Performance Toolkit\;C:\Flutter\src\flutter;C:\Program Files\nodejs\;C:\ProgramData\chocolatey\bin;C:\Program Files\Docker\Docker\resources\bin;C:\Program Files\MySQL\MySQL Shell 8.0\bin\;C:\Python34;C:\Users\USER\AppData\Local\Programs\Microsoft VS Code\bin;C:\Flutter\src\flutter\bin;C:\Users\USER\AppData\Roaming\npm;C:\Users\USER\.bun\bin;C:\Users\USER\AppData\Local\Microsoft\WindowsApps
USERNAME=USER
TERM=xterm
OS=Windows_NT
PROCESSOR_IDENTIFIER=Intel64 Family 6 Model 142 Stepping 12, GenuineIntel
TMP=C:\Users\USER\AppData\Local\Temp
TEMP=C:\Users\USER\AppData\Local\Temp




Periodic native trim disabled

---------------  S Y S T E M  ---------------

OS:
 Windows 11 , 64 bit Build 26100 (10.0.26100.8328)
OS uptime: 2 days 2:18 hours
Hyper-V role detected

CPU: total 8 (initial active 8) (4 cores per cpu, 2 threads per core) family 6 model 142 stepping 12 microcode 0x100, cx8, cmov, fxsr, ht, mmx, 3dnowpref, sse, sse2, sse3, ssse3, sse4.1, sse4.2, popcnt, lzcnt, tsc, tscinvbit, avx, avx2, aes, erms, clmul, bmi1, bmi2, adx, fma, vzeroupper, clflush, clflushopt, hv, rdtscp, f16c
Processor Information for the first 8 processors :
  Max Mhz: 2112, Current Mhz: 1910, Mhz Limit: 1900

Memory: 4k page, system-wide physical 16157M (1417M free)
TotalPageFile size 28552M (AvailPageFile size 15M)
current process WorkingSet (physical memory assigned to process): 1565M, peak: 1565M
current process commit charge ("private bytes"): 1612M, peak: 1618M

vm_info: Java HotSpot(TM) 64-Bit Server VM (24.0.2+12-54) for windows-amd64 JRE (24.0.2+12-54), built on 2025-07-08T12:10:27Z with MS VC++ 17.6 (VS2022)

END.
