version 2
JvmtiExport can_access_local_variables 0
JvmtiExport can_hotswap_or_post_breakpoint 1
JvmtiExport can_post_on_exceptions 0
# 563 ciObject found
instanceKlass javafx/scene/Node
ciInstanceKlass java/lang/Cloneable 1 0 7 100 1 100 1 1 1
# instanceKlass java/lang/invoke/LambdaForm$DMH+0x0000022a463b1400
# instanceKlass java/lang/invoke/LambdaForm$MH+0x0000022a463b1000
instanceKlass java/lang/Throwable$PrintStreamOrWriter
instanceKlass  @bci com/sun/javafx/tk/quantum/GlassViewEventHandler handleDragStart (Lcom/sun/glass/ui/View;IIIIILcom/sun/glass/ui/ClipboardAssistance;)V 29 <adapter> ; # java/lang/invoke/LambdaForm$MH+0x0000022a463b0c00
# instanceKlass java/lang/invoke/LambdaForm$DMH+0x0000022a463b0800
instanceKlass  @bci com/sun/javafx/tk/quantum/GlassViewEventHandler handleDragStart (Lcom/sun/glass/ui/View;IIIIILcom/sun/glass/ui/ClipboardAssistance;)V 29 <appendix> form vmentry <vmtarget> ; # java/lang/invoke/LambdaForm$DMH+0x0000022a463b0400
instanceKlass  @bci com/sun/javafx/tk/quantum/GlassViewEventHandler handleDragStart (Lcom/sun/glass/ui/View;IIIIILcom/sun/glass/ui/ClipboardAssistance;)V 29 <appendix> member <vmtarget> ; # com/sun/javafx/tk/quantum/GlassViewEventHandler$$Lambda+0x0000022a463ac910
instanceKlass  @cpi com/sun/javafx/tk/quantum/GlassViewEventHandler 793 form vmentry <vmtarget> ; # java/lang/invoke/LambdaForm$DMH+0x0000022a463b0000
instanceKlass java/io/FileOutputStream$1
instanceKlass java/util/zip/Deflater$DeflaterZStreamRef
instanceKlass java/util/zip/Deflater
instanceKlass com/itextpdf/commons/actions/producer/UsedProductsPlaceholderPopulator$ProductRepresentation
instanceKlass com/itextpdf/commons/actions/producer/CopyrightToPlaceholderPopulator
instanceKlass com/itextpdf/commons/actions/producer/CopyrightSincePlaceholderPopulator
instanceKlass com/itextpdf/commons/actions/producer/AbstractFormattedPlaceholderPopulator
instanceKlass com/itextpdf/commons/actions/producer/IPlaceholderPopulator
instanceKlass com/itextpdf/commons/actions/AbstractStatisticsAggregator
instanceKlass com/itextpdf/layout/renderer/AreaBreakRenderer
instanceKlass com/itextpdf/layout/renderer/TableBorderDescriptor
instanceKlass com/itextpdf/layout/properties/BorderRadius
instanceKlass com/itextpdf/layout/renderer/TableRenderer$CellRendererInfo
instanceKlass com/itextpdf/layout/renderer/TableWidths$CellInfo
instanceKlass com/itextpdf/layout/renderer/TableWidths$ColumnWidthData
instanceKlass com/itextpdf/layout/renderer/TableWidths
instanceKlass com/itextpdf/layout/renderer/TableBorderUtil
instanceKlass com/itextpdf/layout/renderer/CollapsedTableBorders$BorderComparator
instanceKlass com/itextpdf/layout/element/Table$RowRange
instanceKlass com/itextpdf/layout/renderer/TableBorders
instanceKlass com/itextpdf/layout/properties/Background
instanceKlass com/itextpdf/kernel/colors/ColorConstants
instanceKlass java/util/ArrayList$SubList$1
instanceKlass com/itextpdf/layout/element/ILargeElement
instanceKlass com/itextpdf/io/util/StreamUtil
instanceKlass com/itextpdf/io/font/otf/GlyphLine$GlyphLinePart
instanceKlass com/itextpdf/io/font/otf/ActualTextIterator
instanceKlass com/itextpdf/layout/renderer/TextRenderer$CustomGlyphLineFilter
instanceKlass com/itextpdf/kernel/geom/Matrix
instanceKlass com/itextpdf/kernel/pdf/canvas/CanvasGraphicsState
instanceKlass com/itextpdf/kernel/pdf/PdfResources$ResourceNameGenerator
instanceKlass com/itextpdf/kernel/pdf/layer/IPdfOCG
instanceKlass com/itextpdf/kernel/pdf/canvas/PdfCanvas
instanceKlass com/itextpdf/layout/renderer/DrawContext
instanceKlass com/itextpdf/commons/actions/sequence/SequenceIdManager
instanceKlass com/itextpdf/layout/properties/Leading
instanceKlass com/itextpdf/layout/renderer/TextSequenceWordWrapping$MinMaxWidthOfTextRendererSequenceHelper
instanceKlass com/itextpdf/layout/renderer/LineRenderer$LineAscentDescentState
instanceKlass com/itextpdf/layout/minmaxwidth/MinMaxWidthUtils
instanceKlass com/itextpdf/layout/splitting/BreakAllSplitCharacters
instanceKlass com/itextpdf/layout/splitting/DefaultSplitCharacters
instanceKlass com/itextpdf/layout/renderer/TextSequenceWordWrapping
instanceKlass com/itextpdf/layout/renderer/TypographyUtils
instanceKlass com/itextpdf/layout/renderer/TextPreprocessingUtil
instanceKlass com/itextpdf/io/font/otf/GlyphLine
instanceKlass com/itextpdf/layout/renderer/BlockFormattingContextUtil
instanceKlass com/itextpdf/layout/minmaxwidth/MinMaxWidth
instanceKlass com/itextpdf/layout/borders/Border
instanceKlass com/itextpdf/layout/properties/Property
instanceKlass com/itextpdf/layout/renderer/FloatingHelper
instanceKlass com/itextpdf/layout/renderer/RootRendererAreaStateHandler
instanceKlass com/itextpdf/io/util/NumberUtil
instanceKlass com/itextpdf/layout/renderer/TargetCounterHandler
instanceKlass com/itextpdf/layout/layout/LayoutArea
instanceKlass com/itextpdf/io/font/otf/GlyphLine$IGlyphLineFilter
instanceKlass com/itextpdf/layout/renderer/ILeafElementRenderer
instanceKlass com/itextpdf/layout/layout/LayoutResult
instanceKlass com/itextpdf/layout/layout/LayoutContext
instanceKlass com/itextpdf/layout/renderer/AbstractWidthHandler
instanceKlass com/itextpdf/kernel/pdf/canvas/CanvasTag
instanceKlass com/itextpdf/layout/properties/TransparentColor
instanceKlass com/itextpdf/layout/properties/UnitValue
instanceKlass com/itextpdf/kernel/pdf/tagutils/AccessibilityProperties
instanceKlass com/itextpdf/layout/element/ILeafElement
instanceKlass com/itextpdf/layout/tagging/IAccessibleElement
instanceKlass com/itextpdf/io/util/ArrayUtil
instanceKlass com/itextpdf/io/font/FontEncoding
instanceKlass com/itextpdf/kernel/font/PdfFontFactory$1
instanceKlass com/itextpdf/io/util/TextUtil
instanceKlass com/itextpdf/io/font/otf/Glyph
instanceKlass com/itextpdf/io/font/PdfEncodings$Cp437Conversion
instanceKlass com/itextpdf/io/font/PdfEncodings$SymbolTTConversion
instanceKlass com/itextpdf/io/font/PdfEncodings$SymbolConversion
instanceKlass com/itextpdf/io/font/PdfEncodings$WingdingsConversion
instanceKlass com/itextpdf/io/util/IntHashtable$Entry
instanceKlass com/itextpdf/io/util/IntHashtable
instanceKlass com/itextpdf/io/font/IExtraEncoding
instanceKlass com/itextpdf/io/font/PdfEncodings
instanceKlass com/itextpdf/io/font/AdobeGlyphList
instanceKlass com/itextpdf/io/font/constants/FontWeights
instanceKlass com/itextpdf/io/source/ArrayRandomAccessSource
instanceKlass com/itextpdf/io/source/RandomAccessFileOrArray
instanceKlass com/itextpdf/io/source/IRandomAccessSource
instanceKlass com/itextpdf/io/source/RandomAccessSourceFactory
instanceKlass com/itextpdf/io/font/Type1Parser
instanceKlass com/itextpdf/io/font/FontNames
instanceKlass com/itextpdf/io/font/FontIdentification
instanceKlass com/itextpdf/io/font/FontMetrics
instanceKlass com/itextpdf/io/util/ResourceUtil
instanceKlass com/itextpdf/io/font/cmap/ICMapLocation
instanceKlass com/itextpdf/io/font/cmap/AbstractCMap
instanceKlass com/itextpdf/io/font/FontCache
instanceKlass com/itextpdf/io/font/FontCacheKey
instanceKlass com/itextpdf/io/font/constants/StandardFonts
instanceKlass com/itextpdf/io/font/FontRegisterProvider
instanceKlass com/itextpdf/io/font/FontProgram
instanceKlass com/itextpdf/io/font/FontProgramFactory
instanceKlass com/itextpdf/kernel/font/PdfFontFactory
instanceKlass com/itextpdf/layout/renderer/AbstractRenderer
instanceKlass com/itextpdf/layout/renderer/IRenderer
instanceKlass com/itextpdf/layout/splitting/ISplitCharacters
instanceKlass com/itextpdf/commons/actions/sequence/AbstractIdentifiableElement
instanceKlass java/text/FieldPosition$Delegate
instanceKlass  @bci java/text/DecimalFormat format (Ljava/lang/Object;Ljava/text/Format$StringBuf;Ljava/text/FieldPosition;)Ljava/text/Format$StringBuf; 10 <appendix> member <vmtarget> ; # java/text/DecimalFormat$$TypeSwitch+0x0000022a461de8e0
instanceKlass com/itextpdf/commons/utils/MessageFormatUtil
instanceKlass com/itextpdf/commons/utils/SystemUtil
instanceKlass com/itextpdf/kernel/crypto/securityhandler/SecurityHandler
instanceKlass com/itextpdf/kernel/pdf/PdfDocumentInfo
instanceKlass com/itextpdf/kernel/pdf/PdfPagesTree
instanceKlass com/itextpdf/commons/utils/Base64
instanceKlass com/itextpdf/commons/actions/processors/AbstractITextProductEventProcessor
instanceKlass com/itextpdf/commons/actions/processors/ITextProductEventProcessor
instanceKlass com/itextpdf/commons/actions/processors/DefaultProductProcessorFactory
instanceKlass com/itextpdf/commons/actions/ProductProcessorFactoryKeeper
instanceKlass com/itextpdf/commons/actions/ProductNameConstant
instanceKlass com/itextpdf/commons/actions/contexts/GenericContext
instanceKlass com/itextpdf/commons/actions/NamespaceConstant
instanceKlass com/itextpdf/commons/actions/contexts/ContextManager$LengthComparator
instanceKlass com/itextpdf/commons/actions/contexts/ContextManager
instanceKlass com/itextpdf/commons/actions/contexts/UnknownContext
instanceKlass com/itextpdf/commons/actions/contexts/IContext
instanceKlass com/itextpdf/commons/actions/AbstractContextBasedEventHandler
instanceKlass com/itextpdf/commons/actions/IEventHandler
instanceKlass com/itextpdf/commons/actions/processors/IProductProcessorFactory
instanceKlass com/itextpdf/commons/actions/EventManager
instanceKlass com/itextpdf/commons/actions/data/ProductData
instanceKlass com/itextpdf/kernel/actions/data/ITextCoreProductData
instanceKlass com/itextpdf/kernel/pdf/EncryptedEmbeddedStreamsHandler
instanceKlass com/itextpdf/kernel/pdf/FingerPrint
instanceKlass com/itextpdf/commons/actions/sequence/SequenceId
instanceKlass com/itextpdf/kernel/geom/Rectangle
instanceKlass com/itextpdf/kernel/xmp/options/Options
instanceKlass com/itextpdf/kernel/pdf/PdfVersion
instanceKlass com/itextpdf/kernel/events/EventDispatcher
instanceKlass com/itextpdf/kernel/pdf/PdfXrefTable
instanceKlass com/itextpdf/kernel/pdf/DocumentProperties
instanceKlass com/itextpdf/kernel/pdf/PdfPageFactory
instanceKlass com/itextpdf/kernel/events/Event
instanceKlass com/itextpdf/commons/actions/AbstractITextEvent
instanceKlass com/itextpdf/commons/actions/IEvent
instanceKlass com/itextpdf/kernel/pdf/IPdfPageFactory
instanceKlass com/itextpdf/kernel/pdf/PdfDocument
instanceKlass com/itextpdf/kernel/events/IEventDispatcher
instanceKlass com/itextpdf/kernel/pdf/SmartModePdfObjectsSerializer
instanceKlass com/itextpdf/io/source/ByteBuffer
instanceKlass com/itextpdf/commons/utils/FileUtil
instanceKlass com/itextpdf/kernel/pdf/EncryptionProperties
instanceKlass com/itextpdf/kernel/pdf/WriterProperties
instanceKlass org/slf4j/helpers/NamedLoggerBase
instanceKlass org/slf4j/helpers/Util
instanceKlass org/slf4j/helpers/NOPLoggerFactory
instanceKlass org/slf4j/Logger
instanceKlass org/slf4j/helpers/SubstituteLoggerFactory
instanceKlass org/slf4j/ILoggerFactory
instanceKlass org/slf4j/event/LoggingEvent
instanceKlass org/slf4j/LoggerFactory
instanceKlass  @bci view/EksporLaporanView lambda$klikBuatLaporan$0 (Ljavafx/concurrent/Task;Ljavafx/concurrent/WorkerStateEvent;)V 58 <appendix> member <vmtarget> ; # view/EksporLaporanView$$Lambda+0x0000022a4637c7b0
instanceKlass  @bci view/EksporLaporanView lambda$klikBuatLaporan$0 (Ljavafx/concurrent/Task;Ljavafx/concurrent/WorkerStateEvent;)V 45 <appendix> member <vmtarget> ; # view/EksporLaporanView$$Lambda+0x0000022a4637c578
instanceKlass  @bci javafx/concurrent/Task$TaskCallable call ()Ljava/lang/Object; 45 <appendix> member <vmtarget> ; # javafx/concurrent/Task$TaskCallable$$Lambda+0x0000022a4637c340
instanceKlass model/LaporanProduksi
instanceKlass model/LaporanProduksi$PerformaProduk
instanceKlass  @bci controller/ReportController hitungSummaryProduk (Lmodel/Produk;Ljava/util/List;)Lmodel/LaporanProduksi$PerformaProduk; 28 <appendix> argL0 ; # controller/ReportController$$Lambda+0x0000022a4637bc78
instanceKlass  @bci controller/ReportController hitungSummaryProduk (Lmodel/Produk;Ljava/util/List;)Lmodel/LaporanProduksi$PerformaProduk; 6 <appendix> argL0 ; # controller/ReportController$$Lambda+0x0000022a4637ba48
instanceKlass model/LaporanProduksi$BarisTabel
instanceKlass  @bci java/util/stream/SortedOps$RefSortingSink end ()V 48 <appendix> member <vmtarget> ; # java/util/stream/SortedOps$RefSortingSink$$Lambda+0x0000022a461dd670
instanceKlass  @cpi java/util/stream/SortedOps$RefSortingSink 128 form vmentry <vmtarget> ; # java/lang/invoke/LambdaForm$DMH+0x0000022a46363400
instanceKlass  @bci controller/ReportController susunLaporan (Ljava/util/List;Ljava/time/LocalDate;Ljava/time/LocalDate;)Lmodel/LaporanProduksi; 137 <appendix> argL0 ; # controller/ReportController$$Lambda+0x0000022a4637b5b0
instanceKlass  @bci controller/ReportController susunLaporan (Ljava/util/List;Ljava/time/LocalDate;Ljava/time/LocalDate;)Lmodel/LaporanProduksi; 127 <appendix> member <vmtarget> ; # controller/ReportController$$Lambda+0x0000022a4637b348
instanceKlass  @bci controller/ReportController susunLaporan (Ljava/util/List;Ljava/time/LocalDate;Ljava/time/LocalDate;)Lmodel/LaporanProduksi; 36 <appendix> member <vmtarget> ; # controller/ReportController$$Lambda+0x0000022a4637b0e0
instanceKlass com/sun/javafx/geom/ArcIterator
instanceKlass com/sun/prism/shader/Texture_RadialGradient_PAD_Loader
instanceKlass com/sun/javafx/geom/EllipseIterator
instanceKlass javafx/scene/shape/Arc$9
instanceKlass javafx/concurrent/Task$3
instanceKlass  @bci javafx/concurrent/Task updateProgress (DD)V 101 <appendix> member <vmtarget> ; # javafx/concurrent/Task$$Lambda+0x0000022a4637a380
instanceKlass com/sun/javafx/scene/traversal/ContainerTabOrder$1
instanceKlass javafx/concurrent/Task$ProgressUpdate
instanceKlass  @bci javafx/concurrent/Task$TaskCallable call ()Ljava/lang/Object; 13 <appendix> member <vmtarget> ; # javafx/concurrent/Task$TaskCallable$$Lambda+0x0000022a46379b10
instanceKlass  @bci view/EksporLaporanView klikBuatLaporan ()V 164 <appendix> member <vmtarget> ; # view/EksporLaporanView$$Lambda+0x0000022a463798d8
instanceKlass javafx/concurrent/EventHelper
instanceKlass  @bci view/EksporLaporanView klikBuatLaporan ()V 151 <appendix> member <vmtarget> ; # view/EksporLaporanView$$Lambda+0x0000022a463772d8
instanceKlass  @bci javafx/animation/Animation playFromStart ()V 19 <appendix> member <vmtarget> ; # javafx/animation/Animation$$Lambda+0x0000022a463770a0
instanceKlass javafx/concurrent/Task$TaskCallable
instanceKlass javafx/scene/shape/Arc$1
instanceKlass com/sun/javafx/scene/shape/ArcHelper$ArcAccessor
instanceKlass javafx/scene/shape/Circle$1
instanceKlass com/sun/javafx/scene/shape/CircleHelper$CircleAccessor
instanceKlass  @bci javafx/scene/control/skin/ProgressIndicatorSkin$DeterminateIndicator <init> (Ljavafx/scene/control/skin/ProgressIndicatorSkin;Ljavafx/scene/control/ProgressIndicator;Ljavafx/scene/control/skin/ProgressIndicatorSkin;Ljavafx/scene/paint/Paint;)V 148 <appendix> member <vmtarget> ; # javafx/scene/control/skin/ProgressIndicatorSkin$DeterminateIndicator$$Lambda+0x0000022a4636f328
instanceKlass com/sun/scenario/animation/shared/InterpolationInterval$1
instanceKlass  @bci view/EksporLaporanView updateTextFieldStatus ()V 65 <appendix> argL0 ; # view/EksporLaporanView$$Lambda+0x0000022a4636c290
instanceKlass  @bci view/EksporLaporanView updateTextFieldStatus ()V 55 <appendix> member <vmtarget> ; # view/EksporLaporanView$$Lambda+0x0000022a4636c028
instanceKlass com/sun/prism/shader/DrawRoundRect_Color_Loader
instanceKlass com/sun/javafx/scene/control/skin/Utils$2
instanceKlass  @bci javafx/scene/control/skin/ProgressIndicatorSkin$IndeterminateSpinner rebuildTimeline ()V 205 <appendix> member <vmtarget> ; # javafx/scene/control/skin/ProgressIndicatorSkin$IndeterminateSpinner$$Lambda+0x0000022a46366a38
instanceKlass com/sun/javafx/animation/KeyValueHelper
instanceKlass javafx/animation/KeyValue$1
instanceKlass com/sun/javafx/animation/KeyValueHelper$KeyValueAccessor
instanceKlass  @bci javafx/scene/control/skin/ProgressIndicatorSkin <init> (Ljavafx/scene/control/ProgressIndicator;)V 145 <appendix> member <vmtarget> ; # javafx/scene/control/skin/ProgressIndicatorSkin$$Lambda+0x0000022a46364d80
instanceKlass  @bci javafx/scene/control/skin/ProgressIndicatorSkin <init> (Ljavafx/scene/control/ProgressIndicator;)V 131 <appendix> member <vmtarget> ; # javafx/scene/control/skin/ProgressIndicatorSkin$$Lambda+0x0000022a46364b38
instanceKlass  @bci javafx/scene/control/skin/ProgressIndicatorSkin <init> (Ljavafx/scene/control/ProgressIndicator;)V 117 <appendix> member <vmtarget> ; # javafx/scene/control/skin/ProgressIndicatorSkin$$Lambda+0x0000022a463648f0
instanceKlass  @bci javafx/scene/control/skin/ProgressIndicatorSkin <init> (Ljavafx/scene/control/ProgressIndicator;)V 103 <appendix> member <vmtarget> ; # javafx/scene/control/skin/ProgressIndicatorSkin$$Lambda+0x0000022a463646a8
instanceKlass  @bci com/sun/javafx/scene/TreeShowingProperty <init> (Ljavafx/scene/Node;)V 26 <appendix> member <vmtarget> ; # com/sun/javafx/scene/TreeShowingProperty$$Lambda+0x0000022a46364470
instanceKlass  @bci com/sun/javafx/scene/TreeShowingProperty <init> (Ljavafx/scene/Node;)V 16 <appendix> member <vmtarget> ; # com/sun/javafx/scene/TreeShowingProperty$$Lambda+0x0000022a46364238
instanceKlass  @bci com/sun/javafx/scene/TreeShowingProperty <init> (Ljavafx/scene/Node;)V 6 <appendix> member <vmtarget> ; # com/sun/javafx/scene/TreeShowingProperty$$Lambda+0x0000022a46364000
# instanceKlass java/lang/invoke/LambdaForm$MH+0x0000022a46363000
# instanceKlass java/lang/invoke/LambdaForm$MH+0x0000022a46362800
# instanceKlass java/lang/invoke/LambdaForm$MH+0x0000022a46362c00
instanceKlass  @bci com/sun/javafx/runtime/async/AbstractAsyncOperation notifyProgress ()V 13 <adapter> ; # java/lang/invoke/LambdaForm$MH+0x0000022a46362400
# instanceKlass java/lang/invoke/LambdaForm$DMH+0x0000022a46361c00
# instanceKlass java/lang/invoke/LambdaForm$DMH+0x0000022a46362000
# instanceKlass java/lang/invoke/LambdaForm$DMH+0x0000022a46361800
instanceKlass  @bci com/sun/javafx/runtime/async/AbstractAsyncOperation notifyProgress ()V 13 <appendix> form vmentry <vmtarget> ; # java/lang/invoke/LambdaForm$DMH+0x0000022a46361400
instanceKlass  @bci com/sun/javafx/runtime/async/AbstractAsyncOperation notifyProgress ()V 13 <appendix> member <vmtarget> ; # com/sun/javafx/runtime/async/AbstractAsyncOperation$$Lambda+0x0000022a4635d618
# instanceKlass com/sun/javafx/runtime/async/AbstractAsyncOperation$$Lambda+0x0000022a4635d3e0
# instanceKlass com/sun/javafx/runtime/async/AbstractAsyncOperation$$Lambda+0x0000022a4635d1a8
# instanceKlass com/sun/javafx/runtime/async/AbstractAsyncOperation$$Lambda+0x0000022a4635cf70
# instanceKlass java/lang/invoke/LambdaForm$DMH+0x0000022a46361000
# instanceKlass java/lang/invoke/LambdaForm$DMH+0x0000022a46360400
# instanceKlass java/lang/invoke/LambdaForm$DMH+0x0000022a46360c00
instanceKlass  @cpi com/sun/javafx/runtime/async/AbstractAsyncOperation 130 form vmentry <vmtarget> ; # java/lang/invoke/LambdaForm$DMH+0x0000022a46360800
instanceKlass java/text/DontCareFieldPosition$1
instanceKlass java/text/Format$FieldDelegate
instanceKlass java/text/StringBufFactory$StringBuilderImpl
instanceKlass java/text/Format$StringBuf
instanceKlass java/text/StringBufFactory
instanceKlass java/text/DateFormatSymbols
instanceKlass java/util/Calendar$Builder
instanceKlass java/text/AttributedCharacterIterator$Attribute
instanceKlass java/util/StringTokenizer
instanceKlass sun/net/www/MimeEntry
instanceKlass sun/net/www/MimeTable$DefaultInstanceHolder
instanceKlass sun/net/www/MimeTable
instanceKlass  @bci view/EksporLaporanView initialize ()V 130 <appendix> member <vmtarget> ; # view/EksporLaporanView$$Lambda+0x0000022a4635cd38
instanceKlass  @bci view/EksporLaporanView buatItemProdukHorizontal (Lmodel/Produk;)Ljavafx/scene/layout/VBox; 313 <appendix> member <vmtarget> ; # view/EksporLaporanView$$Lambda+0x0000022a4635cb00
instanceKlass  @bci view/EksporLaporanView buatItemProdukHorizontal (Lmodel/Produk;)Ljavafx/scene/layout/VBox; 303 <appendix> member <vmtarget> ; # view/EksporLaporanView$$Lambda+0x0000022a4635c8c8
instanceKlass java/net/URLConnection$1
instanceKlass java/net/FileNameMap
instanceKlass com/sun/javafx/runtime/async/AbstractAsyncOperation$1
instanceKlass  @bci com/sun/javafx/runtime/async/AbstractAsyncOperation <init> (Lcom/sun/javafx/runtime/async/AsyncOperationListener;)V 16 <appendix> member <vmtarget> ; # com/sun/javafx/runtime/async/AbstractAsyncOperation$$Lambda+0x0000022a4635c450
instanceKlass java/util/concurrent/LinkedTransferQueue$DualNode
instanceKlass java/util/concurrent/TransferQueue
instanceKlass  @bci com/sun/javafx/tk/quantum/PrismImageLoader2$AsyncImageLoader createExecutor ()Ljava/util/concurrent/ExecutorService; 17 <appendix> member <vmtarget> ; # com/sun/javafx/tk/quantum/PrismImageLoader2$AsyncImageLoader$$Lambda+0x0000022a4635c218
instanceKlass javafx/scene/image/Image$ImageTask
instanceKlass com/sun/javafx/runtime/async/AsyncOperationListener
instanceKlass  @bci view/EksporLaporanView initialize ()V 106 <appendix> member <vmtarget> ; # view/EksporLaporanView$$Lambda+0x0000022a4635ad58
instanceKlass  @bci view/EksporLaporanView initialize ()V 73 <appendix> member <vmtarget> ; # view/EksporLaporanView$$Lambda+0x0000022a4635ab10
instanceKlass  @bci view/EksporLaporanView initialize ()V 52 <appendix> argL0 ; # view/EksporLaporanView$$Lambda+0x0000022a4635a8c0
instanceKlass  @bci view/EksporLaporanView setupComboBoxFormat ()V 56 <appendix> member <vmtarget> ; # view/EksporLaporanView$$Lambda+0x0000022a4635a688
instanceKlass  @bci view/EksporLaporanView <init> ()V 82 <appendix> member <vmtarget> ; # view/EksporLaporanView$$Lambda+0x0000022a46358000
# instanceKlass java/lang/invoke/LambdaForm$MH+0x0000022a46350400
instanceKlass com/itextpdf/kernel/pdf/PdfNameLoader
instanceKlass com/itextpdf/io/source/ByteUtils
instanceKlass com/itextpdf/kernel/utils/ICopyFilter
instanceKlass com/itextpdf/kernel/pdf/PdfObject
instanceKlass com/itextpdf/kernel/pdf/PdfObjectWrapper
instanceKlass org/apache/poi/ss/usermodel/Row
instanceKlass org/apache/poi/ss/usermodel/Font
instanceKlass org/apache/poi/ss/usermodel/CellStyle
instanceKlass org/apache/poi/ss/usermodel/Color
instanceKlass org/apache/poi/xssf/usermodel/IndexedColorMap
instanceKlass com/itextpdf/layout/element/IBlockElement
instanceKlass com/itextpdf/layout/element/IAbstractElement
instanceKlass com/itextpdf/layout/element/IElement
instanceKlass com/itextpdf/layout/IPropertyContainer
instanceKlass com/itextpdf/kernel/colors/Color
instanceKlass service/FileGeneratorService
instanceKlass controller/ReportController
instanceKlass javafx/concurrent/Worker
instanceKlass view/EksporLaporanView
instanceKlass  @bci java/time/format/DateTimeFormatterBuilder$ReducedPrinterParser setValue (Ljava/time/format/DateTimeParseContext;JII)I 53 <adapter> ; # java/lang/invoke/LambdaForm$MH+0x0000022a46350000
# instanceKlass java/lang/invoke/LambdaForm$DMH+0x0000022a46344c00
instanceKlass  @bci java/time/format/DateTimeFormatterBuilder$ReducedPrinterParser setValue (Ljava/time/format/DateTimeParseContext;JII)I 53 <appendix> form vmentry <vmtarget> ; # java/lang/invoke/LambdaForm$DMH+0x0000022a46344800
instanceKlass  @bci java/time/format/DateTimeFormatterBuilder$ReducedPrinterParser setValue (Ljava/time/format/DateTimeParseContext;JII)I 53 <appendix> member <vmtarget> ; # java/time/format/DateTimeFormatterBuilder$ReducedPrinterParser$$Lambda+0x0000022a461daa18
instanceKlass  @cpi java/time/format/DateTimeFormatterBuilder$ReducedPrinterParser 228 form vmentry <vmtarget> ; # java/lang/invoke/LambdaForm$DMH+0x0000022a46344400
instanceKlass javafx/scene/control/skin/ComboBoxPopupControl$4
instanceKlass  @bci java/time/format/DecimalStyle of (Ljava/util/Locale;)Ljava/time/format/DecimalStyle; 11 <appendix> argL0 ; # java/time/format/DecimalStyle$$Lambda+0x0000022a461da0e0
instanceKlass java/time/format/DateTimeFormatterBuilder$LocalizedPrinterParser
instanceKlass javafx/scene/control/skin/ComboBoxPopupControl$2
instanceKlass  @bci javafx/scene/control/skin/DatePickerSkin <init> (Ljavafx/scene/control/DatePicker;)V 130 <appendix> member <vmtarget> ; # javafx/scene/control/skin/DatePickerSkin$$Lambda+0x0000022a4634f820
instanceKlass  @bci javafx/scene/control/skin/DatePickerSkin <init> (Ljavafx/scene/control/DatePicker;)V 114 <appendix> member <vmtarget> ; # javafx/scene/control/skin/DatePickerSkin$$Lambda+0x0000022a4634f5d8
instanceKlass  @bci javafx/scene/control/skin/DatePickerSkin <init> (Ljavafx/scene/control/DatePicker;)V 98 <appendix> member <vmtarget> ; # javafx/scene/control/skin/DatePickerSkin$$Lambda+0x0000022a4634f390
instanceKlass  @bci javafx/scene/control/skin/DatePickerSkin <init> (Ljavafx/scene/control/DatePicker;)V 83 <appendix> member <vmtarget> ; # javafx/scene/control/skin/DatePickerSkin$$Lambda+0x0000022a4634f148
instanceKlass  @bci javafx/scene/control/skin/DatePickerSkin <init> (Ljavafx/scene/control/DatePicker;)V 68 <appendix> member <vmtarget> ; # javafx/scene/control/skin/DatePickerSkin$$Lambda+0x0000022a4634ef00
instanceKlass  @bci javafx/scene/control/skin/DatePickerSkin <init> (Ljavafx/scene/control/DatePicker;)V 53 <appendix> member <vmtarget> ; # javafx/scene/control/skin/DatePickerSkin$$Lambda+0x0000022a4634ecb8
instanceKlass javafx/scene/control/skin/DatePickerSkin$1
instanceKlass javafx/scene/control/DatePicker$StyleableProperties
instanceKlass java/lang/foreign/MemorySegment
instanceKlass java/util/stream/Node$Builder$OfInt
instanceKlass  @bci java/util/stream/IntPipeline toArray ()[I 1 <appendix> argL0 ; # java/util/stream/IntPipeline$$Lambda+0x0000022a461d9340
instanceKlass  @bci javafx/scene/control/MultipleSelectionModelBase shiftSelection (Ljava/util/List;Ljavafx/util/Callback;)V 141 <appendix> argL0 ; # javafx/scene/control/MultipleSelectionModelBase$$Lambda+0x0000022a4634c9f8
instanceKlass  @bci javafx/scene/control/MultipleSelectionModelBase doShift (Ljavafx/util/Pair;Ljavafx/util/Callback;[I)V 40 <appendix> argL0 ; # javafx/scene/control/MultipleSelectionModelBase$$Lambda+0x0000022a4634c798
instanceKlass java/util/Spliterators$IntArraySpliterator
instanceKlass  @bci javafx/scene/control/MultipleSelectionModelBase shiftSelection (Ljava/util/List;Ljavafx/util/Callback;)V 35 <appendix> argL0 ; # javafx/scene/control/MultipleSelectionModelBase$$Lambda+0x0000022a4634c4f0
instanceKlass  @bci javafx/scene/control/DatePicker <init> (Ljava/time/LocalDate;)V 125 <appendix> member <vmtarget> ; # javafx/scene/control/DatePicker$$Lambda+0x0000022a4634c2b8
instanceKlass  @bci javafx/scene/control/DatePicker <init> (Ljava/time/LocalDate;)V 83 <appendix> member <vmtarget> ; # javafx/scene/control/DatePicker$$Lambda+0x0000022a4634c080
instanceKlass  @bci javafx/scene/control/DatePicker <init> (Ljava/time/LocalDate;)V 70 <appendix> member <vmtarget> ; # javafx/scene/control/DatePicker$$Lambda+0x0000022a4634be48
instanceKlass  @bci javafx/scene/control/Alert <init> (Ljavafx/scene/control/Alert$AlertType;Ljava/lang/String;[Ljavafx/scene/control/ButtonType;)V 193 <appendix> member <vmtarget> ; # javafx/scene/control/Alert$$Lambda+0x0000022a4634b228
instanceKlass javafx/scene/layout/ConstraintsBase
instanceKlass  @bci javafx/scene/control/Alert <init> (Ljavafx/scene/control/Alert$AlertType;Ljava/lang/String;[Ljavafx/scene/control/ButtonType;)V 46 <appendix> member <vmtarget> ; # javafx/scene/control/Alert$$Lambda+0x0000022a46347478
instanceKlass  @bci javafx/scene/control/Alert <init> (Ljavafx/scene/control/Alert$AlertType;Ljava/lang/String;[Ljavafx/scene/control/ButtonType;)V 36 <appendix> member <vmtarget> ; # javafx/scene/control/Alert$$Lambda+0x0000022a46347240
instanceKlass  @bci javafx/scene/control/Alert <init> (Ljavafx/scene/control/Alert$AlertType;Ljava/lang/String;[Ljavafx/scene/control/ButtonType;)V 26 <appendix> member <vmtarget> ; # javafx/scene/control/Alert$$Lambda+0x0000022a46347008
instanceKlass  @bci view/DataProduksiViewController buatBarisTabel (Lmodel/ProduksiHarian;)Ljavafx/scene/layout/HBox; 370 <appendix> member <vmtarget> ; # view/DataProduksiViewController$$Lambda+0x0000022a46346000
instanceKlass  @bci view/DataProduksiViewController buatBarisTabel (Lmodel/ProduksiHarian;)Ljavafx/scene/layout/HBox; 259 <appendix> member <vmtarget> ; # view/DataProduksiViewController$$Lambda+0x0000022a46343ce0
instanceKlass  @bci view/DataProduksiViewController initialize ()V 45 <appendix> member <vmtarget> ; # view/DataProduksiViewController$$Lambda+0x0000022a46343a98
# instanceKlass java/lang/invoke/LambdaForm$MH+0x0000022a46344000
instanceKlass view/DataProduksiViewController
instanceKlass  @bci com/sun/javafx/tk/quantum/WindowStage close ()V 5 <appendix> member <vmtarget> ; # com/sun/javafx/tk/quantum/WindowStage$$Lambda+0x0000022a46342cc0
instanceKlass com/sun/glass/ui/EventLoop
instanceKlass  @bci javafx/scene/control/skin/SeparatorSkin <init> (Ljavafx/scene/control/Separator;)V 86 <appendix> member <vmtarget> ; # javafx/scene/control/skin/SeparatorSkin$$Lambda+0x0000022a46341fe8
instanceKlass  @bci javafx/scene/control/skin/SeparatorSkin <init> (Ljavafx/scene/control/Separator;)V 72 <appendix> member <vmtarget> ; # javafx/scene/control/skin/SeparatorSkin$$Lambda+0x0000022a46341da0
instanceKlass  @bci javafx/scene/control/skin/SeparatorSkin <init> (Ljavafx/scene/control/Separator;)V 58 <appendix> member <vmtarget> ; # javafx/scene/control/skin/SeparatorSkin$$Lambda+0x0000022a46341b58
instanceKlass com/sun/javafx/scene/KeyboardShortcutsHandler$CopyOnWriteMap$1$1
instanceKlass  @bci javafx/scene/control/skin/ButtonBarSkin <init> (Ljavafx/scene/control/ButtonBar;)V 123 <appendix> member <vmtarget> ; # javafx/scene/control/skin/ButtonBarSkin$$Lambda+0x0000022a46340b58
instanceKlass  @bci javafx/scene/control/skin/ButtonBarSkin <init> (Ljavafx/scene/control/ButtonBar;)V 108 <appendix> member <vmtarget> ; # javafx/scene/control/skin/ButtonBarSkin$$Lambda+0x0000022a46340910
instanceKlass com/sun/javafx/scene/control/ListenerHelper$LiChLi
instanceKlass  @bci javafx/scene/control/skin/ButtonBarSkin <init> (Ljavafx/scene/control/ButtonBar;)V 93 <appendix> member <vmtarget> ; # javafx/scene/control/skin/ButtonBarSkin$$Lambda+0x0000022a46340478
instanceKlass  @bci javafx/scene/control/skin/ButtonBarSkin <init> (Ljavafx/scene/control/ButtonBar;)V 7 <appendix> member <vmtarget> ; # javafx/scene/control/skin/ButtonBarSkin$$Lambda+0x0000022a4633f860
instanceKlass javafx/scene/control/DialogPane$StyleableProperties
instanceKlass com/sun/javafx/binding/ContentBinding$ListContentBinding
instanceKlass com/sun/javafx/binding/ContentBinding
instanceKlass  @bci javafx/scene/control/DialogPane createButton (Ljavafx/scene/control/ButtonType;)Ljavafx/scene/Node; 44 <appendix> member <vmtarget> ; # javafx/scene/control/DialogPane$$Lambda+0x0000022a4633e108
instanceKlass javafx/scene/control/ButtonType
instanceKlass javafx/scene/layout/GridPane$CompositeSize
instanceKlass javafx/scene/layout/GridPane$StyleableProperties
instanceKlass  @bci javafx/scene/control/Dialog$1 invalidated ()V 78 <appendix> member <vmtarget> ; # javafx/scene/control/Dialog$1$$Lambda+0x0000022a4633cac8
instanceKlass  @bci javafx/scene/control/Dialog$1 <init> (Ljavafx/scene/control/Dialog;Ljava/lang/Object;Ljava/lang/String;Ljavafx/scene/control/DialogPane;)V 25 <appendix> member <vmtarget> ; # javafx/scene/control/Dialog$1$$Lambda+0x0000022a4633c890
instanceKlass  @bci javafx/scene/control/Dialog$1 <init> (Ljavafx/scene/control/Dialog;Ljava/lang/Object;Ljava/lang/String;Ljavafx/scene/control/DialogPane;)V 15 <appendix> member <vmtarget> ; # javafx/scene/control/Dialog$1$$Lambda+0x0000022a4633c658
instanceKlass  @bci javafx/scene/control/DialogPane createButtonBar ()Ljavafx/scene/Node; 42 <appendix> member <vmtarget> ; # javafx/scene/control/DialogPane$$Lambda+0x0000022a4633c420
instanceKlass  @bci javafx/scene/control/DialogPane createButtonBar ()Ljavafx/scene/Node; 26 <appendix> member <vmtarget> ; # javafx/scene/control/DialogPane$$Lambda+0x0000022a4633c1e8
instanceKlass  @bci javafx/scene/control/DialogPane <init> ()V 214 <appendix> member <vmtarget> ; # javafx/scene/control/DialogPane$$Lambda+0x0000022a4633bfb0
instanceKlass  @bci javafx/scene/layout/GridPane <init> ()V 53 <appendix> member <vmtarget> ; # javafx/scene/layout/GridPane$$Lambda+0x0000022a4633bd78
instanceKlass  @bci javafx/scene/layout/GridPane <clinit> ()V 16 <appendix> argL0 ; # javafx/scene/layout/GridPane$$Lambda+0x0000022a4633a928
instanceKlass  @bci javafx/scene/control/HeavyweightDialog <init> (Ljavafx/scene/control/Dialog;)V 77 <appendix> member <vmtarget> ; # javafx/scene/control/HeavyweightDialog$$Lambda+0x0000022a46333bb8
instanceKlass  @bci javafx/scene/control/HeavyweightDialog <init> (Ljavafx/scene/control/Dialog;)V 60 <appendix> member <vmtarget> ; # javafx/scene/control/HeavyweightDialog$$Lambda+0x0000022a46333980
instanceKlass javafx/scene/control/FXDialog
instanceKlass  @bci view/ProdukViewController pilihProduk (I)V 57 <appendix> member <vmtarget> ; # view/ProdukViewController$$Lambda+0x0000022a46330238
instanceKlass  @bci view/ProdukViewController pilihProduk (I)V 50 <appendix> member <vmtarget> ; # view/ProdukViewController$$Lambda+0x0000022a46330000
instanceKlass view/DetailProdukController
instanceKlass com/sun/prism/image/CompoundCoords
instanceKlass com/sun/prism/image/ViewPort
instanceKlass com/sun/prism/image/Coords
instanceKlass javafx/scene/layout/FlowPane$LayoutRect
instanceKlass javafx/scene/layout/FlowPane$StyleableProperties
instanceKlass  @bci service/StatistikService calculateAveragePerforma (ILjava/time/LocalDate;Ljava/time/LocalDate;Ljava/lang/String;)Ljava/util/Map; 324 <appendix> argL0 ; # service/StatistikService$$Lambda+0x0000022a4632ebf0
instanceKlass  @bci service/StatistikService calculateAveragePerforma (ILjava/time/LocalDate;Ljava/time/LocalDate;Ljava/lang/String;)Ljava/util/Map; 300 <appendix> argL0 ; # service/StatistikService$$Lambda+0x0000022a4632e9c0
instanceKlass  @bci service/StatistikService calculateAveragePerforma (ILjava/time/LocalDate;Ljava/time/LocalDate;Ljava/lang/String;)Ljava/util/Map; 211 <appendix> argL0 ; # service/StatistikService$$Lambda+0x0000022a4632e770
instanceKlass  @bci view/ProdukViewController buatCardProduk (Lmodel/Produk;)Ljavafx/scene/layout/VBox; 426 <appendix> member <vmtarget> ; # view/ProdukViewController$$Lambda+0x0000022a4632e538
instanceKlass model/TargetProduksi
instanceKlass  @bci service/StatistikService calculateAveragePerforma (ILjava/time/LocalDate;Ljava/time/LocalDate;Ljava/lang/String;)Ljava/util/Map; 20 <appendix> member <vmtarget> ; # service/StatistikService$$Lambda+0x0000022a4632e028
instanceKlass  @bci view/ProdukViewController initialize ()V 163 <appendix> member <vmtarget> ; # view/ProdukViewController$$Lambda+0x0000022a4632ddf0
instanceKlass  @bci view/ProdukViewController initialize ()V 147 <appendix> member <vmtarget> ; # view/ProdukViewController$$Lambda+0x0000022a4632dbb8
instanceKlass  @bci view/ProdukViewController initialize ()V 83 <appendix> member <vmtarget> ; # view/ProdukViewController$$Lambda+0x0000022a4632d980
instanceKlass  @bci view/ProdukViewController setupFilterKategori ()V 51 <appendix> member <vmtarget> ; # view/ProdukViewController$$Lambda+0x0000022a4632d738
instanceKlass  @bci view/ProdukViewController setupFilterKategori ()V 30 <appendix> argL0 ; # view/ProdukViewController$$Lambda+0x0000022a4632d4e8
instanceKlass javafx/collections/transformation/SortedList$Element
instanceKlass com/sun/javafx/collections/SortHelper
instanceKlass  @bci javafx/collections/transformation/TransformationList getListener ()Ljavafx/collections/ListChangeListener; 9 <appendix> member <vmtarget> ; # javafx/collections/transformation/TransformationList$$Lambda+0x0000022a4632c758
instanceKlass  @bci view/ProdukViewController initialize ()V 41 <appendix> argL0 ; # view/ProdukViewController$$Lambda+0x0000022a4632c4f8
# instanceKlass java/lang/invoke/LambdaForm$DMH+0x0000022a4632a400
instanceKlass javafx/scene/layout/FlowPane$Run
instanceKlass  @bci javafx/scene/layout/FlowPane <clinit> ()V 0 <appendix> argL0 ; # javafx/scene/layout/FlowPane$$Lambda+0x0000022a463276e0
# instanceKlass java/lang/invoke/LambdaForm$MH+0x0000022a4632a000
# instanceKlass java/lang/invoke/LambdaForm$MH+0x0000022a46329c00
# instanceKlass java/lang/invoke/LambdaForm$DMH+0x0000022a46329800
# instanceKlass java/lang/invoke/LambdaForm$DMH+0x0000022a46329400
# instanceKlass java/lang/invoke/LambdaForm$DMH+0x0000022a46329000
instanceKlass java/lang/invoke/MethodHandleImpl$ArrayAccessor
instanceKlass java/lang/invoke/MethodHandleImpl$LoopClauses
instanceKlass java/lang/invoke/MethodHandleImpl$CasesHolder
# instanceKlass java/lang/invoke/LambdaForm$MH+0x0000022a46328c00
# instanceKlass java/lang/invoke/LambdaForm$BMH+0x0000022a46328800
# instanceKlass java/lang/invoke/LambdaForm$DMH+0x0000022a46328400
# instanceKlass java/lang/invoke/LambdaForm$DMH+0x0000022a46328000
instanceKlass com/sun/javafx/fxml/builder/ProxyBuilder$AnnotationValue
instanceKlass  @bci com/sun/javafx/fxml/builder/ProxyBuilder <init> (Ljava/lang/Class;)V 10 <appendix> argL0 ; # com/sun/javafx/fxml/builder/ProxyBuilder$$Lambda+0x0000022a46323720
instanceKlass javafx/beans/NamedArg
instanceKlass com/sun/javafx/iio/jpeg/JPEGImageLoader$Lock
instanceKlass com/sun/javafx/util/DataURI
instanceKlass view/FormProdukController
instanceKlass javafx/scene/control/Dialog
instanceKlass view/ProdukViewController
instanceKlass com/sun/javafx/font/directwrite/D2D1_POINT_2F
instanceKlass com/sun/javafx/font/directwrite/D2D1_PIXEL_FORMAT
instanceKlass com/sun/javafx/font/directwrite/D2D1_RENDER_TARGET_PROPERTIES
instanceKlass  @bci com/sun/javafx/font/directwrite/DWFactory getWICFactory ()Lcom/sun/javafx/font/directwrite/IWICImagingFactory; 36 <appendix> argL0 ; # com/sun/javafx/font/directwrite/DWFactory$$Lambda+0x0000022a4631fb00
instanceKlass com/sun/prism/shader/Solid_Color_Loader
instanceKlass com/sun/javafx/sg/prism/NGCanvas$RenderBuf
instanceKlass  @bci javafx/scene/layout/Region getAreaBaselineOffset (Ljava/util/List;Ljavafx/util/Callback;Ljava/util/function/Function;DZDZ)D 6 <appendix> member <vmtarget> ; # javafx/scene/layout/Region$$Lambda+0x0000022a4631e000
instanceKlass  @cpi javafx/scene/layout/Region 1383 form vmentry <vmtarget> ; # java/lang/invoke/LambdaForm$DMH+0x0000022a4631c800
instanceKlass  @bci javafx/scene/layout/HBox layoutChildren ()V 180 <appendix> member <vmtarget> ; # javafx/scene/layout/HBox$$Lambda+0x0000022a4631bd38
instanceKlass jdk/internal/util/regex/IndicConjunctBreak
instanceKlass jdk/internal/util/regex/Grapheme
instanceKlass java/text/BreakIterator$BreakIteratorCache
instanceKlass sun/util/locale/provider/BreakIteratorProviderImpl$CharacterIteratorCharSequence
instanceKlass java/text/StringCharacterIterator
instanceKlass java/text/BreakIterator
instanceKlass  @bci javafx/scene/control/ListCell layoutChildren ()V 21 <appendix> member <vmtarget> ; # javafx/scene/control/ListCell$$Lambda+0x0000022a4631bb00
instanceKlass com/sun/javafx/scene/control/ReadOnlyUnbackedObservableList$SelectionListIterator
instanceKlass javafx/scene/layout/BorderStroke
instanceKlass javafx/scene/layout/BorderStrokeStyle
# instanceKlass java/lang/invoke/LambdaForm$DMH+0x0000022a4631c400
instanceKlass  @bci view/DashboardView updateAktivitas (Ljava/util/List;)V 123 <appendix> member <vmtarget> ; # view/DashboardView$$Lambda+0x0000022a4631a538
instanceKlass java/util/stream/SortedOps
instanceKlass java/util/Collections$ReverseComparator2
instanceKlass java/util/Collections$ReverseComparator
instanceKlass  @bci java/util/Comparator comparing (Ljava/util/function/Function;)Ljava/util/Comparator; 6 <appendix> member <vmtarget> ; # java/util/Comparator$$Lambda+0x0000022a461d4b60
instanceKlass java/lang/classfile/constantpool/IntegerEntry
instanceKlass sun/invoke/util/BytecodeDescriptor
instanceKlass java/lang/invoke/InnerClassLambdaMetafactory$4
instanceKlass java/lang/invoke/InnerClassLambdaMetafactory$SerializationSupport
instanceKlass  @cpi controller/ReportController 248 form vmentry <vmtarget> ; # java/lang/invoke/LambdaForm$DMH+0x0000022a4631c000
instanceKlass  @bci view/DashboardView updateAktivitas (Ljava/util/List;)V 95 <appendix> argL0 ; # view/DashboardView$$Lambda+0x0000022a4631a2e8
instanceKlass  @bci view/DashboardView updatePerformingTables (Ljava/util/List;)V 217 <appendix> member <vmtarget> ; # view/DashboardView$$Lambda+0x0000022a4631a0a0
instanceKlass model/Kategori
instanceKlass org/postgresql/util/ByteConverter
instanceKlass model/Produk
instanceKlass  @bci view/DashboardView updatePerformingTables (Ljava/util/List;)V 164 <appendix> member <vmtarget> ; # view/DashboardView$$Lambda+0x0000022a46319778
instanceKlass  @bci view/DashboardView updatePerformingTables (Ljava/util/List;)V 127 <appendix> argL0 ; # view/DashboardView$$Lambda+0x0000022a463194d0
instanceKlass  @bci view/DashboardView updatePerformingTables (Ljava/util/List;)V 44 <appendix> argL0 ; # view/DashboardView$$Lambda+0x0000022a46319280
instanceKlass  @bci java/util/regex/Pattern CIRange (II)Ljava/util/regex/Pattern$CharPredicate; 2 <appendix> member <vmtarget> ; # java/util/regex/Pattern$$Lambda+0x0000022a461d3f08
instanceKlass  @bci java/util/regex/Pattern SingleI (II)Ljava/util/regex/Pattern$BmpCharPredicate; 2 <appendix> member <vmtarget> ; # java/util/regex/Pattern$$Lambda+0x0000022a461d3c68
instanceKlass java/time/format/Parsed
instanceKlass java/time/format/DateTimeParseContext
instanceKlass  @bci java/time/LocalDate parse (Ljava/lang/CharSequence;Ljava/time/format/DateTimeFormatter;)Ljava/time/LocalDate; 9 <appendix> argL0 ; # java/time/LocalDate$$Lambda+0x0000022a461d35b0
instanceKlass java/util/OptionalInt
instanceKlass java/util/stream/ReduceOps$6ReducingSink
instanceKlass  @bci java/util/stream/IntPipeline max ()Ljava/util/OptionalInt; 1 <appendix> argL0 ; # java/util/stream/IntPipeline$$Lambda+0x0000022a461d2b48
instanceKlass  @bci view/DashboardView updateGrafik (Ljava/util/List;)V 110 <appendix> argL0 ; # view/DashboardView$$Lambda+0x0000022a46318dd8
instanceKlass com/sun/javafx/sg/prism/GrowableDataBuffer$WeakLink
instanceKlass com/sun/javafx/sg/prism/GrowableDataBuffer
instanceKlass javafx/scene/canvas/GraphicsContext$State
instanceKlass javafx/scene/image/PixelWriter
instanceKlass javafx/scene/canvas/GraphicsContext
instanceKlass  @bci service/StatistikService kalkulasiTren (Ljava/util/List;)Ljava/util/List; 141 <appendix> argL0 ; # service/StatistikService$$Lambda+0x0000022a46318000
instanceKlass  @bci service/StatistikService kalkulasiTren (Ljava/util/List;)Ljava/util/List; 117 <appendix> argL0 ; # service/StatistikService$$Lambda+0x0000022a46314ca0
instanceKlass java/util/ComparableTimSort
instanceKlass  @bci java/util/stream/Collectors lambda$groupingBy$0 (Ljava/util/function/Function;Ljava/util/function/Supplier;Ljava/util/function/BiConsumer;Ljava/util/Map;Ljava/lang/Object;)V 20 <appendix> member <vmtarget> ; # java/util/stream/Collectors$$Lambda+0x0000022a461d2460
instanceKlass  @bci java/util/stream/Collectors mapMerger (Ljava/util/function/BinaryOperator;)Ljava/util/function/BinaryOperator; 1 <appendix> member <vmtarget> ; # java/util/stream/Collectors$$Lambda+0x0000022a461d2200
instanceKlass  @bci java/util/stream/Collectors groupingBy (Ljava/util/function/Function;Ljava/util/function/Supplier;Ljava/util/stream/Collector;)Ljava/util/stream/Collector; 19 <appendix> member <vmtarget> ; # java/util/stream/Collectors$$Lambda+0x0000022a461d1fb8
instanceKlass  @bci java/util/stream/Collectors groupingBy (Ljava/util/function/Function;Ljava/util/stream/Collector;)Ljava/util/stream/Collector; 1 <appendix> argL0 ; # java/util/stream/Collectors$$Lambda+0x0000022a461d1d88
instanceKlass  @bci service/StatistikService kalkulasiTren (Ljava/util/List;)Ljava/util/List; 29 <appendix> argL0 ; # service/StatistikService$$Lambda+0x0000022a46314a50
instanceKlass jdk/internal/math/FormattedFPDecimal
instanceKlass  @bci service/StatistikService getRingkasanDariData (Ljava/util/List;)Ljava/util/Map; 146 <appendix> argL0 ; # service/StatistikService$$Lambda+0x0000022a46314800
instanceKlass  @bci service/StatistikService getRingkasanDariData (Ljava/util/List;)Ljava/util/Map; 117 <appendix> argL0 ; # service/StatistikService$$Lambda+0x0000022a46315b88
instanceKlass java/util/stream/ReduceOps$5ReducingSink
instanceKlass  @bci java/util/stream/IntPipeline sum ()I 2 <appendix> argL0 ; # java/util/stream/IntPipeline$$Lambda+0x0000022a461d0a70
instanceKlass java/util/function/IntBinaryOperator
instanceKlass  @bci service/StatistikService getRingkasanDariData (Ljava/util/List;)Ljava/util/Map; 95 <appendix> argL0 ; # service/StatistikService$$Lambda+0x0000022a46315958
instanceKlass  @cpi controller/ReportController 260 form vmentry <vmtarget> ; # java/lang/invoke/LambdaForm$DMH+0x0000022a46314400
instanceKlass java/util/function/ToIntFunction
instanceKlass org/postgresql/jdbc/TimestampUtils$ParsedTimestamp
instanceKlass org/postgresql/util/NumberParser
instanceKlass model/ProduksiHarian
instanceKlass  @bci view/DashboardView buildPerformingCard (Ljava/lang/String;Ljavafx/scene/layout/VBox;)Ljavafx/scene/layout/VBox; 416 <appendix> member <vmtarget> ; # view/DashboardView$$Lambda+0x0000022a46317d50
instanceKlass javafx/scene/canvas/Canvas$1
instanceKlass com/sun/javafx/scene/canvas/CanvasHelper$CanvasAccessor
instanceKlass  @bci view/DashboardView buildEmptyState ()Ljavafx/scene/layout/VBox; 194 <appendix> member <vmtarget> ; # view/DashboardView$$Lambda+0x0000022a46313010
instanceKlass  @bci view/DashboardView buildEmptyState ()Ljavafx/scene/layout/VBox; 145 <appendix> member <vmtarget> ; # view/DashboardView$$Lambda+0x0000022a46312dd8
instanceKlass  @bci view/DashboardView buildMainContent ()Ljavafx/scene/layout/VBox; 224 <appendix> member <vmtarget> ; # view/DashboardView$$Lambda+0x0000022a46312ba0
instanceKlass  @bci view/DashboardView buildMainContent ()Ljavafx/scene/layout/VBox; 212 <appendix> member <vmtarget> ; # view/DashboardView$$Lambda+0x0000022a46312968
instanceKlass  @bci view/DashboardView buildMainContent ()Ljavafx/scene/layout/VBox; 200 <appendix> member <vmtarget> ; # view/DashboardView$$Lambda+0x0000022a46312730
instanceKlass  @bci view/DashboardView buildMainContent ()Ljavafx/scene/layout/VBox; 143 <appendix> member <vmtarget> ; # view/DashboardView$$Lambda+0x0000022a463124f8
instanceKlass  @bci view/DashboardView buildMainContent ()Ljavafx/scene/layout/VBox; 130 <appendix> member <vmtarget> ; # view/DashboardView$$Lambda+0x0000022a463122c0
instanceKlass  @bci view/DashboardView buildMainContent ()Ljavafx/scene/layout/VBox; 117 <appendix> member <vmtarget> ; # view/DashboardView$$Lambda+0x0000022a46312088
instanceKlass sun/util/locale/provider/CalendarDataUtility$CalendarFieldValueNameGetter
instanceKlass java/util/concurrent/atomic/AtomicMarkableReference$Pair
instanceKlass java/util/concurrent/atomic/AtomicMarkableReference
instanceKlass sun/util/resources/LocaleData$LocaleDataResourceBundleProvider
instanceKlass java/util/spi/ResourceBundleProvider
instanceKlass sun/util/locale/provider/CalendarNameProviderImpl$LengthBasedComparator
instanceKlass sun/util/locale/provider/CalendarDataUtility$CalendarFieldValueNamesMapGetter
instanceKlass  @bci java/time/format/DateTimeTextProvider findStore (Ljava/time/temporal/TemporalField;Ljava/util/Locale;)Ljava/lang/Object; 11 <appendix> member <vmtarget> ; # java/time/format/DateTimeTextProvider$$Lambda+0x0000022a461ce6b8
instanceKlass java/time/temporal/TemporalQueries$7
instanceKlass java/time/temporal/TemporalQueries$6
instanceKlass java/time/temporal/TemporalQueries$5
instanceKlass java/time/temporal/TemporalQueries$4
instanceKlass java/time/temporal/TemporalQueries$3
instanceKlass java/time/temporal/TemporalQueries$2
instanceKlass java/time/temporal/TemporalQueries$1
instanceKlass java/time/temporal/TemporalQueries
instanceKlass java/time/format/DateTimeFormatterBuilder$2
instanceKlass java/time/format/DateTimePrintContext
instanceKlass  @bci javafx/scene/control/Label <init> (Ljava/lang/String;)V 7 <appendix> member <vmtarget> ; # javafx/scene/control/Label$$Lambda+0x0000022a46311e50
instanceKlass service/StatistikService
instanceKlass controller/ProdukController
instanceKlass java/time/Year
instanceKlass java/time/zone/ZoneOffsetTransition
instanceKlass java/time/zone/ZoneOffsetTransitionRule
instanceKlass java/time/zone/ZoneRules
instanceKlass java/time/zone/Ser
instanceKlass java/io/Externalizable
instanceKlass java/time/zone/ZoneRulesProvider
instanceKlass java/time/Clock
instanceKlass java/time/InstantSource
instanceKlass  @bci java/time/format/DateTimeFormatter <clinit> ()V 1075 <appendix> argL0 ; # java/time/format/DateTimeFormatter$$Lambda+0x80000001c
instanceKlass  @bci java/time/format/DateTimeFormatter <clinit> ()V 1067 <appendix> argL0 ; # java/time/format/DateTimeFormatter$$Lambda+0x80000001b
instanceKlass java/time/format/DateTimeFormatterBuilder$TextPrinterParser
instanceKlass java/time/format/DateTimeTextProvider$1
instanceKlass java/time/format/DateTimeTextProvider
instanceKlass java/util/AbstractMap$SimpleImmutableEntry
instanceKlass java/time/format/DateTimeTextProvider$LocaleStore
instanceKlass java/time/format/DateTimeFormatterBuilder$InstantPrinterParser
instanceKlass java/time/format/DateTimeFormatterBuilder$StringLiteralPrinterParser
instanceKlass java/time/format/DateTimeFormatterBuilder$ZoneIdPrinterParser
instanceKlass java/time/format/DateTimeFormatterBuilder$OffsetIdPrinterParser
instanceKlass java/time/format/DecimalStyle
instanceKlass java/time/format/DateTimeFormatterBuilder$CompositePrinterParser
instanceKlass java/time/chrono/AbstractChronology
instanceKlass java/time/chrono/Chronology
instanceKlass java/time/format/DateTimeFormatterBuilder$CharLiteralPrinterParser
instanceKlass java/time/format/DateTimeFormatterBuilder$NumberPrinterParser
instanceKlass java/time/format/DateTimeFormatterBuilder$DateTimePrinterParser
instanceKlass java/time/temporal/JulianFields
instanceKlass java/time/temporal/IsoFields
instanceKlass  @bci java/time/format/DateTimeFormatterBuilder <clinit> ()V 0 <appendix> argL0 ; # java/time/format/DateTimeFormatterBuilder$$Lambda+0x80000001d
instanceKlass java/time/temporal/TemporalQuery
instanceKlass java/time/format/DateTimeFormatterBuilder
instanceKlass java/time/format/DateTimeFormatter
# instanceKlass java/lang/invoke/LambdaForm$MH+0x0000022a46314000
instanceKlass view/MainViewController
instanceKlass util/Session
instanceKlass model/Pengguna
instanceKlass java/util/Formatter$FormatSpecifierParser
instanceKlass org/postgresql/util/JdbcBlackHole
instanceKlass java/sql/ResultSetMetaData
instanceKlass org/postgresql/jdbc/PgResultSet
instanceKlass org/postgresql/PGRefCursorResultSet
instanceKlass org/postgresql/core/Tuple
instanceKlass org/postgresql/jdbc/FieldMetadata
instanceKlass  @bci org/postgresql/core/AsciiStringInterner getString ([BIILorg/postgresql/core/Encoding;)Ljava/lang/String; 134 <appendix> member <vmtarget> ; # org/postgresql/core/AsciiStringInterner$$Lambda+0x0000022a4630f2a8
instanceKlass org/postgresql/util/ByteStreamWriter
instanceKlass org/postgresql/util/StreamWrapper
instanceKlass org/postgresql/util/IntList
instanceKlass java/util/concurrent/atomic/AtomicIntegerFieldUpdater
instanceKlass org/postgresql/jdbc/ResultWrapper
instanceKlass org/postgresql/jdbc/PSQLWarningWrapper
instanceKlass java/sql/ParameterMetaData
instanceKlass java/sql/ResultSet
instanceKlass java/util/TimerTask
instanceKlass org/postgresql/jdbc/PgStatement
instanceKlass org/postgresql/core/BaseStatement
instanceKlass org/postgresql/PGStatement
instanceKlass  @bci com/sun/javafx/tk/quantum/GlassViewEventHandler handleScrollGestureEvent (Lcom/sun/glass/ui/View;JIIZZIIIIIDDDDDD)V 53 <adapter> ; # java/lang/invoke/LambdaForm$MH+0x0000022a4630ac00
# instanceKlass java/lang/invoke/LambdaForm$DMH+0x0000022a4630a800
instanceKlass  @bci com/sun/javafx/tk/quantum/GlassViewEventHandler handleScrollGestureEvent (Lcom/sun/glass/ui/View;JIIZZIIIIIDDDDDD)V 53 <appendix> form vmentry <vmtarget> ; # java/lang/invoke/LambdaForm$DMH+0x0000022a4630a400
instanceKlass  @bci com/sun/javafx/tk/quantum/GlassViewEventHandler handleScrollGestureEvent (Lcom/sun/glass/ui/View;JIIZZIIIIIDDDDDD)V 53 <appendix> member <vmtarget> ; # com/sun/javafx/tk/quantum/GlassViewEventHandler$$Lambda+0x0000022a4630c450
instanceKlass  @cpi com/sun/javafx/tk/quantum/GlassViewEventHandler 801 form vmentry <vmtarget> ; # java/lang/invoke/LambdaForm$DMH+0x0000022a4630a000
instanceKlass javafx/scene/Scene$53
instanceKlass  @bci com/sun/javafx/tk/quantum/GlassViewEventHandler handleEndTouchEvent (Lcom/sun/glass/ui/View;J)V 22 <appendix> member <vmtarget> ; # com/sun/javafx/tk/quantum/GlassViewEventHandler$$Lambda+0x0000022a4630c000
instanceKlass com/sun/javafx/tk/quantum/SwipeGestureRecognizer$TouchPointTracker
instanceKlass com/sun/javafx/scene/input/TouchPointHelper
instanceKlass javafx/scene/input/TouchPoint$1
instanceKlass com/sun/javafx/scene/input/TouchPointHelper$TouchPointAccessor
instanceKlass  @bci com/sun/javafx/tk/quantum/GlassViewEventHandler handleNextTouchEvent (Lcom/sun/glass/ui/View;JIJIIII)V 35 <adapter> ; # java/lang/invoke/LambdaForm$MH+0x0000022a46309c00
# instanceKlass java/lang/invoke/LambdaForm$DMH+0x0000022a46309800
instanceKlass  @bci com/sun/javafx/tk/quantum/GlassViewEventHandler handleNextTouchEvent (Lcom/sun/glass/ui/View;JIJIIII)V 35 <appendix> form vmentry <vmtarget> ; # java/lang/invoke/LambdaForm$DMH+0x0000022a46309400
instanceKlass  @bci com/sun/javafx/tk/quantum/GlassViewEventHandler handleNextTouchEvent (Lcom/sun/glass/ui/View;JIJIIII)V 35 <appendix> member <vmtarget> ; # com/sun/javafx/tk/quantum/GlassViewEventHandler$$Lambda+0x0000022a463070e8
instanceKlass  @cpi com/sun/javafx/tk/quantum/GlassViewEventHandler 816 form vmentry <vmtarget> ; # java/lang/invoke/LambdaForm$DMH+0x0000022a46309000
instanceKlass com/sun/glass/ui/TouchInputSupport$TouchCoord
instanceKlass javafx/scene/input/TouchPoint
instanceKlass  @bci com/sun/javafx/tk/quantum/GlassViewEventHandler handleBeginTouchEvent (Lcom/sun/glass/ui/View;JIZI)V 29 <adapter> ; # java/lang/invoke/LambdaForm$MH+0x0000022a46308c00
# instanceKlass java/lang/invoke/LambdaForm$DMH+0x0000022a46308800
instanceKlass  @bci com/sun/javafx/tk/quantum/GlassViewEventHandler handleBeginTouchEvent (Lcom/sun/glass/ui/View;JIZI)V 29 <appendix> form vmentry <vmtarget> ; # java/lang/invoke/LambdaForm$DMH+0x0000022a46308400
instanceKlass  @bci com/sun/javafx/tk/quantum/GlassViewEventHandler handleBeginTouchEvent (Lcom/sun/glass/ui/View;JIZI)V 29 <appendix> member <vmtarget> ; # com/sun/javafx/tk/quantum/GlassViewEventHandler$$Lambda+0x0000022a46306460
instanceKlass  @cpi com/sun/javafx/tk/quantum/GlassViewEventHandler 813 form vmentry <vmtarget> ; # java/lang/invoke/LambdaForm$DMH+0x0000022a46308000
instanceKlass java/util/IdentityHashMap$IdentityHashMapIterator
# instanceKlass java/lang/invoke/LambdaForm$MH+0x0000022a46305c00
instanceKlass  @bci com/sun/javafx/tk/quantum/GlassViewEventHandler handleScrollEvent (Lcom/sun/glass/ui/View;JIIIIDDIIIIIDD)V 49 <adapter> ; # java/lang/invoke/LambdaForm$MH+0x0000022a46305800
# instanceKlass java/lang/invoke/LambdaForm$DMH+0x0000022a46305400
instanceKlass  @bci com/sun/javafx/tk/quantum/GlassViewEventHandler handleScrollEvent (Lcom/sun/glass/ui/View;JIIIIDDIIIIIDD)V 49 <appendix> form vmentry <vmtarget> ; # java/lang/invoke/LambdaForm$DMH+0x0000022a46305000
instanceKlass  @bci com/sun/javafx/tk/quantum/GlassViewEventHandler handleScrollEvent (Lcom/sun/glass/ui/View;JIIIIDDIIIIIDD)V 49 <appendix> member <vmtarget> ; # com/sun/javafx/tk/quantum/GlassViewEventHandler$$Lambda+0x0000022a46303878
instanceKlass  @cpi com/sun/javafx/tk/quantum/GlassViewEventHandler 769 form vmentry <vmtarget> ; # java/lang/invoke/LambdaForm$DMH+0x0000022a46304c00
instanceKlass  @bci com/sun/prism/impl/BaseResourcePool cleanup (J)Z 109 <appendix> argL0 ; # com/sun/prism/impl/BaseResourcePool$$Lambda+0x0000022a46303648
instanceKlass com/sun/prism/shader/Texture_LinearGradient_PAD_Loader
instanceKlass com/sun/scenario/effect/impl/BufferUtil
# instanceKlass java/lang/invoke/LambdaForm$MH+0x0000022a46304800
# instanceKlass java/lang/invoke/LambdaForm$MH+0x0000022a46304400
# instanceKlass java/lang/invoke/LambdaForm$MH+0x0000022a46304000
instanceKlass com/sun/scenario/effect/impl/state/BoxRenderState$1
instanceKlass com/sun/scenario/effect/impl/prism/PrRenderInfo
instanceKlass com/sun/scenario/effect/ImageDataRenderer
instanceKlass java/lang/FdLibm$Atan2
instanceKlass com/sun/prism/shader/FillPgram_LinearGradient_PAD_Loader
instanceKlass com/sun/prism/impl/ps/PaintHelper
instanceKlass com/sun/prism/paint/Stop
instanceKlass com/sun/javafx/geom/transform/AffineBase$1
instanceKlass com/sun/scenario/effect/impl/prism/ps/PPSRenderer$2
instanceKlass com/sun/scenario/effect/impl/prism/ps/PPSRenderer$1
instanceKlass com/sun/scenario/effect/impl/ImagePool
instanceKlass com/sun/scenario/effect/impl/hw/d3d/D3DShaderSource
instanceKlass com/sun/scenario/effect/impl/hw/ShaderSource
instanceKlass com/sun/scenario/effect/FloatMap
instanceKlass com/sun/scenario/effect/ImageData
instanceKlass com/sun/scenario/effect/impl/EffectPeer
instanceKlass com/sun/prism/ResourceFactoryListener
instanceKlass com/sun/prism/d3d/D3DPipeline$1
instanceKlass com/sun/scenario/effect/impl/prism/PrTexture
instanceKlass com/sun/scenario/effect/impl/PoolFilterable
instanceKlass com/sun/scenario/effect/impl/RendererFactory
instanceKlass com/sun/scenario/effect/impl/Renderer
instanceKlass com/sun/javafx/geom/transform/Affine2D$1
instanceKlass java/lang/FdLibm$Acos
instanceKlass com/sun/javafx/sg/prism/EffectFilter
instanceKlass com/sun/scenario/effect/GaussianShadow$1
instanceKlass com/sun/javafx/tk/Toolkit$1
instanceKlass com/sun/scenario/effect/impl/state/LinearConvolveRenderState
instanceKlass com/sun/scenario/effect/Color4f
instanceKlass com/sun/scenario/effect/impl/state/LinearConvolveKernel
instanceKlass com/sun/scenario/effect/impl/state/RenderState
instanceKlass com/sun/javafx/geom/Path2D$SVGParser
instanceKlass com/sun/javafx/sg/prism/CacheFilter
instanceKlass javafx/scene/effect/Effect$2
instanceKlass  @bci javafx/scene/control/skin/ListViewSkin <init> (Ljavafx/scene/control/ListView;)V 482 <appendix> member <vmtarget> ; # javafx/scene/control/skin/ListViewSkin$$Lambda+0x0000022a462fa320
instanceKlass  @bci javafx/scene/control/skin/ListViewSkin <init> (Ljavafx/scene/control/ListView;)V 467 <appendix> member <vmtarget> ; # javafx/scene/control/skin/ListViewSkin$$Lambda+0x0000022a462fa0d8
instanceKlass  @bci javafx/scene/control/skin/ListViewSkin <init> (Ljavafx/scene/control/ListView;)V 453 <appendix> member <vmtarget> ; # javafx/scene/control/skin/ListViewSkin$$Lambda+0x0000022a462f9e90
instanceKlass  @bci javafx/scene/control/skin/ListViewSkin <init> (Ljavafx/scene/control/ListView;)V 439 <appendix> member <vmtarget> ; # javafx/scene/control/skin/ListViewSkin$$Lambda+0x0000022a462f9c48
instanceKlass  @bci javafx/scene/control/skin/ListViewSkin <init> (Ljavafx/scene/control/ListView;)V 425 <appendix> member <vmtarget> ; # javafx/scene/control/skin/ListViewSkin$$Lambda+0x0000022a462f9a00
instanceKlass  @bci javafx/scene/control/skin/ListViewSkin <init> (Ljavafx/scene/control/ListView;)V 410 <appendix> member <vmtarget> ; # javafx/scene/control/skin/ListViewSkin$$Lambda+0x0000022a462f97b8
instanceKlass com/sun/scenario/effect/EffectHelper
instanceKlass javafx/scene/effect/Effect$1
instanceKlass com/sun/scenario/effect/EffectHelper$EffectAccessor
instanceKlass  @bci javafx/scene/control/skin/ScrollBarSkin <init> (Ljavafx/scene/control/ScrollBar;)V 93 <appendix> member <vmtarget> ; # javafx/scene/control/skin/ScrollBarSkin$$Lambda+0x0000022a462f35b0
instanceKlass  @bci javafx/scene/control/skin/ScrollBarSkin <init> (Ljavafx/scene/control/ScrollBar;)V 78 <appendix> member <vmtarget> ; # javafx/scene/control/skin/ScrollBarSkin$$Lambda+0x0000022a462f3368
instanceKlass  @bci javafx/scene/control/skin/ScrollBarSkin <init> (Ljavafx/scene/control/ScrollBar;)V 38 <appendix> member <vmtarget> ; # javafx/scene/control/skin/ScrollBarSkin$$Lambda+0x0000022a462f3130
instanceKlass  @bci javafx/scene/control/skin/ScrollBarSkin initialize ()V 314 <appendix> member <vmtarget> ; # javafx/scene/control/skin/ScrollBarSkin$$Lambda+0x0000022a462f2ef8
instanceKlass  @bci javafx/scene/control/skin/ScrollBarSkin initialize ()V 294 <appendix> member <vmtarget> ; # javafx/scene/control/skin/ScrollBarSkin$$Lambda+0x0000022a462f2cc0
instanceKlass  @bci javafx/scene/control/skin/ScrollBarSkin initialize ()V 281 <appendix> member <vmtarget> ; # javafx/scene/control/skin/ScrollBarSkin$$Lambda+0x0000022a462f2a88
instanceKlass  @bci javafx/scene/control/skin/ScrollBarSkin initialize ()V 268 <appendix> member <vmtarget> ; # javafx/scene/control/skin/ScrollBarSkin$$Lambda+0x0000022a462f2850
instanceKlass  @bci javafx/scene/control/skin/ScrollBarSkin initialize ()V 255 <appendix> member <vmtarget> ; # javafx/scene/control/skin/ScrollBarSkin$$Lambda+0x0000022a462f2618
instanceKlass  @bci javafx/scene/control/skin/ScrollBarSkin initialize ()V 242 <appendix> member <vmtarget> ; # javafx/scene/control/skin/ScrollBarSkin$$Lambda+0x0000022a462f23e0
instanceKlass  @bci javafx/scene/control/skin/ScrollBarSkin initialize ()V 229 <appendix> member <vmtarget> ; # javafx/scene/control/skin/ScrollBarSkin$$Lambda+0x0000022a462f21a8
instanceKlass  @bci javafx/scene/control/skin/ScrollBarSkin initialize ()V 216 <appendix> member <vmtarget> ; # javafx/scene/control/skin/ScrollBarSkin$$Lambda+0x0000022a462f1f70
instanceKlass  @bci javafx/scene/control/skin/ScrollBarSkin initialize ()V 203 <appendix> member <vmtarget> ; # javafx/scene/control/skin/ScrollBarSkin$$Lambda+0x0000022a462f1d38
instanceKlass  @bci javafx/scene/control/skin/ScrollBarSkin initialize ()V 162 <appendix> member <vmtarget> ; # javafx/scene/control/skin/ScrollBarSkin$$Lambda+0x0000022a462f1b00
instanceKlass  @bci javafx/scene/control/skin/ScrollBarSkin initialize ()V 149 <appendix> member <vmtarget> ; # javafx/scene/control/skin/ScrollBarSkin$$Lambda+0x0000022a462f18c8
instanceKlass  @bci com/sun/javafx/scene/control/behavior/ScrollBarBehavior <init> (Ljavafx/scene/control/ScrollBar;)V 285 <appendix> member <vmtarget> ; # com/sun/javafx/scene/control/behavior/ScrollBarBehavior$$Lambda+0x0000022a462f1690
instanceKlass  @bci com/sun/javafx/scene/control/behavior/ScrollBarBehavior <init> (Ljavafx/scene/control/ScrollBar;)V 266 <appendix> member <vmtarget> ; # com/sun/javafx/scene/control/behavior/ScrollBarBehavior$$Lambda+0x0000022a462f1458
instanceKlass  @bci com/sun/javafx/scene/control/behavior/ScrollBarBehavior <init> (Ljavafx/scene/control/ScrollBar;)V 247 <appendix> member <vmtarget> ; # com/sun/javafx/scene/control/behavior/ScrollBarBehavior$$Lambda+0x0000022a462f1220
instanceKlass  @bci com/sun/javafx/scene/control/behavior/ScrollBarBehavior <init> (Ljavafx/scene/control/ScrollBar;)V 228 <appendix> member <vmtarget> ; # com/sun/javafx/scene/control/behavior/ScrollBarBehavior$$Lambda+0x0000022a462f0fe8
instanceKlass  @bci com/sun/javafx/scene/control/behavior/ScrollBarBehavior <init> (Ljavafx/scene/control/ScrollBar;)V 202 <appendix> member <vmtarget> ; # com/sun/javafx/scene/control/behavior/ScrollBarBehavior$$Lambda+0x0000022a462f0d80
instanceKlass  @bci com/sun/javafx/scene/control/behavior/ScrollBarBehavior <init> (Ljavafx/scene/control/ScrollBar;)V 167 <appendix> member <vmtarget> ; # com/sun/javafx/scene/control/behavior/ScrollBarBehavior$$Lambda+0x0000022a462f0b48
instanceKlass  @bci com/sun/javafx/scene/control/behavior/ScrollBarBehavior <init> (Ljavafx/scene/control/ScrollBar;)V 147 <appendix> member <vmtarget> ; # com/sun/javafx/scene/control/behavior/ScrollBarBehavior$$Lambda+0x0000022a462f0910
instanceKlass  @bci com/sun/javafx/scene/control/behavior/ScrollBarBehavior <init> (Ljavafx/scene/control/ScrollBar;)V 127 <appendix> member <vmtarget> ; # com/sun/javafx/scene/control/behavior/ScrollBarBehavior$$Lambda+0x0000022a462f06d8
instanceKlass  @bci com/sun/javafx/scene/control/behavior/ScrollBarBehavior <init> (Ljavafx/scene/control/ScrollBar;)V 107 <appendix> member <vmtarget> ; # com/sun/javafx/scene/control/behavior/ScrollBarBehavior$$Lambda+0x0000022a462f04a0
instanceKlass  @bci com/sun/javafx/scene/control/behavior/ScrollBarBehavior <init> (Ljavafx/scene/control/ScrollBar;)V 80 <appendix> member <vmtarget> ; # com/sun/javafx/scene/control/behavior/ScrollBarBehavior$$Lambda+0x0000022a462f0238
instanceKlass  @bci com/sun/javafx/scene/control/behavior/ScrollBarBehavior <init> (Ljavafx/scene/control/ScrollBar;)V 57 <appendix> member <vmtarget> ; # com/sun/javafx/scene/control/behavior/ScrollBarBehavior$$Lambda+0x0000022a462f0000
instanceKlass  @bci com/sun/javafx/scene/control/behavior/ScrollBarBehavior <init> (Ljavafx/scene/control/ScrollBar;)V 35 <appendix> member <vmtarget> ; # com/sun/javafx/scene/control/behavior/ScrollBarBehavior$$Lambda+0x0000022a462efcd0
instanceKlass javafx/scene/control/skin/CellSkinBase$StyleableProperties
instanceKlass  @bci com/sun/javafx/scene/control/behavior/CellBehaviorBase <init> (Ljavafx/scene/control/Cell;)V 75 <appendix> member <vmtarget> ; # com/sun/javafx/scene/control/behavior/CellBehaviorBase$$Lambda+0x0000022a462eca78
instanceKlass  @bci com/sun/javafx/scene/control/behavior/CellBehaviorBase <init> (Ljavafx/scene/control/Cell;)V 54 <appendix> member <vmtarget> ; # com/sun/javafx/scene/control/behavior/CellBehaviorBase$$Lambda+0x0000022a462ec840
instanceKlass  @bci com/sun/javafx/scene/control/behavior/CellBehaviorBase <init> (Ljavafx/scene/control/Cell;)V 33 <appendix> member <vmtarget> ; # com/sun/javafx/scene/control/behavior/CellBehaviorBase$$Lambda+0x0000022a462ec608
instanceKlass  @bci javafx/scene/control/skin/VirtualFlow getCell (I)Ljavafx/scene/control/IndexedCell; 158 <appendix> member <vmtarget> ; # javafx/scene/control/skin/VirtualFlow$$Lambda+0x0000022a462eaeb8
instanceKlass  @bci javafx/scene/control/skin/ListViewSkin <init> (Ljavafx/scene/control/ListView;)V 331 <appendix> member <vmtarget> ; # javafx/scene/control/skin/ListViewSkin$$Lambda+0x0000022a462eac80
instanceKlass  @bci javafx/scene/control/skin/ListViewSkin <init> (Ljavafx/scene/control/ListView;)V 322 <appendix> member <vmtarget> ; # javafx/scene/control/skin/ListViewSkin$$Lambda+0x0000022a462eaa38
instanceKlass  @bci javafx/scene/control/skin/ListViewSkin <init> (Ljavafx/scene/control/ListView;)V 309 <appendix> member <vmtarget> ; # javafx/scene/control/skin/ListViewSkin$$Lambda+0x0000022a462ea7f0
instanceKlass  @bci javafx/scene/control/skin/ListViewSkin <init> (Ljavafx/scene/control/ListView;)V 296 <appendix> member <vmtarget> ; # javafx/scene/control/skin/ListViewSkin$$Lambda+0x0000022a462ea5b8
instanceKlass  @bci javafx/scene/control/skin/ListViewSkin <init> (Ljavafx/scene/control/ListView;)V 283 <appendix> member <vmtarget> ; # javafx/scene/control/skin/ListViewSkin$$Lambda+0x0000022a462ea380
instanceKlass java/lang/invoke/TypeConvertingMethodAdapter$BoxHolder
instanceKlass java/lang/invoke/TypeConvertingMethodAdapter$1
instanceKlass  @bci javafx/scene/control/skin/ListViewSkin <init> (Ljavafx/scene/control/ListView;)V 270 <appendix> member <vmtarget> ; # javafx/scene/control/skin/ListViewSkin$$Lambda+0x0000022a462ea148
instanceKlass  @bci javafx/scene/control/skin/ListViewSkin <init> (Ljavafx/scene/control/ListView;)V 257 <appendix> member <vmtarget> ; # javafx/scene/control/skin/ListViewSkin$$Lambda+0x0000022a462e9f10
instanceKlass  @bci javafx/scene/control/skin/ListViewSkin <init> (Ljavafx/scene/control/ListView;)V 244 <appendix> member <vmtarget> ; # javafx/scene/control/skin/ListViewSkin$$Lambda+0x0000022a462e9cd8
instanceKlass  @bci javafx/scene/control/skin/ListViewSkin <init> (Ljavafx/scene/control/ListView;)V 231 <appendix> member <vmtarget> ; # javafx/scene/control/skin/ListViewSkin$$Lambda+0x0000022a462e9aa0
instanceKlass  @bci javafx/scene/control/skin/ListViewSkin <init> (Ljavafx/scene/control/ListView;)V 218 <appendix> member <vmtarget> ; # javafx/scene/control/skin/ListViewSkin$$Lambda+0x0000022a462e9868
instanceKlass  @bci javafx/scene/control/skin/ListViewSkin <init> (Ljavafx/scene/control/ListView;)V 205 <appendix> member <vmtarget> ; # javafx/scene/control/skin/ListViewSkin$$Lambda+0x0000022a462e9630
instanceKlass  @bci javafx/scene/control/skin/ListViewSkin <init> (Ljavafx/scene/control/ListView;)V 167 <appendix> member <vmtarget> ; # javafx/scene/control/skin/ListViewSkin$$Lambda+0x0000022a462e93f8
instanceKlass  @bci com/sun/javafx/scene/control/behavior/ListViewBehavior <init> (Ljavafx/scene/control/ListView;)V 1869 <appendix> member <vmtarget> ; # com/sun/javafx/scene/control/behavior/ListViewBehavior$$Lambda+0x0000022a462e91c0
instanceKlass  @bci com/sun/javafx/scene/control/behavior/ListViewBehavior <init> (Ljavafx/scene/control/ListView;)V 1836 <appendix> member <vmtarget> ; # com/sun/javafx/scene/control/behavior/ListViewBehavior$$Lambda+0x0000022a462e8f88
instanceKlass  @bci com/sun/javafx/scene/control/behavior/ListViewBehavior <init> (Ljavafx/scene/control/ListView;)V 1803 <appendix> member <vmtarget> ; # com/sun/javafx/scene/control/behavior/ListViewBehavior$$Lambda+0x0000022a462e8d50
instanceKlass  @bci com/sun/javafx/scene/control/behavior/ListViewBehavior <init> (Ljavafx/scene/control/ListView;)V 1773 <appendix> member <vmtarget> ; # com/sun/javafx/scene/control/behavior/ListViewBehavior$$Lambda+0x0000022a462e8b18
instanceKlass  @bci com/sun/javafx/scene/control/behavior/ListViewBehavior <init> (Ljavafx/scene/control/ListView;)V 1743 <appendix> member <vmtarget> ; # com/sun/javafx/scene/control/behavior/ListViewBehavior$$Lambda+0x0000022a462e88e0
instanceKlass  @bci com/sun/javafx/scene/control/behavior/ListViewBehavior <init> (Ljavafx/scene/control/ListView;)V 1713 <appendix> member <vmtarget> ; # com/sun/javafx/scene/control/behavior/ListViewBehavior$$Lambda+0x0000022a462e86a8
instanceKlass  @bci com/sun/javafx/scene/control/behavior/ListViewBehavior <init> (Ljavafx/scene/control/ListView;)V 1683 <appendix> member <vmtarget> ; # com/sun/javafx/scene/control/behavior/ListViewBehavior$$Lambda+0x0000022a462e8470
instanceKlass  @bci com/sun/javafx/scene/control/behavior/ListViewBehavior <init> (Ljavafx/scene/control/ListView;)V 1654 <appendix> member <vmtarget> ; # com/sun/javafx/scene/control/behavior/ListViewBehavior$$Lambda+0x0000022a462e8238
instanceKlass  @bci com/sun/javafx/scene/control/behavior/ListViewBehavior <init> (Ljavafx/scene/control/ListView;)V 1625 <appendix> member <vmtarget> ; # com/sun/javafx/scene/control/behavior/ListViewBehavior$$Lambda+0x0000022a462e8000
instanceKlass  @bci com/sun/javafx/scene/control/behavior/ListViewBehavior <init> (Ljavafx/scene/control/ListView;)V 1606 <appendix> member <vmtarget> ; # com/sun/javafx/scene/control/behavior/ListViewBehavior$$Lambda+0x0000022a462e7d70
instanceKlass  @bci com/sun/javafx/scene/control/behavior/ListViewBehavior <init> (Ljavafx/scene/control/ListView;)V 1587 <appendix> member <vmtarget> ; # com/sun/javafx/scene/control/behavior/ListViewBehavior$$Lambda+0x0000022a462e7b38
instanceKlass  @bci com/sun/javafx/scene/control/behavior/ListViewBehavior <init> (Ljavafx/scene/control/ListView;)V 1568 <appendix> member <vmtarget> ; # com/sun/javafx/scene/control/behavior/ListViewBehavior$$Lambda+0x0000022a462e7900
instanceKlass  @bci com/sun/javafx/scene/control/behavior/ListViewBehavior <init> (Ljavafx/scene/control/ListView;)V 1542 <appendix> member <vmtarget> ; # com/sun/javafx/scene/control/behavior/ListViewBehavior$$Lambda+0x0000022a462e7698
instanceKlass  @bci com/sun/javafx/scene/control/behavior/ListViewBehavior <init> (Ljavafx/scene/control/ListView;)V 1506 <appendix> member <vmtarget> ; # com/sun/javafx/scene/control/behavior/ListViewBehavior$$Lambda+0x0000022a462e7460
instanceKlass  @bci com/sun/javafx/scene/control/behavior/ListViewBehavior <init> (Ljavafx/scene/control/ListView;)V 1472 <appendix> member <vmtarget> ; # com/sun/javafx/scene/control/behavior/ListViewBehavior$$Lambda+0x0000022a462e7228
instanceKlass  @bci com/sun/javafx/scene/control/behavior/ListViewBehavior <init> (Ljavafx/scene/control/ListView;)V 1439 <appendix> member <vmtarget> ; # com/sun/javafx/scene/control/behavior/ListViewBehavior$$Lambda+0x0000022a462e6ff0
instanceKlass  @bci com/sun/javafx/scene/control/behavior/ListViewBehavior <init> (Ljavafx/scene/control/ListView;)V 1406 <appendix> member <vmtarget> ; # com/sun/javafx/scene/control/behavior/ListViewBehavior$$Lambda+0x0000022a462e6db8
instanceKlass  @bci com/sun/javafx/scene/control/behavior/ListViewBehavior <init> (Ljavafx/scene/control/ListView;)V 1373 <appendix> member <vmtarget> ; # com/sun/javafx/scene/control/behavior/ListViewBehavior$$Lambda+0x0000022a462e6b80
instanceKlass  @bci com/sun/javafx/scene/control/behavior/ListViewBehavior <init> (Ljavafx/scene/control/ListView;)V 1340 <appendix> member <vmtarget> ; # com/sun/javafx/scene/control/behavior/ListViewBehavior$$Lambda+0x0000022a462e6948
instanceKlass  @bci com/sun/javafx/scene/control/behavior/ListViewBehavior <init> (Ljavafx/scene/control/ListView;)V 1307 <appendix> member <vmtarget> ; # com/sun/javafx/scene/control/behavior/ListViewBehavior$$Lambda+0x0000022a462e6710
instanceKlass  @bci com/sun/javafx/scene/control/behavior/ListViewBehavior <init> (Ljavafx/scene/control/ListView;)V 1277 <appendix> member <vmtarget> ; # com/sun/javafx/scene/control/behavior/ListViewBehavior$$Lambda+0x0000022a462e64d8
instanceKlass  @bci com/sun/javafx/scene/control/behavior/ListViewBehavior <init> (Ljavafx/scene/control/ListView;)V 1247 <appendix> member <vmtarget> ; # com/sun/javafx/scene/control/behavior/ListViewBehavior$$Lambda+0x0000022a462e62a0
instanceKlass  @bci com/sun/javafx/scene/control/behavior/ListViewBehavior <init> (Ljavafx/scene/control/ListView;)V 1217 <appendix> member <vmtarget> ; # com/sun/javafx/scene/control/behavior/ListViewBehavior$$Lambda+0x0000022a462e6068
instanceKlass  @bci com/sun/javafx/scene/control/behavior/ListViewBehavior <init> (Ljavafx/scene/control/ListView;)V 1187 <appendix> member <vmtarget> ; # com/sun/javafx/scene/control/behavior/ListViewBehavior$$Lambda+0x0000022a462e5e30
instanceKlass  @bci com/sun/javafx/scene/control/behavior/ListViewBehavior <init> (Ljavafx/scene/control/ListView;)V 1158 <appendix> member <vmtarget> ; # com/sun/javafx/scene/control/behavior/ListViewBehavior$$Lambda+0x0000022a462e5bf8
instanceKlass  @bci com/sun/javafx/scene/control/behavior/ListViewBehavior <init> (Ljavafx/scene/control/ListView;)V 1129 <appendix> member <vmtarget> ; # com/sun/javafx/scene/control/behavior/ListViewBehavior$$Lambda+0x0000022a462e59c0
instanceKlass  @bci com/sun/javafx/scene/control/behavior/ListViewBehavior <init> (Ljavafx/scene/control/ListView;)V 1110 <appendix> member <vmtarget> ; # com/sun/javafx/scene/control/behavior/ListViewBehavior$$Lambda+0x0000022a462e5788
instanceKlass  @bci com/sun/javafx/scene/control/behavior/ListViewBehavior <init> (Ljavafx/scene/control/ListView;)V 1091 <appendix> member <vmtarget> ; # com/sun/javafx/scene/control/behavior/ListViewBehavior$$Lambda+0x0000022a462e5550
instanceKlass  @bci com/sun/javafx/scene/control/behavior/ListViewBehavior <init> (Ljavafx/scene/control/ListView;)V 1072 <appendix> member <vmtarget> ; # com/sun/javafx/scene/control/behavior/ListViewBehavior$$Lambda+0x0000022a462e5318
instanceKlass  @bci com/sun/javafx/scene/control/behavior/ListViewBehavior <init> (Ljavafx/scene/control/ListView;)V 1046 <appendix> member <vmtarget> ; # com/sun/javafx/scene/control/behavior/ListViewBehavior$$Lambda+0x0000022a462e50b0
instanceKlass  @bci com/sun/javafx/scene/control/behavior/ListViewBehavior <init> (Ljavafx/scene/control/ListView;)V 1011 <appendix> member <vmtarget> ; # com/sun/javafx/scene/control/behavior/ListViewBehavior$$Lambda+0x0000022a462e4e78
instanceKlass  @bci com/sun/javafx/scene/control/behavior/ListViewBehavior <init> (Ljavafx/scene/control/ListView;)V 976 <appendix> argL0 ; # com/sun/javafx/scene/control/behavior/ListViewBehavior$$Lambda+0x0000022a462e4c18
instanceKlass  @bci com/sun/javafx/scene/control/behavior/ListViewBehavior <init> (Ljavafx/scene/control/ListView;)V 942 <appendix> member <vmtarget> ; # com/sun/javafx/scene/control/behavior/ListViewBehavior$$Lambda+0x0000022a462e49e0
instanceKlass  @bci com/sun/javafx/scene/control/behavior/ListViewBehavior <init> (Ljavafx/scene/control/ListView;)V 904 <appendix> argL0 ; # com/sun/javafx/scene/control/behavior/ListViewBehavior$$Lambda+0x0000022a462e4780
instanceKlass  @bci com/sun/javafx/scene/control/behavior/ListViewBehavior <init> (Ljavafx/scene/control/ListView;)V 880 <appendix> member <vmtarget> ; # com/sun/javafx/scene/control/behavior/ListViewBehavior$$Lambda+0x0000022a462e4548
instanceKlass  @bci com/sun/javafx/scene/control/behavior/ListViewBehavior <init> (Ljavafx/scene/control/ListView;)V 860 <appendix> member <vmtarget> ; # com/sun/javafx/scene/control/behavior/ListViewBehavior$$Lambda+0x0000022a462e4310
instanceKlass  @bci com/sun/javafx/scene/control/behavior/ListViewBehavior <init> (Ljavafx/scene/control/ListView;)V 827 <appendix> member <vmtarget> ; # com/sun/javafx/scene/control/behavior/ListViewBehavior$$Lambda+0x0000022a462e40d8
instanceKlass  @bci com/sun/javafx/scene/control/behavior/ListViewBehavior <init> (Ljavafx/scene/control/ListView;)V 794 <appendix> member <vmtarget> ; # com/sun/javafx/scene/control/behavior/ListViewBehavior$$Lambda+0x0000022a462e3ea0
instanceKlass  @bci com/sun/javafx/scene/control/behavior/ListViewBehavior <init> (Ljavafx/scene/control/ListView;)V 761 <appendix> member <vmtarget> ; # com/sun/javafx/scene/control/behavior/ListViewBehavior$$Lambda+0x0000022a462e3c68
instanceKlass  @bci com/sun/javafx/scene/control/behavior/ListViewBehavior <init> (Ljavafx/scene/control/ListView;)V 728 <appendix> member <vmtarget> ; # com/sun/javafx/scene/control/behavior/ListViewBehavior$$Lambda+0x0000022a462e3a30
instanceKlass  @bci com/sun/javafx/scene/control/behavior/ListViewBehavior <init> (Ljavafx/scene/control/ListView;)V 698 <appendix> member <vmtarget> ; # com/sun/javafx/scene/control/behavior/ListViewBehavior$$Lambda+0x0000022a462e37f8
instanceKlass  @bci com/sun/javafx/scene/control/behavior/ListViewBehavior <init> (Ljavafx/scene/control/ListView;)V 668 <appendix> member <vmtarget> ; # com/sun/javafx/scene/control/behavior/ListViewBehavior$$Lambda+0x0000022a462e35c0
instanceKlass  @bci com/sun/javafx/scene/control/behavior/ListViewBehavior <init> (Ljavafx/scene/control/ListView;)V 637 <appendix> member <vmtarget> ; # com/sun/javafx/scene/control/behavior/ListViewBehavior$$Lambda+0x0000022a462e3388
instanceKlass  @bci com/sun/javafx/scene/control/behavior/ListViewBehavior <init> (Ljavafx/scene/control/ListView;)V 606 <appendix> member <vmtarget> ; # com/sun/javafx/scene/control/behavior/ListViewBehavior$$Lambda+0x0000022a462e3150
instanceKlass  @bci com/sun/javafx/scene/control/behavior/ListViewBehavior <init> (Ljavafx/scene/control/ListView;)V 575 <appendix> member <vmtarget> ; # com/sun/javafx/scene/control/behavior/ListViewBehavior$$Lambda+0x0000022a462e2f18
instanceKlass  @bci com/sun/javafx/scene/control/behavior/ListViewBehavior <init> (Ljavafx/scene/control/ListView;)V 545 <appendix> member <vmtarget> ; # com/sun/javafx/scene/control/behavior/ListViewBehavior$$Lambda+0x0000022a462e2ce0
instanceKlass  @bci com/sun/javafx/scene/control/behavior/ListViewBehavior <init> (Ljavafx/scene/control/ListView;)V 525 <appendix> member <vmtarget> ; # com/sun/javafx/scene/control/behavior/ListViewBehavior$$Lambda+0x0000022a462e2aa8
instanceKlass  @bci com/sun/javafx/scene/control/behavior/ListViewBehavior <init> (Ljavafx/scene/control/ListView;)V 505 <appendix> member <vmtarget> ; # com/sun/javafx/scene/control/behavior/ListViewBehavior$$Lambda+0x0000022a462e2870
instanceKlass  @bci com/sun/javafx/scene/control/behavior/ListViewBehavior <init> (Ljavafx/scene/control/ListView;)V 485 <appendix> member <vmtarget> ; # com/sun/javafx/scene/control/behavior/ListViewBehavior$$Lambda+0x0000022a462e2638
instanceKlass  @bci com/sun/javafx/scene/control/behavior/ListViewBehavior <init> (Ljavafx/scene/control/ListView;)V 465 <appendix> member <vmtarget> ; # com/sun/javafx/scene/control/behavior/ListViewBehavior$$Lambda+0x0000022a462e2400
instanceKlass  @bci com/sun/javafx/scene/control/behavior/ListViewBehavior <init> (Ljavafx/scene/control/ListView;)V 445 <appendix> member <vmtarget> ; # com/sun/javafx/scene/control/behavior/ListViewBehavior$$Lambda+0x0000022a462e21c8
instanceKlass  @bci com/sun/javafx/scene/control/behavior/ListViewBehavior <init> (Ljavafx/scene/control/ListView;)V 425 <appendix> member <vmtarget> ; # com/sun/javafx/scene/control/behavior/ListViewBehavior$$Lambda+0x0000022a462e1f90
instanceKlass  @bci com/sun/javafx/scene/control/behavior/ListViewBehavior <init> (Ljavafx/scene/control/ListView;)V 392 <appendix> member <vmtarget> ; # com/sun/javafx/scene/control/behavior/ListViewBehavior$$Lambda+0x0000022a462e1d58
instanceKlass  @bci com/sun/javafx/scene/control/behavior/ListViewBehavior <init> (Ljavafx/scene/control/ListView;)V 362 <appendix> member <vmtarget> ; # com/sun/javafx/scene/control/behavior/ListViewBehavior$$Lambda+0x0000022a462e1b20
instanceKlass  @bci com/sun/javafx/scene/control/behavior/ListViewBehavior <init> (Ljavafx/scene/control/ListView;)V 333 <appendix> member <vmtarget> ; # com/sun/javafx/scene/control/behavior/ListViewBehavior$$Lambda+0x0000022a462e18e8
instanceKlass  @bci com/sun/javafx/scene/control/behavior/ListViewBehavior <init> (Ljavafx/scene/control/ListView;)V 303 <appendix> member <vmtarget> ; # com/sun/javafx/scene/control/behavior/ListViewBehavior$$Lambda+0x0000022a462e16b0
instanceKlass  @bci com/sun/javafx/scene/control/behavior/ListViewBehavior <init> (Ljavafx/scene/control/ListView;)V 273 <appendix> member <vmtarget> ; # com/sun/javafx/scene/control/behavior/ListViewBehavior$$Lambda+0x0000022a462e1478
instanceKlass  @bci com/sun/javafx/scene/control/behavior/ListViewBehavior <init> (Ljavafx/scene/control/ListView;)V 242 <appendix> member <vmtarget> ; # com/sun/javafx/scene/control/behavior/ListViewBehavior$$Lambda+0x0000022a462e1240
instanceKlass  @bci com/sun/javafx/scene/control/behavior/ListViewBehavior <init> (Ljavafx/scene/control/ListView;)V 214 <appendix> member <vmtarget> ; # com/sun/javafx/scene/control/behavior/ListViewBehavior$$Lambda+0x0000022a462e1008
instanceKlass  @bci com/sun/javafx/scene/control/behavior/ListViewBehavior <init> (Ljavafx/scene/control/ListView;)V 165 <appendix> member <vmtarget> ; # com/sun/javafx/scene/control/behavior/ListViewBehavior$$Lambda+0x0000022a462e0da0
instanceKlass  @bci com/sun/javafx/scene/control/behavior/ListViewBehavior <init> (Ljavafx/scene/control/ListView;)V 158 <appendix> member <vmtarget> ; # com/sun/javafx/scene/control/behavior/ListViewBehavior$$Lambda+0x0000022a462e0b38
instanceKlass com/sun/javafx/scene/control/behavior/ListViewBehavior$2
instanceKlass com/sun/javafx/scene/control/behavior/ListViewBehavior$1
instanceKlass  @bci com/sun/javafx/scene/control/behavior/ListViewBehavior <init> (Ljavafx/scene/control/ListView;)V 42 <appendix> member <vmtarget> ; # com/sun/javafx/scene/control/behavior/ListViewBehavior$$Lambda+0x0000022a462e0470
instanceKlass  @bci com/sun/javafx/scene/control/behavior/ListViewBehavior <init> (Ljavafx/scene/control/ListView;)V 32 <appendix> member <vmtarget> ; # com/sun/javafx/scene/control/behavior/ListViewBehavior$$Lambda+0x0000022a462e0238
instanceKlass  @bci com/sun/javafx/scene/control/behavior/ListViewBehavior <init> (Ljavafx/scene/control/ListView;)V 7 <appendix> member <vmtarget> ; # com/sun/javafx/scene/control/behavior/ListViewBehavior$$Lambda+0x0000022a462e0000
instanceKlass  @bci javafx/scene/control/skin/ListViewSkin <init> (Ljavafx/scene/control/ListView;)V 74 <appendix> member <vmtarget> ; # javafx/scene/control/skin/ListViewSkin$$Lambda+0x0000022a462dfaa8
instanceKlass javafx/scene/control/skin/ListViewSkin$1
instanceKlass javafx/collections/WeakMapChangeListener
instanceKlass  @bci javafx/scene/control/skin/ListViewSkin <init> (Ljavafx/scene/control/ListView;)V 22 <appendix> member <vmtarget> ; # javafx/scene/control/skin/ListViewSkin$$Lambda+0x0000022a462df3e0
instanceKlass  @bci javafx/scene/control/skin/VirtualContainerBase <init> (Ljavafx/scene/control/Control;)V 22 <appendix> member <vmtarget> ; # javafx/scene/control/skin/VirtualContainerBase$$Lambda+0x0000022a462df1a8
instanceKlass javafx/scene/control/skin/VirtualFlow$3
instanceKlass  @bci javafx/scene/control/skin/VirtualFlow <init> ()V 766 <appendix> member <vmtarget> ; # javafx/scene/control/skin/VirtualFlow$$Lambda+0x0000022a462deaa0
instanceKlass  @bci javafx/scene/control/skin/VirtualFlow <init> ()V 756 <appendix> member <vmtarget> ; # javafx/scene/control/skin/VirtualFlow$$Lambda+0x0000022a462de868
instanceKlass  @bci javafx/scene/control/skin/VirtualFlow <init> ()V 746 <appendix> member <vmtarget> ; # javafx/scene/control/skin/VirtualFlow$$Lambda+0x0000022a462de630
instanceKlass  @bci javafx/scene/control/skin/VirtualFlow <init> ()V 722 <appendix> member <vmtarget> ; # javafx/scene/control/skin/VirtualFlow$$Lambda+0x0000022a462de3f8
instanceKlass  @bci javafx/scene/control/skin/VirtualFlow <init> ()V 663 <appendix> member <vmtarget> ; # javafx/scene/control/skin/VirtualFlow$$Lambda+0x0000022a462de1c0
instanceKlass  @bci javafx/scene/control/skin/VirtualFlow <init> ()V 592 <appendix> argL0 ; # javafx/scene/control/skin/VirtualFlow$$Lambda+0x0000022a462ddf90
instanceKlass  @bci javafx/scene/control/skin/VirtualFlow <init> ()V 553 <appendix> argL0 ; # javafx/scene/control/skin/VirtualFlow$$Lambda+0x0000022a462ddd60
instanceKlass  @bci javafx/scene/control/skin/VirtualFlow <init> ()V 528 <appendix> member <vmtarget> ; # javafx/scene/control/skin/VirtualFlow$$Lambda+0x0000022a462ddb28
instanceKlass  @bci javafx/scene/control/skin/VirtualFlow <init> ()V 515 <appendix> member <vmtarget> ; # javafx/scene/control/skin/VirtualFlow$$Lambda+0x0000022a462dd8f0
instanceKlass javafx/scene/control/skin/VirtualFlow$2
instanceKlass javafx/scene/control/skin/VirtualFlow$1
instanceKlass  @bci javafx/scene/control/skin/VirtualFlow <init> ()V 475 <appendix> member <vmtarget> ; # javafx/scene/control/skin/VirtualFlow$$Lambda+0x0000022a462dd228
instanceKlass  @bci javafx/scene/control/skin/VirtualFlow <init> ()V 453 <appendix> member <vmtarget> ; # javafx/scene/control/skin/VirtualFlow$$Lambda+0x0000022a462dcff0
instanceKlass  @bci javafx/scene/control/skin/VirtualFlow <init> ()V 433 <appendix> argL0 ; # javafx/scene/control/skin/VirtualFlow$$Lambda+0x0000022a462dcdc0
instanceKlass  @bci com/sun/javafx/scene/control/VirtualScrollBar <init> (Ljavafx/scene/control/skin/VirtualFlow;)V 29 <appendix> member <vmtarget> ; # com/sun/javafx/scene/control/VirtualScrollBar$$Lambda+0x0000022a462dc2a8
instanceKlass javafx/scene/shape/SVGPath$1
instanceKlass com/sun/javafx/scene/shape/SVGPathHelper$SVGPathAccessor
instanceKlass javafx/scene/control/skin/ComboBoxPopupControl$1
instanceKlass  @bci javafx/scene/control/skin/ComboBoxPopupControl install ()V 12 <appendix> member <vmtarget> ; # javafx/scene/control/skin/ComboBoxPopupControl$$Lambda+0x0000022a462d5948
instanceKlass  @bci javafx/scene/control/skin/ComboBoxListViewSkin <init> (Ljavafx/scene/control/ComboBox;)V 288 <appendix> member <vmtarget> ; # javafx/scene/control/skin/ComboBoxListViewSkin$$Lambda+0x0000022a462d5710
instanceKlass  @bci javafx/scene/control/skin/ComboBoxListViewSkin <init> (Ljavafx/scene/control/ComboBox;)V 256 <appendix> member <vmtarget> ; # javafx/scene/control/skin/ComboBoxListViewSkin$$Lambda+0x0000022a462d54c8
instanceKlass  @bci javafx/scene/control/skin/ComboBoxListViewSkin <init> (Ljavafx/scene/control/ComboBox;)V 241 <appendix> member <vmtarget> ; # javafx/scene/control/skin/ComboBoxListViewSkin$$Lambda+0x0000022a462d5280
instanceKlass  @bci javafx/scene/control/skin/ComboBoxListViewSkin <init> (Ljavafx/scene/control/ComboBox;)V 225 <appendix> member <vmtarget> ; # javafx/scene/control/skin/ComboBoxListViewSkin$$Lambda+0x0000022a462d5038
instanceKlass  @bci javafx/scene/control/skin/ComboBoxListViewSkin <init> (Ljavafx/scene/control/ComboBox;)V 210 <appendix> member <vmtarget> ; # javafx/scene/control/skin/ComboBoxListViewSkin$$Lambda+0x0000022a462d4df0
instanceKlass  @bci javafx/scene/control/skin/ComboBoxListViewSkin <init> (Ljavafx/scene/control/ComboBox;)V 195 <appendix> member <vmtarget> ; # javafx/scene/control/skin/ComboBoxListViewSkin$$Lambda+0x0000022a462d4ba8
instanceKlass  @bci javafx/scene/control/skin/ComboBoxListViewSkin <init> (Ljavafx/scene/control/ComboBox;)V 180 <appendix> member <vmtarget> ; # javafx/scene/control/skin/ComboBoxListViewSkin$$Lambda+0x0000022a462d4960
instanceKlass  @bci javafx/scene/control/skin/ComboBoxListViewSkin <init> (Ljavafx/scene/control/ComboBox;)V 165 <appendix> member <vmtarget> ; # javafx/scene/control/skin/ComboBoxListViewSkin$$Lambda+0x0000022a462d4718
instanceKlass  @bci javafx/scene/control/skin/ComboBoxListViewSkin <init> (Ljavafx/scene/control/ComboBox;)V 150 <appendix> member <vmtarget> ; # javafx/scene/control/skin/ComboBoxListViewSkin$$Lambda+0x0000022a462d44d0
instanceKlass javafx/scene/control/ListCell$3
instanceKlass  @bci javafx/scene/control/ListCell <init> ()V 65 <appendix> member <vmtarget> ; # javafx/scene/control/ListCell$$Lambda+0x0000022a462d4050
instanceKlass javafx/scene/control/ListCell$2
instanceKlass  @bci javafx/scene/control/ListCell <init> ()V 43 <appendix> member <vmtarget> ; # javafx/scene/control/ListCell$$Lambda+0x0000022a462d3bd8
instanceKlass javafx/scene/control/ListCell$1
instanceKlass  @bci javafx/scene/control/ListCell <init> ()V 21 <appendix> member <vmtarget> ; # javafx/scene/control/ListCell$$Lambda+0x0000022a462d3758
instanceKlass  @bci javafx/scene/control/ListCell <init> ()V 6 <appendix> member <vmtarget> ; # javafx/scene/control/ListCell$$Lambda+0x0000022a462d3520
instanceKlass javafx/scene/control/Cell$1
instanceKlass javafx/scene/control/skin/ComboBoxListViewSkin$2
instanceKlass javafx/scene/control/ListView$StyleableProperties
instanceKlass  @bci javafx/scene/control/skin/ComboBoxListViewSkin createListView ()Ljavafx/scene/control/ListView; 101 <appendix> member <vmtarget> ; # javafx/scene/control/skin/ComboBoxListViewSkin$$Lambda+0x0000022a462d0470
instanceKlass  @bci javafx/scene/control/skin/ComboBoxListViewSkin createListView ()Ljavafx/scene/control/ListView; 91 <appendix> member <vmtarget> ; # javafx/scene/control/skin/ComboBoxListViewSkin$$Lambda+0x0000022a462d0238
instanceKlass  @bci javafx/scene/control/skin/ComboBoxListViewSkin lambda$createListView$12 (Lcom/sun/javafx/scene/control/ListenerHelper;Ljavafx/beans/value/ObservableValue;Ljavafx/scene/control/SingleSelectionModel;Ljavafx/scene/control/SingleSelectionModel;)V 29 <appendix> member <vmtarget> ; # javafx/scene/control/skin/ComboBoxListViewSkin$$Lambda+0x0000022a462d0000
instanceKlass  @bci javafx/scene/control/skin/ComboBoxListViewSkin createListView ()Ljavafx/scene/control/ListView; 77 <appendix> member <vmtarget> ; # javafx/scene/control/skin/ComboBoxListViewSkin$$Lambda+0x0000022a462cfda0
instanceKlass  @bci javafx/scene/control/skin/ComboBoxListViewSkin createListView ()Ljavafx/scene/control/ListView; 53 <appendix> member <vmtarget> ; # javafx/scene/control/skin/ComboBoxListViewSkin$$Lambda+0x0000022a462cfb68
instanceKlass  @bci javafx/scene/control/skin/ComboBoxListViewSkin$3 <init> (Ljavafx/scene/control/skin/ComboBoxListViewSkin;)V 32 <appendix> member <vmtarget> ; # javafx/scene/control/skin/ComboBoxListViewSkin$3$$Lambda+0x0000022a462cf4d0
instanceKlass  @bci javafx/scene/control/ListView <init> (Ljavafx/collections/ObservableList;)V 101 <appendix> member <vmtarget> ; # javafx/scene/control/ListView$$Lambda+0x0000022a462cf298
instanceKlass  @bci javafx/scene/control/ListView$ListViewFocusModel <init> (Ljavafx/scene/control/ListView;)V 123 <appendix> member <vmtarget> ; # javafx/scene/control/ListView$ListViewFocusModel$$Lambda+0x0000022a462cf060
instanceKlass javafx/scene/control/ListView$ListViewFocusModel$1
instanceKlass  @bci javafx/scene/control/ListView$ListViewFocusModel <init> (Ljavafx/scene/control/ListView;)V 11 <appendix> member <vmtarget> ; # javafx/scene/control/ListView$ListViewFocusModel$$Lambda+0x0000022a462cebe8
instanceKlass  @bci javafx/scene/control/FocusModel <init> ()V 38 <appendix> member <vmtarget> ; # javafx/scene/control/FocusModel$$Lambda+0x0000022a462ce9b0
instanceKlass  @bci java/util/stream/IntPipeline boxed ()Ljava/util/stream/Stream; 1 <appendix> argL0 ; # java/util/stream/IntPipeline$$Lambda+0x0000022a461cab48
instanceKlass java/util/BitSet$1BitSetSpliterator
instanceKlass javafx/scene/control/ListView$ListViewBitSetSelectionModel$1
instanceKlass javafx/scene/control/ListView$ListViewBitSetSelectionModel$2
instanceKlass  @bci com/sun/javafx/scene/control/SelectedItemsReadOnlyObservableList <init> (Ljavafx/collections/ObservableList;Ljava/util/function/Supplier;)V 28 <appendix> member <vmtarget> ; # com/sun/javafx/scene/control/SelectedItemsReadOnlyObservableList$$Lambda+0x0000022a462ce2f8
instanceKlass  @bci javafx/scene/control/MultipleSelectionModelBase <init> ()V 40 <appendix> member <vmtarget> ; # javafx/scene/control/MultipleSelectionModelBase$$Lambda+0x0000022a462ce0c0
instanceKlass  @bci javafx/scene/control/MultipleSelectionModelBase <init> ()V 9 <appendix> member <vmtarget> ; # javafx/scene/control/MultipleSelectionModelBase$$Lambda+0x0000022a462cd5f8
instanceKlass  @bci javafx/scene/control/ListView <init> (Ljavafx/collections/ObservableList;)V 11 <appendix> member <vmtarget> ; # javafx/scene/control/ListView$$Lambda+0x0000022a462cc1a8
instanceKlass javafx/scene/control/FocusModel
instanceKlass  @bci javafx/scene/control/skin/ComboBoxListViewSkin <init> (Ljavafx/scene/control/ComboBox;)V 89 <appendix> member <vmtarget> ; # javafx/scene/control/skin/ComboBoxListViewSkin$$Lambda+0x0000022a462c93f8
instanceKlass  @bci com/sun/javafx/scene/control/behavior/ComboBoxListViewBehavior <init> (Ljavafx/scene/control/ComboBox;)V 51 <appendix> member <vmtarget> ; # com/sun/javafx/scene/control/behavior/ComboBoxListViewBehavior$$Lambda+0x0000022a462c91c0
instanceKlass  @bci com/sun/javafx/scene/control/behavior/ComboBoxListViewBehavior <init> (Ljavafx/scene/control/ComboBox;)V 32 <appendix> member <vmtarget> ; # com/sun/javafx/scene/control/behavior/ComboBoxListViewBehavior$$Lambda+0x0000022a462c8f88
instanceKlass  @bci com/sun/javafx/scene/control/behavior/ComboBoxBaseBehavior <init> (Ljavafx/scene/control/ComboBoxBase;)V 326 <appendix> member <vmtarget> ; # com/sun/javafx/scene/control/behavior/ComboBoxBaseBehavior$$Lambda+0x0000022a462c8d50
instanceKlass  @bci com/sun/javafx/scene/control/behavior/ComboBoxBaseBehavior <init> (Ljavafx/scene/control/ComboBoxBase;)V 306 <appendix> member <vmtarget> ; # com/sun/javafx/scene/control/behavior/ComboBoxBaseBehavior$$Lambda+0x0000022a462c8b18
instanceKlass  @bci com/sun/javafx/scene/control/behavior/ComboBoxBaseBehavior <init> (Ljavafx/scene/control/ComboBoxBase;)V 286 <appendix> member <vmtarget> ; # com/sun/javafx/scene/control/behavior/ComboBoxBaseBehavior$$Lambda+0x0000022a462c88e0
instanceKlass  @bci com/sun/javafx/scene/control/behavior/ComboBoxBaseBehavior <init> (Ljavafx/scene/control/ComboBoxBase;)V 266 <appendix> member <vmtarget> ; # com/sun/javafx/scene/control/behavior/ComboBoxBaseBehavior$$Lambda+0x0000022a462c86a8
instanceKlass  @bci com/sun/javafx/scene/control/behavior/ComboBoxBaseBehavior <init> (Ljavafx/scene/control/ComboBoxBase;)V 246 <appendix> member <vmtarget> ; # com/sun/javafx/scene/control/behavior/ComboBoxBaseBehavior$$Lambda+0x0000022a462c8470
instanceKlass  @bci com/sun/javafx/scene/control/behavior/ComboBoxBaseBehavior <init> (Ljavafx/scene/control/ComboBoxBase;)V 223 <appendix> member <vmtarget> ; # com/sun/javafx/scene/control/behavior/ComboBoxBaseBehavior$$Lambda+0x0000022a462c8238
instanceKlass  @bci com/sun/javafx/scene/control/behavior/ComboBoxBaseBehavior <init> (Ljavafx/scene/control/ComboBoxBase;)V 197 <appendix> member <vmtarget> ; # com/sun/javafx/scene/control/behavior/ComboBoxBaseBehavior$$Lambda+0x0000022a462c8000
instanceKlass  @bci com/sun/javafx/scene/control/behavior/ComboBoxBaseBehavior <init> (Ljavafx/scene/control/ComboBoxBase;)V 172 <appendix> member <vmtarget> ; # com/sun/javafx/scene/control/behavior/ComboBoxBaseBehavior$$Lambda+0x0000022a462c7be0
instanceKlass  @bci com/sun/javafx/scene/control/behavior/ComboBoxBaseBehavior <init> (Ljavafx/scene/control/ComboBoxBase;)V 150 <appendix> member <vmtarget> ; # com/sun/javafx/scene/control/behavior/ComboBoxBaseBehavior$$Lambda+0x0000022a462c79a8
instanceKlass  @bci com/sun/javafx/scene/control/behavior/ComboBoxBaseBehavior <init> (Ljavafx/scene/control/ComboBoxBase;)V 128 <appendix> member <vmtarget> ; # com/sun/javafx/scene/control/behavior/ComboBoxBaseBehavior$$Lambda+0x0000022a462c7770
instanceKlass  @bci com/sun/javafx/scene/control/behavior/ComboBoxBaseBehavior <init> (Ljavafx/scene/control/ComboBoxBase;)V 34 <appendix> member <vmtarget> ; # com/sun/javafx/scene/control/behavior/ComboBoxBaseBehavior$$Lambda+0x0000022a462c7538
instanceKlass  @bci com/sun/javafx/scene/control/behavior/ComboBoxBaseBehavior <init> (Ljavafx/scene/control/ComboBoxBase;)V 7 <appendix> member <vmtarget> ; # com/sun/javafx/scene/control/behavior/ComboBoxBaseBehavior$$Lambda+0x0000022a462c7300
instanceKlass javafx/scene/control/skin/ComboBoxListViewSkin$1
instanceKlass  @bci javafx/scene/control/skin/ComboBoxPopupControl <init> (Ljavafx/scene/control/ComboBoxBase;)V 112 <appendix> member <vmtarget> ; # javafx/scene/control/skin/ComboBoxPopupControl$$Lambda+0x0000022a462c6e88
instanceKlass  @bci javafx/scene/control/skin/ComboBoxPopupControl <init> (Ljavafx/scene/control/ComboBoxBase;)V 94 <appendix> member <vmtarget> ; # javafx/scene/control/skin/ComboBoxPopupControl$$Lambda+0x0000022a462c6c50
instanceKlass  @bci javafx/scene/control/skin/ComboBoxPopupControl <init> (Ljavafx/scene/control/ComboBoxBase;)V 27 <appendix> member <vmtarget> ; # javafx/scene/control/skin/ComboBoxPopupControl$$Lambda+0x0000022a462c6a18
instanceKlass  @bci javafx/scene/control/skin/ComboBoxPopupControl <init> (Ljavafx/scene/control/ComboBoxBase;)V 17 <appendix> member <vmtarget> ; # javafx/scene/control/skin/ComboBoxPopupControl$$Lambda+0x0000022a462c67e0
instanceKlass  @bci javafx/scene/control/skin/ComboBoxBaseSkin <init> (Ljavafx/scene/control/ComboBoxBase;)V 286 <appendix> member <vmtarget> ; # javafx/scene/control/skin/ComboBoxBaseSkin$$Lambda+0x0000022a462c6598
instanceKlass  @bci javafx/scene/control/skin/ComboBoxBaseSkin <init> (Ljavafx/scene/control/ComboBoxBase;)V 271 <appendix> member <vmtarget> ; # javafx/scene/control/skin/ComboBoxBaseSkin$$Lambda+0x0000022a462c6350
instanceKlass  @bci javafx/scene/control/skin/ComboBoxBaseSkin <init> (Ljavafx/scene/control/ComboBoxBase;)V 256 <appendix> member <vmtarget> ; # javafx/scene/control/skin/ComboBoxBaseSkin$$Lambda+0x0000022a462c6108
instanceKlass  @bci javafx/scene/control/skin/ComboBoxBaseSkin <init> (Ljavafx/scene/control/ComboBoxBase;)V 237 <appendix> member <vmtarget> ; # javafx/scene/control/skin/ComboBoxBaseSkin$$Lambda+0x0000022a462c5ed0
instanceKlass  @bci javafx/scene/control/skin/ComboBoxBaseSkin <init> (Ljavafx/scene/control/ComboBoxBase;)V 44 <appendix> member <vmtarget> ; # javafx/scene/control/skin/ComboBoxBaseSkin$$Lambda+0x0000022a462c5c98
instanceKlass  @bci javafx/scene/control/skin/ComboBoxBaseSkin <init> (Ljavafx/scene/control/ComboBoxBase;)V 34 <appendix> member <vmtarget> ; # javafx/scene/control/skin/ComboBoxBaseSkin$$Lambda+0x0000022a462c5a60
instanceKlass  @bci javafx/scene/control/skin/ComboBoxBaseSkin <init> (Ljavafx/scene/control/ComboBoxBase;)V 24 <appendix> member <vmtarget> ; # javafx/scene/control/skin/ComboBoxBaseSkin$$Lambda+0x0000022a462c5828
instanceKlass  @bci javafx/scene/control/skin/ComboBoxBaseSkin <init> (Ljavafx/scene/control/ComboBoxBase;)V 14 <appendix> member <vmtarget> ; # javafx/scene/control/skin/ComboBoxBaseSkin$$Lambda+0x0000022a462c55f0
instanceKlass  @bci javafx/scene/control/skin/ScrollPaneSkin <init> (Ljavafx/scene/control/ScrollPane;)V 241 <appendix> member <vmtarget> ; # javafx/scene/control/skin/ScrollPaneSkin$$Lambda+0x0000022a462c2ef8
instanceKlass  @bci javafx/scene/control/skin/ScrollPaneSkin <init> (Ljavafx/scene/control/ScrollPane;)V 230 <appendix> member <vmtarget> ; # javafx/scene/control/skin/ScrollPaneSkin$$Lambda+0x0000022a462c2cb0
instanceKlass  @bci javafx/scene/control/skin/ScrollPaneSkin <init> (Ljavafx/scene/control/ScrollPane;)V 215 <appendix> member <vmtarget> ; # javafx/scene/control/skin/ScrollPaneSkin$$Lambda+0x0000022a462c2a68
instanceKlass  @bci javafx/scene/control/skin/ScrollPaneSkin <init> (Ljavafx/scene/control/ScrollPane;)V 200 <appendix> member <vmtarget> ; # javafx/scene/control/skin/ScrollPaneSkin$$Lambda+0x0000022a462c2820
instanceKlass  @bci javafx/scene/control/skin/ScrollPaneSkin <init> (Ljavafx/scene/control/ScrollPane;)V 185 <appendix> member <vmtarget> ; # javafx/scene/control/skin/ScrollPaneSkin$$Lambda+0x0000022a462c25d8
instanceKlass  @bci javafx/scene/control/skin/ScrollPaneSkin <init> (Ljavafx/scene/control/ScrollPane;)V 170 <appendix> member <vmtarget> ; # javafx/scene/control/skin/ScrollPaneSkin$$Lambda+0x0000022a462c2390
instanceKlass  @bci javafx/scene/control/skin/ScrollPaneSkin <init> (Ljavafx/scene/control/ScrollPane;)V 155 <appendix> member <vmtarget> ; # javafx/scene/control/skin/ScrollPaneSkin$$Lambda+0x0000022a462c2148
instanceKlass  @bci javafx/scene/control/skin/ScrollPaneSkin <init> (Ljavafx/scene/control/ScrollPane;)V 122 <appendix> member <vmtarget> ; # javafx/scene/control/skin/ScrollPaneSkin$$Lambda+0x0000022a462c1d08
instanceKlass  @bci javafx/scene/control/skin/ScrollPaneSkin <init> (Ljavafx/scene/control/ScrollPane;)V 111 <appendix> member <vmtarget> ; # javafx/scene/control/skin/ScrollPaneSkin$$Lambda+0x0000022a462c1ac0
instanceKlass  @bci javafx/scene/control/skin/ScrollPaneSkin initialize ()V 570 <appendix> member <vmtarget> ; # javafx/scene/control/skin/ScrollPaneSkin$$Lambda+0x0000022a462c1888
instanceKlass  @bci javafx/scene/control/skin/ScrollPaneSkin initialize ()V 551 <appendix> member <vmtarget> ; # javafx/scene/control/skin/ScrollPaneSkin$$Lambda+0x0000022a462c13f0
instanceKlass  @bci javafx/scene/control/skin/ScrollPaneSkin initialize ()V 533 <appendix> member <vmtarget> ; # javafx/scene/control/skin/ScrollPaneSkin$$Lambda+0x0000022a462c11b8
instanceKlass  @bci javafx/scene/control/skin/ScrollPaneSkin initialize ()V 517 <appendix> member <vmtarget> ; # javafx/scene/control/skin/ScrollPaneSkin$$Lambda+0x0000022a462c0f80
instanceKlass  @bci javafx/scene/control/skin/ScrollPaneSkin initialize ()V 492 <appendix> member <vmtarget> ; # javafx/scene/control/skin/ScrollPaneSkin$$Lambda+0x0000022a462c0d48
instanceKlass  @bci javafx/scene/control/skin/ScrollPaneSkin initialize ()V 468 <appendix> argL0 ; # javafx/scene/control/skin/ScrollPaneSkin$$Lambda+0x0000022a462c0b18
instanceKlass  @bci javafx/scene/control/skin/ScrollPaneSkin initialize ()V 460 <appendix> member <vmtarget> ; # javafx/scene/control/skin/ScrollPaneSkin$$Lambda+0x0000022a462c08e0
instanceKlass  @bci javafx/scene/control/skin/ScrollPaneSkin initialize ()V 447 <appendix> member <vmtarget> ; # javafx/scene/control/skin/ScrollPaneSkin$$Lambda+0x0000022a462c06a8
instanceKlass  @bci javafx/scene/control/skin/ScrollPaneSkin initialize ()V 431 <appendix> member <vmtarget> ; # javafx/scene/control/skin/ScrollPaneSkin$$Lambda+0x0000022a462c0470
instanceKlass  @bci javafx/scene/control/skin/ScrollPaneSkin initialize ()V 418 <appendix> member <vmtarget> ; # javafx/scene/control/skin/ScrollPaneSkin$$Lambda+0x0000022a462c0238
instanceKlass  @bci javafx/scene/control/skin/ScrollPaneSkin initialize ()V 404 <appendix> member <vmtarget> ; # javafx/scene/control/skin/ScrollPaneSkin$$Lambda+0x0000022a462c0000
instanceKlass  @bci javafx/scene/control/skin/ScrollPaneSkin initialize ()V 385 <appendix> member <vmtarget> ; # javafx/scene/control/skin/ScrollPaneSkin$$Lambda+0x0000022a462bfd60
instanceKlass javafx/scene/control/ScrollBar$StyleableProperties
instanceKlass com/sun/javafx/scene/control/ListenerHelper$EvHa
instanceKlass  @bci javafx/scene/control/skin/ScrollPaneSkin initialize ()V 180 <appendix> member <vmtarget> ; # javafx/scene/control/skin/ScrollPaneSkin$$Lambda+0x0000022a462befb8
instanceKlass  @bci javafx/scene/control/skin/ScrollPaneSkin initialize ()V 30 <appendix> member <vmtarget> ; # javafx/scene/control/skin/ScrollPaneSkin$$Lambda+0x0000022a462bc9c8
instanceKlass com/sun/javafx/scene/traversal/TraverseListener
instanceKlass  @bci com/sun/javafx/scene/control/behavior/ScrollPaneBehavior <init> (Ljavafx/scene/control/ScrollPane;)V 289 <appendix> member <vmtarget> ; # com/sun/javafx/scene/control/behavior/ScrollPaneBehavior$$Lambda+0x0000022a462bc790
instanceKlass  @bci com/sun/javafx/scene/control/behavior/ScrollPaneBehavior <init> (Ljavafx/scene/control/ScrollPane;)V 268 <appendix> member <vmtarget> ; # com/sun/javafx/scene/control/behavior/ScrollPaneBehavior$$Lambda+0x0000022a462bc558
instanceKlass  @bci com/sun/javafx/scene/control/behavior/ScrollPaneBehavior <init> (Ljavafx/scene/control/ScrollPane;)V 240 <appendix> member <vmtarget> ; # com/sun/javafx/scene/control/behavior/ScrollPaneBehavior$$Lambda+0x0000022a462bc320
instanceKlass  @bci com/sun/javafx/scene/control/behavior/ScrollPaneBehavior <init> (Ljavafx/scene/control/ScrollPane;)V 212 <appendix> member <vmtarget> ; # com/sun/javafx/scene/control/behavior/ScrollPaneBehavior$$Lambda+0x0000022a462bc0e8
instanceKlass  @bci com/sun/javafx/scene/control/behavior/ScrollPaneBehavior <init> (Ljavafx/scene/control/ScrollPane;)V 184 <appendix> member <vmtarget> ; # com/sun/javafx/scene/control/behavior/ScrollPaneBehavior$$Lambda+0x0000022a462bbeb0
instanceKlass  @bci com/sun/javafx/scene/control/behavior/ScrollPaneBehavior <init> (Ljavafx/scene/control/ScrollPane;)V 157 <appendix> member <vmtarget> ; # com/sun/javafx/scene/control/behavior/ScrollPaneBehavior$$Lambda+0x0000022a462bbc78
instanceKlass  @bci com/sun/javafx/scene/control/behavior/ScrollPaneBehavior <init> (Ljavafx/scene/control/ScrollPane;)V 130 <appendix> member <vmtarget> ; # com/sun/javafx/scene/control/behavior/ScrollPaneBehavior$$Lambda+0x0000022a462bba40
instanceKlass  @bci com/sun/javafx/scene/control/behavior/ScrollPaneBehavior <init> (Ljavafx/scene/control/ScrollPane;)V 103 <appendix> member <vmtarget> ; # com/sun/javafx/scene/control/behavior/ScrollPaneBehavior$$Lambda+0x0000022a462bb808
instanceKlass  @bci com/sun/javafx/scene/control/behavior/ScrollPaneBehavior <init> (Ljavafx/scene/control/ScrollPane;)V 76 <appendix> member <vmtarget> ; # com/sun/javafx/scene/control/behavior/ScrollPaneBehavior$$Lambda+0x0000022a462bb5d0
instanceKlass  @bci com/sun/javafx/scene/control/behavior/ScrollPaneBehavior <init> (Ljavafx/scene/control/ScrollPane;)V 48 <appendix> member <vmtarget> ; # com/sun/javafx/scene/control/behavior/ScrollPaneBehavior$$Lambda+0x0000022a462bb398
instanceKlass  @bci com/sun/javafx/scene/control/behavior/ScrollPaneBehavior <init> (Ljavafx/scene/control/ScrollPane;)V 14 <appendix> member <vmtarget> ; # com/sun/javafx/scene/control/behavior/ScrollPaneBehavior$$Lambda+0x0000022a462bb130
instanceKlass javafx/scene/control/skin/ScrollPaneSkin$2
instanceKlass javafx/scene/control/skin/ScrollPaneSkin$1
instanceKlass  @bci com/sun/javafx/tk/quantum/ViewScene dispose ()V 8 <appendix> member <vmtarget> ; # com/sun/javafx/tk/quantum/ViewScene$$Lambda+0x0000022a462a8c00
instanceKlass  @bci com/sun/javafx/tk/quantum/QuantumRenderer disposePresentable (Lcom/sun/prism/Presentable;)V 40 <appendix> member <vmtarget> ; # com/sun/javafx/tk/quantum/QuantumRenderer$$Lambda+0x0000022a462b7c28
instanceKlass  @bci com/sun/javafx/tk/quantum/WindowStage setScene (Lcom/sun/javafx/tk/TKScene;)V 64 <appendix> member <vmtarget> ; # com/sun/javafx/tk/quantum/WindowStage$$Lambda+0x0000022a462b79f0
instanceKlass javafx/scene/control/ScrollPane$StyleableProperties
instanceKlass  @bci javafx/scene/control/ComboBox <init> (Ljavafx/collections/ObservableList;)V 183 <appendix> member <vmtarget> ; # javafx/scene/control/ComboBox$$Lambda+0x0000022a462b4920
instanceKlass  @bci javafx/scene/control/ComboBox <init> (Ljavafx/collections/ObservableList;)V 170 <appendix> member <vmtarget> ; # javafx/scene/control/ComboBox$$Lambda+0x0000022a462b46e8
instanceKlass  @bci javafx/scene/control/ComboBox <init> (Ljavafx/collections/ObservableList;)V 157 <appendix> member <vmtarget> ; # javafx/scene/control/ComboBox$$Lambda+0x0000022a462b44b0
instanceKlass javafx/scene/control/ComboBox$ComboBoxSelectionModel$1
instanceKlass  @bci javafx/scene/control/ComboBox$ComboBoxSelectionModel <init> (Ljavafx/scene/control/ComboBox;)V 71 <appendix> member <vmtarget> ; # javafx/scene/control/ComboBox$ComboBoxSelectionModel$$Lambda+0x0000022a462b4038
instanceKlass javafx/scene/control/ComboBox$ComboBoxSelectionModel$2
instanceKlass javafx/scene/control/ComboBox$3
instanceKlass  @bci javafx/scene/control/ComboBoxBase <init> ()V 143 <appendix> member <vmtarget> ; # javafx/scene/control/ComboBoxBase$$Lambda+0x0000022a462b3730
instanceKlass javafx/util/StringConverter
instanceKlass javafx/scene/control/SelectionModel
# instanceKlass java/lang/invoke/LambdaForm$MH+0x0000022a462a8800
instanceKlass view/SignUpViewController
instanceKlass com/sun/javafx/geometry/BoundsUtils
instanceKlass com/sun/javafx/scene/input/KeyCodeMap
instanceKlass javafx/scene/text/HitInfo
instanceKlass com/sun/javafx/scene/text/TextLayout$Hit
instanceKlass  @bci javafx/animation/Animation stop ()V 19 <appendix> member <vmtarget> ; # javafx/animation/Animation$$Lambda+0x0000022a462adbf8
instanceKlass  @bci javafx/scene/Scene$ClickCounter start (DD)V 67 <appendix> member <vmtarget> ; # javafx/scene/Scene$ClickCounter$$Lambda+0x0000022a462ad9c0
instanceKlass com/sun/javafx/tk/TKDragSourceListener
instanceKlass javafx/scene/Scene$DnDGesture
instanceKlass com/sun/glass/ui/win/WinClipboardDelegate
instanceKlass com/sun/glass/ui/Clipboard
instanceKlass  @bci com/sun/javafx/scene/control/inputmap/InputMap lookup (Ljavafx/event/Event;Z)Ljava/util/List; 82 <appendix> argL0 ; # com/sun/javafx/scene/control/inputmap/InputMap$$Lambda+0x0000022a462ac670
instanceKlass  @bci javafx/scene/Node buildEventDispatchChain (Ljavafx/event/EventDispatchChain;)Ljavafx/event/EventDispatchChain; 9 <appendix> member <vmtarget> ; # javafx/scene/Node$$Lambda+0x0000022a462ac438
instanceKlass java/util/EnumMap$EnumMapIterator
instanceKlass com/sun/javafx/scene/input/InputEventUtils
instanceKlass javafx/scene/input/PickResult
instanceKlass javafx/scene/input/MouseEvent$Flags
instanceKlass com/sun/prism/impl/ps/CachingShapeRepState$CSRDisposerRecord
instanceKlass com/sun/prism/impl/ps/CachingShapeRepState$MaskTexData
instanceKlass  @bci com/sun/prism/impl/ps/CachingShapeRepState$MaskCache <clinit> ()V 0 <appendix> argL0 ; # com/sun/prism/impl/ps/CachingShapeRepState$MaskCache$$Lambda+0x0000022a462a73b0
instanceKlass com/sun/prism/impl/ps/CachingShapeRepState$CacheEntry
instanceKlass com/sun/prism/impl/ps/CachingShapeRepState$MaskCache
instanceKlass com/sun/prism/impl/ps/CachingShapeRepState
instanceKlass com/sun/prism/impl/ps/CachingShapeRep
instanceKlass com/sun/glass/ui/Size
instanceKlass com/sun/javafx/tk/quantum/CursorUtils$1
instanceKlass com/sun/javafx/geom/transform/TransformHelper
instanceKlass com/sun/javafx/tk/quantum/CursorUtils
instanceKlass  @bci com/sun/scenario/animation/AnimationPulse$PulseData <clinit> ()V 56 <appendix> argL0 ; # com/sun/scenario/animation/AnimationPulse$PulseData$$Lambda+0x0000022a462a5770
instanceKlass  @bci com/sun/scenario/animation/AnimationPulse$PulseData <clinit> ()V 48 <appendix> argL0 ; # com/sun/scenario/animation/AnimationPulse$PulseData$$Lambda+0x0000022a462a5540
instanceKlass  @bci com/sun/scenario/animation/AnimationPulse$PulseData <clinit> ()V 40 <appendix> argL0 ; # com/sun/scenario/animation/AnimationPulse$PulseData$$Lambda+0x0000022a462a5310
instanceKlass  @bci com/sun/scenario/animation/AnimationPulse$PulseData <clinit> ()V 32 <appendix> argL0 ; # com/sun/scenario/animation/AnimationPulse$PulseData$$Lambda+0x0000022a462a50e0
instanceKlass  @bci com/sun/scenario/animation/AnimationPulse$PulseData <clinit> ()V 24 <appendix> argL0 ; # com/sun/scenario/animation/AnimationPulse$PulseData$$Lambda+0x0000022a462a4eb0
instanceKlass  @bci com/sun/scenario/animation/AnimationPulse$PulseData <clinit> ()V 16 <appendix> argL0 ; # com/sun/scenario/animation/AnimationPulse$PulseData$$Lambda+0x0000022a462a4c80
instanceKlass  @bci com/sun/scenario/animation/AnimationPulse$PulseData <clinit> ()V 8 <appendix> argL0 ; # com/sun/scenario/animation/AnimationPulse$PulseData$$Lambda+0x0000022a462a4a50
instanceKlass  @bci com/sun/scenario/animation/AnimationPulse$PulseData <clinit> ()V 0 <appendix> argL0 ; # com/sun/scenario/animation/AnimationPulse$PulseData$$Lambda+0x0000022a462a4820
instanceKlass  @cpi com/sun/scenario/animation/AnimationPulse$PulseData 157 form vmentry <vmtarget> ; # java/lang/invoke/LambdaForm$DMH+0x0000022a462a8400
# instanceKlass java/lang/invoke/LambdaForm$DMH+0x0000022a462a8000
instanceKlass com/sun/scenario/animation/AnimationPulse$PulseData
instanceKlass com/sun/scenario/animation/AnimationPulse$PulseData$Accessor
instanceKlass com/sun/scenario/animation/AnimationPulse$AnimationPulseHolder
instanceKlass com/sun/scenario/animation/AnimationPulse
instanceKlass com/sun/scenario/animation/AnimationPulseMBean
instanceKlass com/sun/javafx/image/impl/ByteGray$Accessor
instanceKlass com/sun/javafx/image/impl/ByteGray
instanceKlass com/sun/prism/shader/Texture_Color_Loader
instanceKlass com/sun/marlin/ArrayCacheConst
instanceKlass com/sun/marlin/MaskMarlinAlphaConsumer
instanceKlass com/sun/marlin/Helpers
instanceKlass com/sun/prism/impl/shape/DMarlinPrismUtils
instanceKlass com/sun/marlin/DPQSSorterContext
instanceKlass com/sun/marlin/Dasher$LengthIterator
instanceKlass com/sun/marlin/Dasher
instanceKlass com/sun/marlin/Stroker
instanceKlass com/sun/marlin/ArrayCacheIntClean$Reference
instanceKlass  @bci com/sun/marlin/OffHeapArray <init> (Ljava/lang/Object;J)V 52 <appendix> member <vmtarget> ; # com/sun/marlin/OffHeapArray$$Lambda+0x0000022a462a1b18
instanceKlass java/util/stream/WhileOps$DropWhileSink
instanceKlass java/util/stream/SliceOps
instanceKlass java/util/stream/WhileOps$DropWhileOp
instanceKlass java/util/stream/WhileOps
instanceKlass  @bci sun/misc/Unsafe lambda$beforeMemoryAccessSlow$0 (Ljava/util/stream/Stream;)Ljava/util/List; 1 <appendix> argL0 ; # sun/misc/Unsafe$$Lambda+0x0000022a461c88a0
instanceKlass  @bci sun/misc/Unsafe beforeMemoryAccessSlow ()V 26 <appendix> argL0 ; # sun/misc/Unsafe$$Lambda+0x0000022a461c8170
instanceKlass sun/misc/Unsafe$StackWalkerHolder
instanceKlass com/sun/marlin/RendererContext$RendererSharedMemory
instanceKlass com/sun/marlin/ArrayCacheInt$Reference
instanceKlass com/sun/marlin/Helpers$IndexStack
instanceKlass com/sun/marlin/TransformingPathConsumer2D$PathClipFilter
instanceKlass com/sun/marlin/TransformingPathConsumer2D$StartFlagPathConsumer2D
instanceKlass com/sun/marlin/ArrayCacheByte$Reference
instanceKlass com/sun/marlin/ArrayCacheDouble$Reference
instanceKlass com/sun/marlin/Helpers$PolyStack
instanceKlass com/sun/marlin/TransformingPathConsumer2D$ClosedPathDetector
instanceKlass com/sun/marlin/TransformingPathConsumer2D$PathTracer
instanceKlass com/sun/marlin/TransformingPathConsumer2D$DeltaTransformFilter
instanceKlass com/sun/marlin/TransformingPathConsumer2D$DeltaScaleFilter
instanceKlass com/sun/marlin/TransformingPathConsumer2D$Path2DWrapper
instanceKlass com/sun/marlin/TransformingPathConsumer2D
instanceKlass com/sun/marlin/TransformingPathConsumer2D$CurveClipSplitter
instanceKlass com/sun/marlin/TransformingPathConsumer2D$CurveBasicMonotonizer
instanceKlass com/sun/marlin/ArrayCacheByte
instanceKlass com/sun/marlin/ArrayCacheDouble
instanceKlass com/sun/marlin/ArrayCacheInt
instanceKlass com/sun/marlin/ArrayCacheIntClean
instanceKlass com/sun/marlin/PathSimplifier
instanceKlass com/sun/marlin/CollinearSimplifier
instanceKlass com/sun/marlin/Curve
instanceKlass  @bci com/sun/marlin/DMarlinRenderingEngine logSettings (Ljava/lang/String;)V 502 <appendix> form vmentry <vmtarget> ; # java/lang/invoke/LambdaForm$MH+0x0000022a4629d000
# instanceKlass java/lang/invoke/LambdaForm$MH+0x0000022a4629cc00
instanceKlass sun/misc/Unsafe
instanceKlass com/sun/marlin/OffHeapArray
instanceKlass com/sun/marlin/MergeSort
instanceKlass jdk/internal/math/MathUtils
instanceKlass jdk/internal/math/ToDecimal
instanceKlass  @bci com/sun/marlin/DMarlinRenderingEngine logSettings (Ljava/lang/String;)V 272 <appendix> form vmentry <vmtarget> ; # java/lang/invoke/LambdaForm$MH+0x0000022a4629c800
instanceKlass com/sun/marlin/Version
instanceKlass jdk/internal/ref/CleanerImpl$InnocuousThreadFactory
instanceKlass com/sun/marlin/FloatMath
instanceKlass com/sun/marlin/MarlinUtils
instanceKlass com/sun/marlin/Renderer
instanceKlass com/sun/marlin/MarlinRenderer
instanceKlass com/sun/marlin/DPathConsumer2D
instanceKlass java/util/concurrent/ConcurrentLinkedQueue$Node
instanceKlass com/sun/util/reentrant/ReentrantContext
instanceKlass com/sun/util/reentrant/ReentrantContextProvider
instanceKlass com/sun/marlin/DMarlinRenderingEngine
instanceKlass com/sun/marlin/MarlinConst
instanceKlass com/sun/marlin/MarlinProperties
instanceKlass com/sun/marlin/MarlinAlphaConsumer
instanceKlass com/sun/openpisces/AlphaConsumer
instanceKlass com/sun/prism/impl/shape/DMarlinRasterizer
instanceKlass com/sun/prism/impl/shape/ShapeUtil$1
instanceKlass com/sun/prism/impl/shape/ShapeRasterizer
instanceKlass com/sun/prism/impl/shape/ShapeUtil
instanceKlass com/sun/scenario/effect/impl/prism/PrEffectHelper
instanceKlass com/sun/prism/shader/FillRoundRect_Color_Loader
instanceKlass com/sun/prism/impl/packrect/Level
instanceKlass com/sun/prism/impl/shape/MaskData
instanceKlass com/sun/prism/impl/GlyphCache$GlyphData
# instanceKlass java/lang/invoke/LambdaForm$MH+0x0000022a4629c400
# instanceKlass java/lang/invoke/LambdaForm$MH+0x0000022a4629c000
instanceKlass com/sun/prism/impl/BufferUtil
instanceKlass com/sun/prism/shader/Solid_TextureSecondPassLCD_Loader
instanceKlass com/sun/prism/shader/Solid_TextureFirstPassLCD_Loader
instanceKlass com/sun/prism/impl/packrect/RectanglePacker
instanceKlass com/sun/prism/impl/GlyphCache
instanceKlass com/sun/javafx/font/directwrite/DWRITE_MATRIX
instanceKlass com/sun/prism/PrinterGraphics
instanceKlass com/sun/prism/shader/Solid_TextureRGB_Loader
instanceKlass com/sun/prism/impl/ps/BaseShaderContext$1
instanceKlass com/sun/prism/MultiTexture
instanceKlass com/sun/prism/d3d/D3DTexture$1
instanceKlass javafx/util/Pair
instanceKlass com/sun/prism/d3d/D3DContext$1
# instanceKlass java/lang/invoke/LambdaForm$MH+0x0000022a46294400
instanceKlass com/sun/prism/shader/FillPgram_Color_Loader
instanceKlass com/sun/javafx/geom/transform/Affine3D$1
instanceKlass com/sun/prism/impl/BaseGraphicsResource
instanceKlass com/sun/prism/impl/Disposer$Target
instanceKlass com/sun/prism/impl/Disposer
instanceKlass com/sun/prism/impl/PrismTrace
instanceKlass com/sun/prism/d3d/D3DResource$D3DRecord
instanceKlass com/sun/prism/impl/Disposer$Record
instanceKlass com/sun/prism/impl/BaseTexture
instanceKlass com/sun/prism/d3d/D3DContextSource
instanceKlass com/sun/prism/ReadbackRenderTarget
instanceKlass com/sun/prism/d3d/D3DRenderTarget
instanceKlass com/sun/prism/impl/BaseResourcePool$WeakLinkedList
instanceKlass  @bci com/sun/prism/impl/BaseResourcePool <clinit> ()V 110 <appendix> argL0 ; # com/sun/prism/impl/BaseResourcePool$$Lambda+0x0000022a462921f0
instanceKlass  @bci com/sun/prism/impl/BaseResourcePool <clinit> ()V 92 <appendix> argL0 ; # com/sun/prism/impl/BaseResourcePool$$Lambda+0x0000022a46291fc0
instanceKlass  @bci com/sun/prism/impl/BaseResourcePool <clinit> ()V 74 <appendix> argL0 ; # com/sun/prism/impl/BaseResourcePool$$Lambda+0x0000022a46291d90
instanceKlass  @bci com/sun/prism/impl/BaseResourcePool <clinit> ()V 56 <appendix> argL0 ; # com/sun/prism/impl/BaseResourcePool$$Lambda+0x0000022a46291b60
instanceKlass  @bci com/sun/prism/impl/BaseResourcePool <clinit> ()V 38 <appendix> argL0 ; # com/sun/prism/impl/BaseResourcePool$$Lambda+0x0000022a46291930
instanceKlass  @bci com/sun/prism/impl/BaseResourcePool <clinit> ()V 20 <appendix> argL0 ; # com/sun/prism/impl/BaseResourcePool$$Lambda+0x0000022a46291700
instanceKlass  @cpi com/sun/prism/impl/BaseResourcePool 440 form vmentry <vmtarget> ; # java/lang/invoke/LambdaForm$DMH+0x0000022a46294000
instanceKlass com/sun/prism/impl/ManagedResource
instanceKlass com/sun/prism/impl/BaseResourcePool$Predicate
instanceKlass com/sun/prism/impl/BaseResourcePool
instanceKlass  @bci com/sun/javafx/tk/quantum/PaintCollector lambda$liveRepaintRenderJob$2 (Lcom/sun/javafx/tk/quantum/QuantumToolkit;Lcom/sun/javafx/tk/quantum/ViewPainter;Ljava/util/concurrent/CountDownLatch;)Ljava/lang/Object; 7 <appendix> member <vmtarget> ; # com/sun/javafx/tk/quantum/PaintCollector$$Lambda+0x0000022a46290b48
instanceKlass  @bci com/sun/javafx/tk/quantum/PaintCollector liveRepaintRenderJob (Lcom/sun/javafx/tk/quantum/ViewScene;)V 31 <appendix> member <vmtarget> ; # com/sun/javafx/tk/quantum/PaintCollector$$Lambda+0x0000022a46290910
instanceKlass com/sun/prism/image/CompoundImage
instanceKlass  @bci com/sun/javafx/tk/quantum/ViewScene setCursor (Ljava/lang/Object;)V 7 <appendix> member <vmtarget> ; # com/sun/javafx/tk/quantum/ViewScene$$Lambda+0x0000022a462904a8
instanceKlass javafx/scene/control/TextInputControl$TextInputControlFromatterAccessor
instanceKlass  @bci javafx/animation/Animation play ()V 19 <appendix> member <vmtarget> ; # javafx/animation/Animation$$Lambda+0x0000022a46290000
instanceKlass  @bci com/sun/javafx/scene/InputMethodStateManager <init> (Ljavafx/scene/Scene;)V 27 <appendix> member <vmtarget> ; # com/sun/javafx/scene/InputMethodStateManager$$Lambda+0x0000022a4628dc88
instanceKlass  @bci com/sun/javafx/scene/InputMethodStateManager <init> (Ljavafx/scene/Scene;)V 17 <appendix> member <vmtarget> ; # com/sun/javafx/scene/InputMethodStateManager$$Lambda+0x0000022a4628da50
instanceKlass com/sun/javafx/scene/InputMethodStateManager
instanceKlass com/sun/javafx/scene/traversal/TabOrderHelper
instanceKlass  @bci view/ProdukViewController pilihProduk (I)V 50 <appendix> form vmentry <vmtarget> ; # java/lang/invoke/LambdaForm$DMH+0x0000022a4628d400
instanceKlass  @bci com/sun/javafx/tk/quantum/WindowStage setVisible (Z)V 102 <appendix> member <vmtarget> ; # com/sun/javafx/tk/quantum/WindowStage$$Lambda+0x0000022a4628f8c0
instanceKlass  @bci com/sun/javafx/tk/quantum/GlassViewEventHandler$ViewEventNotification get ()Ljava/lang/Void; 298 <appendix> member <vmtarget> ; # com/sun/javafx/tk/quantum/GlassViewEventHandler$ViewEventNotification$$Lambda+0x0000022a4628f688
instanceKlass java/lang/FdLibm
instanceKlass java/lang/FdLibm$Hypot
instanceKlass com/sun/javafx/geom/Path2D$Iterator
instanceKlass com/sun/javafx/scene/shape/PathUtils
instanceKlass javafx/scene/layout/Region$12
instanceKlass javafx/scene/Parent$5
instanceKlass com/sun/javafx/tk/FontMetrics
instanceKlass com/sun/javafx/font/PrismFontUtils
# instanceKlass java/lang/invoke/LambdaForm$MH+0x0000022a4628d000
instanceKlass com/sun/javafx/font/PrismFontFactory$TTFilter
instanceKlass com/sun/javafx/font/WindowsFontMap$FamilyDescription
instanceKlass com/sun/javafx/font/WindowsFontMap
instanceKlass jdk/internal/icu/impl/UCharacterProperty$IsAcceptable
instanceKlass jdk/internal/icu/impl/UCharacterProperty$IntProperty
instanceKlass jdk/internal/icu/impl/UCharacterProperty
instanceKlass com/sun/javafx/scene/control/behavior/MnemonicInfo
instanceKlass com/sun/javafx/text/ScriptMapper
# instanceKlass java/lang/invoke/LambdaForm$MH+0x0000022a4628cc00
# instanceKlass java/lang/invoke/LambdaForm$MH+0x0000022a4628c800
# instanceKlass java/lang/invoke/LambdaForm$MH+0x0000022a4628c400
instanceKlass  @cpi javafx/scene/control/skin/ListViewSkin 734 form vmentry <vmtarget> ; # java/lang/invoke/LambdaForm$DMH+0x0000022a4628c000
instanceKlass jdk/internal/icu/text/BidiLine
instanceKlass jdk/internal/icu/text/UTF16
instanceKlass jdk/internal/icu/impl/Trie2$UTrie2Header
instanceKlass jdk/internal/icu/impl/Trie2$1
instanceKlass jdk/internal/icu/impl/Trie2$ValueMapper
instanceKlass jdk/internal/icu/impl/Trie2
instanceKlass jdk/internal/icu/impl/UBiDiProps$IsAcceptable
instanceKlass jdk/internal/icu/impl/UBiDiProps
instanceKlass jdk/internal/icu/text/BidiBase$Point
instanceKlass jdk/internal/icu/text/BidiBase$InsertPoints
instanceKlass jdk/internal/icu/text/BidiRun
instanceKlass jdk/internal/icu/text/BidiBase$ImpTabPair
instanceKlass jdk/internal/icu/text/BidiBase
instanceKlass java/text/Bidi
instanceKlass  @bci javafx/scene/control/skin/ButtonSkin <init> (Ljavafx/scene/control/Button;)V 110 <appendix> member <vmtarget> ; # javafx/scene/control/skin/ButtonSkin$$Lambda+0x0000022a462896b0
instanceKlass  @bci javafx/scene/control/skin/ButtonSkin <init> (Ljavafx/scene/control/Button;)V 96 <appendix> member <vmtarget> ; # javafx/scene/control/skin/ButtonSkin$$Lambda+0x0000022a46289468
instanceKlass  @bci javafx/scene/control/skin/ButtonSkin <init> (Ljavafx/scene/control/Button;)V 82 <appendix> member <vmtarget> ; # javafx/scene/control/skin/ButtonSkin$$Lambda+0x0000022a46289220
instanceKlass  @bci javafx/scene/control/skin/ButtonSkin <init> (Ljavafx/scene/control/Button;)V 68 <appendix> member <vmtarget> ; # javafx/scene/control/skin/ButtonSkin$$Lambda+0x0000022a46288fd8
instanceKlass  @bci com/sun/javafx/scene/control/behavior/ButtonBehavior <init> (Ljavafx/scene/control/ButtonBase;)V 225 <appendix> argL0 ; # com/sun/javafx/scene/control/behavior/ButtonBehavior$$Lambda+0x0000022a46288d78
instanceKlass  @bci com/sun/javafx/scene/control/behavior/ButtonBehavior <init> (Ljavafx/scene/control/ButtonBase;)V 220 <appendix> member <vmtarget> ; # com/sun/javafx/scene/control/behavior/ButtonBehavior$$Lambda+0x0000022a46288b40
instanceKlass  @bci com/sun/javafx/scene/control/behavior/ButtonBehavior <init> (Ljavafx/scene/control/ButtonBase;)V 190 <appendix> argL0 ; # com/sun/javafx/scene/control/behavior/ButtonBehavior$$Lambda+0x0000022a462888e0
instanceKlass  @bci com/sun/javafx/scene/control/behavior/ButtonBehavior <init> (Ljavafx/scene/control/ButtonBase;)V 185 <appendix> member <vmtarget> ; # com/sun/javafx/scene/control/behavior/ButtonBehavior$$Lambda+0x0000022a462886a8
instanceKlass  @bci com/sun/javafx/scene/control/behavior/ButtonBehavior <init> (Ljavafx/scene/control/ButtonBase;)V 155 <appendix> member <vmtarget> ; # com/sun/javafx/scene/control/behavior/ButtonBehavior$$Lambda+0x0000022a46288470
instanceKlass  @bci com/sun/javafx/scene/control/behavior/ButtonBehavior <init> (Ljavafx/scene/control/ButtonBase;)V 136 <appendix> member <vmtarget> ; # com/sun/javafx/scene/control/behavior/ButtonBehavior$$Lambda+0x0000022a46288238
instanceKlass  @bci com/sun/javafx/scene/control/behavior/ButtonBehavior <init> (Ljavafx/scene/control/ButtonBase;)V 117 <appendix> member <vmtarget> ; # com/sun/javafx/scene/control/behavior/ButtonBehavior$$Lambda+0x0000022a46288000
instanceKlass  @bci com/sun/javafx/scene/control/behavior/ButtonBehavior <init> (Ljavafx/scene/control/ButtonBase;)V 98 <appendix> member <vmtarget> ; # com/sun/javafx/scene/control/behavior/ButtonBehavior$$Lambda+0x0000022a46287bc0
instanceKlass  @bci com/sun/javafx/scene/control/behavior/ButtonBehavior <init> (Ljavafx/scene/control/ButtonBase;)V 79 <appendix> member <vmtarget> ; # com/sun/javafx/scene/control/behavior/ButtonBehavior$$Lambda+0x0000022a46287988
instanceKlass  @bci com/sun/javafx/scene/control/behavior/ButtonBehavior <init> (Ljavafx/scene/control/ButtonBase;)V 57 <appendix> member <vmtarget> ; # com/sun/javafx/scene/control/behavior/ButtonBehavior$$Lambda+0x0000022a46287750
instanceKlass  @bci com/sun/javafx/scene/control/behavior/FocusTraversalInputMap <clinit> ()V 321 <appendix> argL0 ; # com/sun/javafx/scene/control/behavior/FocusTraversalInputMap$$Lambda+0x0000022a46287520
instanceKlass  @bci com/sun/javafx/scene/control/behavior/FocusTraversalInputMap <clinit> ()V 289 <appendix> argL0 ; # com/sun/javafx/scene/control/behavior/FocusTraversalInputMap$$Lambda+0x0000022a462872f0
instanceKlass  @bci com/sun/javafx/scene/control/behavior/FocusTraversalInputMap <clinit> ()V 254 <appendix> argL0 ; # com/sun/javafx/scene/control/behavior/FocusTraversalInputMap$$Lambda+0x0000022a462870c0
instanceKlass  @bci com/sun/javafx/scene/control/behavior/FocusTraversalInputMap <clinit> ()V 219 <appendix> argL0 ; # com/sun/javafx/scene/control/behavior/FocusTraversalInputMap$$Lambda+0x0000022a46286e90
instanceKlass  @bci com/sun/javafx/scene/control/behavior/FocusTraversalInputMap <clinit> ()V 184 <appendix> argL0 ; # com/sun/javafx/scene/control/behavior/FocusTraversalInputMap$$Lambda+0x0000022a46286c60
instanceKlass  @bci com/sun/javafx/scene/control/behavior/FocusTraversalInputMap <clinit> ()V 149 <appendix> argL0 ; # com/sun/javafx/scene/control/behavior/FocusTraversalInputMap$$Lambda+0x0000022a46286a30
instanceKlass  @bci com/sun/javafx/scene/control/behavior/FocusTraversalInputMap <clinit> ()V 114 <appendix> argL0 ; # com/sun/javafx/scene/control/behavior/FocusTraversalInputMap$$Lambda+0x0000022a46286800
instanceKlass  @bci com/sun/javafx/scene/control/behavior/FocusTraversalInputMap <clinit> ()V 86 <appendix> argL0 ; # com/sun/javafx/scene/control/behavior/FocusTraversalInputMap$$Lambda+0x0000022a462865d0
instanceKlass  @bci com/sun/javafx/scene/control/behavior/FocusTraversalInputMap <clinit> ()V 68 <appendix> argL0 ; # com/sun/javafx/scene/control/behavior/FocusTraversalInputMap$$Lambda+0x0000022a462863a0
instanceKlass  @bci com/sun/javafx/scene/control/behavior/FocusTraversalInputMap <clinit> ()V 50 <appendix> argL0 ; # com/sun/javafx/scene/control/behavior/FocusTraversalInputMap$$Lambda+0x0000022a46286170
instanceKlass  @bci com/sun/javafx/scene/control/behavior/FocusTraversalInputMap <clinit> ()V 32 <appendix> argL0 ; # com/sun/javafx/scene/control/behavior/FocusTraversalInputMap$$Lambda+0x0000022a46285f40
instanceKlass  @bci com/sun/javafx/scene/control/behavior/FocusTraversalInputMap <clinit> ()V 14 <appendix> argL0 ; # com/sun/javafx/scene/control/behavior/FocusTraversalInputMap$$Lambda+0x0000022a46285d10
instanceKlass  @bci com/sun/javafx/scene/control/behavior/ButtonBehavior <init> (Ljavafx/scene/control/ButtonBase;)V 7 <appendix> member <vmtarget> ; # com/sun/javafx/scene/control/behavior/ButtonBehavior$$Lambda+0x0000022a46285ad8
instanceKlass  @bci javafx/scene/control/skin/ButtonSkin <init> (Ljavafx/scene/control/Button;)V 27 <appendix> member <vmtarget> ; # javafx/scene/control/skin/ButtonSkin$$Lambda+0x0000022a462858a0
instanceKlass  @bci javafx/scene/control/skin/ButtonSkin <init> (Ljavafx/scene/control/Button;)V 17 <appendix> member <vmtarget> ; # javafx/scene/control/skin/ButtonSkin$$Lambda+0x0000022a46285668
instanceKlass  @bci javafx/scene/control/skin/ButtonSkin <init> (Ljavafx/scene/control/Button;)V 7 <appendix> member <vmtarget> ; # javafx/scene/control/skin/ButtonSkin$$Lambda+0x0000022a46285430
instanceKlass com/sun/javafx/font/directwrite/DWRITE_GLYPH_METRICS
instanceKlass com/sun/javafx/font/directwrite/DWRITE_GLYPH_RUN
instanceKlass com/sun/javafx/font/directwrite/RECT
instanceKlass com/sun/javafx/font/directwrite/D2D1_MATRIX_3X2_F
instanceKlass com/sun/javafx/font/directwrite/D2D1_COLOR_F
instanceKlass com/sun/javafx/font/directwrite/DWGlyph
instanceKlass com/sun/javafx/font/CMap
instanceKlass com/sun/javafx/font/Glyph
instanceKlass javafx/scene/control/skin/TextFieldSkin$8
instanceKlass javafx/scene/paint/Stop
instanceKlass javafx/scene/control/skin/TextInputControlSkin$StyleableProperties
instanceKlass javafx/scene/control/skin/TextInputControlSkin$6
instanceKlass  @bci javafx/scene/control/skin/TextFieldSkin <init> (Ljavafx/scene/control/TextField;)V 786 <appendix> member <vmtarget> ; # javafx/scene/control/skin/TextFieldSkin$$Lambda+0x0000022a46280ad8
instanceKlass  @bci javafx/scene/control/skin/TextFieldSkin <init> (Ljavafx/scene/control/TextField;)V 755 <appendix> member <vmtarget> ; # javafx/scene/control/skin/TextFieldSkin$$Lambda+0x0000022a46280890
instanceKlass  @bci javafx/scene/control/skin/TextFieldSkin <init> (Ljavafx/scene/control/TextField;)V 741 <appendix> member <vmtarget> ; # javafx/scene/control/skin/TextFieldSkin$$Lambda+0x0000022a46280658
instanceKlass  @bci javafx/scene/control/skin/TextFieldSkin <init> (Ljavafx/scene/control/TextField;)V 715 <appendix> member <vmtarget> ; # javafx/scene/control/skin/TextFieldSkin$$Lambda+0x0000022a46280000
instanceKlass  @bci javafx/scene/control/skin/TextFieldSkin <init> (Ljavafx/scene/control/TextField;)V 688 <appendix> member <vmtarget> ; # javafx/scene/control/skin/TextFieldSkin$$Lambda+0x0000022a46248400
instanceKlass  @bci javafx/scene/control/skin/TextFieldSkin <init> (Ljavafx/scene/control/TextField;)V 674 <appendix> member <vmtarget> ; # javafx/scene/control/skin/TextFieldSkin$$Lambda+0x0000022a4627fc68
instanceKlass  @bci javafx/scene/control/skin/TextFieldSkin <init> (Ljavafx/scene/control/TextField;)V 659 <appendix> member <vmtarget> ; # javafx/scene/control/skin/TextFieldSkin$$Lambda+0x0000022a4627fa30
instanceKlass javafx/scene/shape/LineTo$1
instanceKlass com/sun/javafx/scene/shape/LineToHelper$LineToAccessor
instanceKlass com/sun/javafx/util/WeakReferenceQueue$1
instanceKlass javafx/scene/shape/MoveTo$1
instanceKlass com/sun/javafx/scene/shape/PathElementHelper
instanceKlass javafx/scene/shape/PathElement$1
instanceKlass com/sun/javafx/scene/shape/MoveToHelper$MoveToAccessor
instanceKlass com/sun/javafx/scene/shape/PathElementHelper$PathElementAccessor
instanceKlass javafx/scene/text/Text$10
instanceKlass com/sun/javafx/text/TextLine
instanceKlass com/sun/javafx/font/PrismMetrics
instanceKlass com/sun/javafx/text/LayoutCache
instanceKlass com/sun/javafx/text/TextRun
instanceKlass javafx/scene/shape/Shape$StrokeAttributes
instanceKlass  @bci javafx/scene/control/skin/TextFieldSkin <init> (Ljavafx/scene/control/TextField;)V 566 <appendix> member <vmtarget> ; # javafx/scene/control/skin/TextFieldSkin$$Lambda+0x0000022a46276088
instanceKlass javafx/beans/binding/Bindings$ShortCircuitAndInvalidator
instanceKlass javafx/beans/value/ObservableFloatValue
instanceKlass javafx/beans/value/ObservableLongValue
instanceKlass javafx/beans/binding/Bindings
instanceKlass  @bci com/sun/javafx/scene/control/LambdaMultiplePropertyChangeListenerHandler registerInvalidationListener (Ljavafx/beans/Observable;Ljava/util/function/Consumer;)V 38 <appendix> argL0 ; # com/sun/javafx/scene/control/LambdaMultiplePropertyChangeListenerHandler$$Lambda+0x0000022a4624f2b0
instanceKlass  @bci javafx/scene/control/skin/TextFieldSkin <init> (Ljavafx/scene/control/TextField;)V 477 <appendix> member <vmtarget> ; # javafx/scene/control/skin/TextFieldSkin$$Lambda+0x0000022a4624f068
instanceKlass javafx/beans/property/StringPropertyBase$Listener
instanceKlass javafx/scene/shape/Rectangle$StyleableProperties
instanceKlass javafx/scene/Group$1
instanceKlass com/sun/javafx/scene/GroupHelper$GroupAccessor
instanceKlass  @bci javafx/scene/control/skin/TextFieldSkin <init> (Ljavafx/scene/control/TextField;)V 136 <appendix> member <vmtarget> ; # javafx/scene/control/skin/TextFieldSkin$$Lambda+0x0000022a4624c6b8
instanceKlass  @bci javafx/scene/control/skin/TextFieldSkin <init> (Ljavafx/scene/control/TextField;)V 122 <appendix> member <vmtarget> ; # javafx/scene/control/skin/TextFieldSkin$$Lambda+0x0000022a4624c470
instanceKlass  @bci com/sun/javafx/scene/control/behavior/TextFieldBehavior <init> (Ljavafx/scene/control/TextField;)V 94 <appendix> member <vmtarget> ; # com/sun/javafx/scene/control/behavior/TextFieldBehavior$$Lambda+0x0000022a4624c238
instanceKlass  @bci com/sun/javafx/scene/control/behavior/TextFieldBehavior <init> (Ljavafx/scene/control/TextField;)V 69 <appendix> member <vmtarget> ; # com/sun/javafx/scene/control/behavior/TextFieldBehavior$$Lambda+0x0000022a4624c000
instanceKlass  @cpi view/EksporLaporanView 918 form vmentry <vmtarget> ; # java/lang/invoke/LambdaForm$DMH+0x0000022a46248000
instanceKlass  @bci com/sun/javafx/scene/control/behavior/TextFieldBehavior <init> (Ljavafx/scene/control/TextField;)V 43 <appendix> member <vmtarget> ; # com/sun/javafx/scene/control/behavior/TextFieldBehavior$$Lambda+0x0000022a46247da0
instanceKlass javafx/stage/PopupWindow$3
instanceKlass com/sun/javafx/util/TempState
instanceKlass  @bci javafx/stage/PopupWindow <init> ()V 29 <appendix> member <vmtarget> ; # javafx/stage/PopupWindow$$Lambda+0x0000022a46246030
instanceKlass javafx/stage/PopupWindow$2
instanceKlass javafx/stage/PopupWindow$1
instanceKlass com/sun/javafx/stage/PopupWindowHelper$PopupWindowAccessor
instanceKlass  @bci com/sun/javafx/binding/ExpressionHelperBase trim (I[Ljava/lang/Object;)I 0 <appendix> argL0 ; # com/sun/javafx/binding/ExpressionHelperBase$$Lambda+0x0000022a4623e8c0
instanceKlass com/sun/javafx/scene/control/behavior/TextInputControlBehavior$2
instanceKlass  @bci com/sun/javafx/scene/control/behavior/TextInputControlBehavior <init> (Ljavafx/scene/control/TextInputControl;)V 2061 <appendix> member <vmtarget> ; # com/sun/javafx/scene/control/behavior/TextInputControlBehavior$$Lambda+0x0000022a4623e470
instanceKlass  @bci com/sun/javafx/scene/control/behavior/TextInputControlBehavior <init> (Ljavafx/scene/control/TextInputControl;)V 2031 <appendix> member <vmtarget> ; # com/sun/javafx/scene/control/behavior/TextInputControlBehavior$$Lambda+0x0000022a4623e238
instanceKlass  @bci com/sun/javafx/scene/control/behavior/TextInputControlBehavior <init> (Ljavafx/scene/control/TextInputControl;)V 1999 <appendix> member <vmtarget> ; # com/sun/javafx/scene/control/behavior/TextInputControlBehavior$$Lambda+0x0000022a4623e000
instanceKlass  @bci com/sun/javafx/scene/control/behavior/TextInputControlBehavior <init> (Ljavafx/scene/control/TextInputControl;)V 1968 <appendix> member <vmtarget> ; # com/sun/javafx/scene/control/behavior/TextInputControlBehavior$$Lambda+0x0000022a4623ddc8
instanceKlass  @bci com/sun/javafx/scene/control/behavior/TextInputControlBehavior <init> (Ljavafx/scene/control/TextInputControl;)V 1941 <appendix> member <vmtarget> ; # com/sun/javafx/scene/control/behavior/TextInputControlBehavior$$Lambda+0x0000022a4623db90
instanceKlass  @bci com/sun/javafx/scene/control/behavior/TextInputControlBehavior <init> (Ljavafx/scene/control/TextInputControl;)V 1914 <appendix> member <vmtarget> ; # com/sun/javafx/scene/control/behavior/TextInputControlBehavior$$Lambda+0x0000022a4623d958
instanceKlass  @bci com/sun/javafx/scene/control/behavior/TextInputControlBehavior <init> (Ljavafx/scene/control/TextInputControl;)V 1887 <appendix> member <vmtarget> ; # com/sun/javafx/scene/control/behavior/TextInputControlBehavior$$Lambda+0x0000022a4623d720
instanceKlass  @bci com/sun/javafx/scene/control/behavior/TextInputControlBehavior <init> (Ljavafx/scene/control/TextInputControl;)V 1861 <appendix> member <vmtarget> ; # com/sun/javafx/scene/control/behavior/TextInputControlBehavior$$Lambda+0x0000022a4623d4e8
instanceKlass  @bci com/sun/javafx/scene/control/behavior/TextInputControlBehavior <init> (Ljavafx/scene/control/TextInputControl;)V 1835 <appendix> member <vmtarget> ; # com/sun/javafx/scene/control/behavior/TextInputControlBehavior$$Lambda+0x0000022a4623d2b0
instanceKlass  @bci com/sun/javafx/scene/control/behavior/TextInputControlBehavior <init> (Ljavafx/scene/control/TextInputControl;)V 1809 <appendix> member <vmtarget> ; # com/sun/javafx/scene/control/behavior/TextInputControlBehavior$$Lambda+0x0000022a4623d078
instanceKlass  @bci com/sun/javafx/scene/control/behavior/TextInputControlBehavior <init> (Ljavafx/scene/control/TextInputControl;)V 1783 <appendix> member <vmtarget> ; # com/sun/javafx/scene/control/behavior/TextInputControlBehavior$$Lambda+0x0000022a4623ce40
instanceKlass  @bci com/sun/javafx/scene/control/behavior/TextInputControlBehavior <init> (Ljavafx/scene/control/TextInputControl;)V 1757 <appendix> member <vmtarget> ; # com/sun/javafx/scene/control/behavior/TextInputControlBehavior$$Lambda+0x0000022a4623cc08
instanceKlass  @bci com/sun/javafx/scene/control/behavior/TextInputControlBehavior <init> (Ljavafx/scene/control/TextInputControl;)V 1722 <appendix> argL0 ; # com/sun/javafx/scene/control/behavior/TextInputControlBehavior$$Lambda+0x0000022a4623c9a8
instanceKlass  @bci com/sun/javafx/scene/control/behavior/BehaviorBase addDefaultChildMap (Lcom/sun/javafx/scene/control/inputmap/InputMap;Lcom/sun/javafx/scene/control/inputmap/InputMap;)V 17 <appendix> member <vmtarget> ; # com/sun/javafx/scene/control/behavior/BehaviorBase$$Lambda+0x0000022a4623c770
instanceKlass  @bci com/sun/javafx/scene/control/inputmap/InputMap reprocessAllMappings ()V 14 <appendix> member <vmtarget> ; # com/sun/javafx/scene/control/inputmap/InputMap$$Lambda+0x0000022a4623c528
instanceKlass  @bci com/sun/javafx/scene/control/behavior/TextInputControlBehavior <init> (Ljavafx/scene/control/TextInputControl;)V 1685 <appendix> member <vmtarget> ; # com/sun/javafx/scene/control/behavior/TextInputControlBehavior$$Lambda+0x0000022a4623c2f0
instanceKlass  @bci com/sun/javafx/scene/control/behavior/TextInputControlBehavior <init> (Ljavafx/scene/control/TextInputControl;)V 1655 <appendix> member <vmtarget> ; # com/sun/javafx/scene/control/behavior/TextInputControlBehavior$$Lambda+0x0000022a4623c0b8
instanceKlass  @bci com/sun/javafx/scene/control/behavior/TextInputControlBehavior <init> (Ljavafx/scene/control/TextInputControl;)V 1625 <appendix> member <vmtarget> ; # com/sun/javafx/scene/control/behavior/TextInputControlBehavior$$Lambda+0x0000022a4623be80
instanceKlass  @bci com/sun/javafx/scene/control/behavior/TextInputControlBehavior <init> (Ljavafx/scene/control/TextInputControl;)V 1595 <appendix> member <vmtarget> ; # com/sun/javafx/scene/control/behavior/TextInputControlBehavior$$Lambda+0x0000022a4623bc48
instanceKlass  @bci com/sun/javafx/scene/control/behavior/TextInputControlBehavior <init> (Ljavafx/scene/control/TextInputControl;)V 1565 <appendix> member <vmtarget> ; # com/sun/javafx/scene/control/behavior/TextInputControlBehavior$$Lambda+0x0000022a4623ba10
instanceKlass  @bci com/sun/javafx/scene/control/behavior/TextInputControlBehavior <init> (Ljavafx/scene/control/TextInputControl;)V 1535 <appendix> member <vmtarget> ; # com/sun/javafx/scene/control/behavior/TextInputControlBehavior$$Lambda+0x0000022a4623b7d8
instanceKlass  @bci com/sun/javafx/scene/control/behavior/TextInputControlBehavior <init> (Ljavafx/scene/control/TextInputControl;)V 1508 <appendix> member <vmtarget> ; # com/sun/javafx/scene/control/behavior/TextInputControlBehavior$$Lambda+0x0000022a4623b5a0
instanceKlass  @bci com/sun/javafx/scene/control/behavior/TextInputControlBehavior <init> (Ljavafx/scene/control/TextInputControl;)V 1481 <appendix> member <vmtarget> ; # com/sun/javafx/scene/control/behavior/TextInputControlBehavior$$Lambda+0x0000022a4623b368
instanceKlass  @bci com/sun/javafx/scene/control/behavior/TextInputControlBehavior <init> (Ljavafx/scene/control/TextInputControl;)V 1454 <appendix> member <vmtarget> ; # com/sun/javafx/scene/control/behavior/TextInputControlBehavior$$Lambda+0x0000022a4623b130
instanceKlass  @bci com/sun/javafx/scene/control/behavior/TextInputControlBehavior <init> (Ljavafx/scene/control/TextInputControl;)V 1428 <appendix> member <vmtarget> ; # com/sun/javafx/scene/control/behavior/TextInputControlBehavior$$Lambda+0x0000022a4623aef8
instanceKlass  @bci com/sun/javafx/scene/control/behavior/TextInputControlBehavior <init> (Ljavafx/scene/control/TextInputControl;)V 1402 <appendix> member <vmtarget> ; # com/sun/javafx/scene/control/behavior/TextInputControlBehavior$$Lambda+0x0000022a4623acc0
instanceKlass  @bci com/sun/javafx/scene/control/behavior/TextInputControlBehavior <init> (Ljavafx/scene/control/TextInputControl;)V 1376 <appendix> member <vmtarget> ; # com/sun/javafx/scene/control/behavior/TextInputControlBehavior$$Lambda+0x0000022a4623aa88
instanceKlass  @bci com/sun/javafx/scene/control/behavior/TextInputControlBehavior <init> (Ljavafx/scene/control/TextInputControl;)V 1350 <appendix> member <vmtarget> ; # com/sun/javafx/scene/control/behavior/TextInputControlBehavior$$Lambda+0x0000022a4623a850
instanceKlass  @bci com/sun/javafx/scene/control/behavior/TextInputControlBehavior <init> (Ljavafx/scene/control/TextInputControl;)V 1324 <appendix> member <vmtarget> ; # com/sun/javafx/scene/control/behavior/TextInputControlBehavior$$Lambda+0x0000022a4623a618
instanceKlass  @bci com/sun/javafx/scene/control/behavior/TextInputControlBehavior <init> (Ljavafx/scene/control/TextInputControl;)V 1289 <appendix> argL0 ; # com/sun/javafx/scene/control/behavior/TextInputControlBehavior$$Lambda+0x0000022a4623a3b8
instanceKlass  @bci com/sun/javafx/scene/control/inputmap/InputMap addMapping (Lcom/sun/javafx/scene/control/inputmap/InputMap$Mapping;)V 23 <appendix> argL0 ; # com/sun/javafx/scene/control/inputmap/InputMap$$Lambda+0x0000022a4623a168
instanceKlass  @bci com/sun/javafx/scene/control/inputmap/InputMap addEventHandler (Ljavafx/event/EventType;)V 20 <appendix> member <vmtarget> ; # com/sun/javafx/scene/control/inputmap/InputMap$$Lambda+0x0000022a46239f30
instanceKlass  @bci com/sun/javafx/scene/control/inputmap/InputMap addEventHandler (Ljavafx/event/EventType;)V 5 <appendix> argL0 ; # com/sun/javafx/scene/control/inputmap/InputMap$$Lambda+0x0000022a46239ce0
instanceKlass  @bci com/sun/javafx/scene/control/behavior/TextInputControlBehavior <init> (Ljavafx/scene/control/TextInputControl;)V 1247 <appendix> member <vmtarget> ; # com/sun/javafx/scene/control/behavior/TextInputControlBehavior$$Lambda+0x0000022a46239aa8
instanceKlass  @bci com/sun/javafx/scene/control/behavior/TextInputControlBehavior <init> (Ljavafx/scene/control/TextInputControl;)V 1226 <appendix> member <vmtarget> ; # com/sun/javafx/scene/control/behavior/TextInputControlBehavior$$Lambda+0x0000022a46239640
instanceKlass  @bci com/sun/javafx/scene/control/behavior/TextInputControlBehavior <init> (Ljavafx/scene/control/TextInputControl;)V 1206 <appendix> member <vmtarget> ; # com/sun/javafx/scene/control/behavior/TextInputControlBehavior$$Lambda+0x0000022a46239408
instanceKlass  @bci com/sun/javafx/scene/control/behavior/TextInputControlBehavior <init> (Ljavafx/scene/control/TextInputControl;)V 1186 <appendix> member <vmtarget> ; # com/sun/javafx/scene/control/behavior/TextInputControlBehavior$$Lambda+0x0000022a462391d0
instanceKlass  @bci com/sun/javafx/scene/control/behavior/TextInputControlBehavior <init> (Ljavafx/scene/control/TextInputControl;)V 1166 <appendix> argL0 ; # com/sun/javafx/scene/control/behavior/TextInputControlBehavior$$Lambda+0x0000022a46238d40
instanceKlass  @bci com/sun/javafx/scene/control/behavior/TextInputControlBehavior <init> (Ljavafx/scene/control/TextInputControl;)V 1161 <appendix> member <vmtarget> ; # com/sun/javafx/scene/control/behavior/TextInputControlBehavior$$Lambda+0x0000022a46238b08
instanceKlass  @bci com/sun/javafx/scene/control/behavior/TextInputControlBehavior <init> (Ljavafx/scene/control/TextInputControl;)V 1125 <appendix> argL0 ; # com/sun/javafx/scene/control/behavior/TextInputControlBehavior$$Lambda+0x0000022a462388d8
instanceKlass  @bci com/sun/javafx/scene/control/behavior/TextInputControlBehavior <init> (Ljavafx/scene/control/TextInputControl;)V 1095 <appendix> member <vmtarget> ; # com/sun/javafx/scene/control/behavior/TextInputControlBehavior$$Lambda+0x0000022a462386a0
instanceKlass  @bci com/sun/javafx/scene/control/behavior/TextInputControlBehavior <init> (Ljavafx/scene/control/TextInputControl;)V 1046 <appendix> member <vmtarget> ; # com/sun/javafx/scene/control/behavior/TextInputControlBehavior$$Lambda+0x0000022a46238468
instanceKlass  @bci com/sun/javafx/scene/control/behavior/TextInputControlBehavior <init> (Ljavafx/scene/control/TextInputControl;)V 1016 <appendix> member <vmtarget> ; # com/sun/javafx/scene/control/behavior/TextInputControlBehavior$$Lambda+0x0000022a46238230
instanceKlass  @bci com/sun/javafx/scene/control/behavior/TextInputControlBehavior <init> (Ljavafx/scene/control/TextInputControl;)V 996 <appendix> argL0 ; # com/sun/javafx/scene/control/behavior/TextInputControlBehavior$$Lambda+0x0000022a46238000
instanceKlass  @bci com/sun/javafx/scene/control/behavior/TextInputControlBehavior <init> (Ljavafx/scene/control/TextInputControl;)V 964 <appendix> argL0 ; # com/sun/javafx/scene/control/behavior/TextInputControlBehavior$$Lambda+0x0000022a46214400
instanceKlass  @bci com/sun/javafx/scene/control/behavior/TextInputControlBehavior <init> (Ljavafx/scene/control/TextInputControl;)V 935 <appendix> argL0 ; # com/sun/javafx/scene/control/behavior/TextInputControlBehavior$$Lambda+0x0000022a46237cc8
instanceKlass  @bci com/sun/javafx/scene/control/behavior/TextInputControlBehavior <init> (Ljavafx/scene/control/TextInputControl;)V 906 <appendix> argL0 ; # com/sun/javafx/scene/control/behavior/TextInputControlBehavior$$Lambda+0x0000022a46237a98
instanceKlass com/sun/javafx/scene/control/behavior/FocusTraversalInputMap
instanceKlass  @bci com/sun/javafx/scene/control/behavior/TextInputControlBehavior <init> (Ljavafx/scene/control/TextInputControl;)V 880 <appendix> member <vmtarget> ; # com/sun/javafx/scene/control/behavior/TextInputControlBehavior$$Lambda+0x0000022a46237648
instanceKlass  @bci com/sun/javafx/scene/control/behavior/TextInputControlBehavior <init> (Ljavafx/scene/control/TextInputControl;)V 853 <appendix> member <vmtarget> ; # com/sun/javafx/scene/control/behavior/TextInputControlBehavior$$Lambda+0x0000022a46237410
instanceKlass  @bci com/sun/javafx/scene/control/behavior/TextInputControlBehavior <init> (Ljavafx/scene/control/TextInputControl;)V 823 <appendix> member <vmtarget> ; # com/sun/javafx/scene/control/behavior/TextInputControlBehavior$$Lambda+0x0000022a462371d8
instanceKlass  @bci com/sun/javafx/scene/control/behavior/TextInputControlBehavior <init> (Ljavafx/scene/control/TextInputControl;)V 793 <appendix> member <vmtarget> ; # com/sun/javafx/scene/control/behavior/TextInputControlBehavior$$Lambda+0x0000022a46236fa0
instanceKlass  @bci com/sun/javafx/scene/control/behavior/TextInputControlBehavior <init> (Ljavafx/scene/control/TextInputControl;)V 766 <appendix> member <vmtarget> ; # com/sun/javafx/scene/control/behavior/TextInputControlBehavior$$Lambda+0x0000022a46236d68
instanceKlass  @bci com/sun/javafx/scene/control/behavior/TextInputControlBehavior <init> (Ljavafx/scene/control/TextInputControl;)V 739 <appendix> member <vmtarget> ; # com/sun/javafx/scene/control/behavior/TextInputControlBehavior$$Lambda+0x0000022a46236b30
instanceKlass  @bci com/sun/javafx/scene/control/behavior/TextInputControlBehavior <init> (Ljavafx/scene/control/TextInputControl;)V 712 <appendix> member <vmtarget> ; # com/sun/javafx/scene/control/behavior/TextInputControlBehavior$$Lambda+0x0000022a462368f8
instanceKlass  @bci com/sun/javafx/scene/control/behavior/TextInputControlBehavior <init> (Ljavafx/scene/control/TextInputControl;)V 684 <appendix> member <vmtarget> ; # com/sun/javafx/scene/control/behavior/TextInputControlBehavior$$Lambda+0x0000022a462366c0
instanceKlass  @bci com/sun/javafx/scene/control/behavior/TextInputControlBehavior <init> (Ljavafx/scene/control/TextInputControl;)V 656 <appendix> member <vmtarget> ; # com/sun/javafx/scene/control/behavior/TextInputControlBehavior$$Lambda+0x0000022a46236488
instanceKlass  @bci com/sun/javafx/scene/control/behavior/TextInputControlBehavior <init> (Ljavafx/scene/control/TextInputControl;)V 631 <appendix> member <vmtarget> ; # com/sun/javafx/scene/control/behavior/TextInputControlBehavior$$Lambda+0x0000022a46236250
instanceKlass  @bci com/sun/javafx/scene/control/behavior/TextInputControlBehavior <init> (Ljavafx/scene/control/TextInputControl;)V 604 <appendix> member <vmtarget> ; # com/sun/javafx/scene/control/behavior/TextInputControlBehavior$$Lambda+0x0000022a46236018
instanceKlass  @bci com/sun/javafx/scene/control/behavior/TextInputControlBehavior <init> (Ljavafx/scene/control/TextInputControl;)V 587 <appendix> member <vmtarget> ; # com/sun/javafx/scene/control/behavior/TextInputControlBehavior$$Lambda+0x0000022a46235de0
instanceKlass  @bci com/sun/javafx/scene/control/behavior/TextInputControlBehavior <init> (Ljavafx/scene/control/TextInputControl;)V 560 <appendix> member <vmtarget> ; # com/sun/javafx/scene/control/behavior/TextInputControlBehavior$$Lambda+0x0000022a46235ba8
instanceKlass  @bci com/sun/javafx/scene/control/behavior/TextInputControlBehavior <init> (Ljavafx/scene/control/TextInputControl;)V 532 <appendix> member <vmtarget> ; # com/sun/javafx/scene/control/behavior/TextInputControlBehavior$$Lambda+0x0000022a46235970
instanceKlass  @bci com/sun/javafx/scene/control/behavior/TextInputControlBehavior <init> (Ljavafx/scene/control/TextInputControl;)V 507 <appendix> member <vmtarget> ; # com/sun/javafx/scene/control/behavior/TextInputControlBehavior$$Lambda+0x0000022a46235738
instanceKlass  @bci com/sun/javafx/scene/control/behavior/TextInputControlBehavior <init> (Ljavafx/scene/control/TextInputControl;)V 479 <appendix> member <vmtarget> ; # com/sun/javafx/scene/control/behavior/TextInputControlBehavior$$Lambda+0x0000022a46235500
instanceKlass  @bci com/sun/javafx/scene/control/behavior/TextInputControlBehavior <init> (Ljavafx/scene/control/TextInputControl;)V 454 <appendix> member <vmtarget> ; # com/sun/javafx/scene/control/behavior/TextInputControlBehavior$$Lambda+0x0000022a462352c8
instanceKlass  @bci com/sun/javafx/scene/control/behavior/TextInputControlBehavior <init> (Ljavafx/scene/control/TextInputControl;)V 426 <appendix> member <vmtarget> ; # com/sun/javafx/scene/control/behavior/TextInputControlBehavior$$Lambda+0x0000022a46235090
instanceKlass  @bci com/sun/javafx/scene/control/behavior/TextInputControlBehavior <init> (Ljavafx/scene/control/TextInputControl;)V 402 <appendix> member <vmtarget> ; # com/sun/javafx/scene/control/behavior/TextInputControlBehavior$$Lambda+0x0000022a46234e58
instanceKlass  @bci com/sun/javafx/scene/control/behavior/TextInputControlBehavior <init> (Ljavafx/scene/control/TextInputControl;)V 375 <appendix> member <vmtarget> ; # com/sun/javafx/scene/control/behavior/TextInputControlBehavior$$Lambda+0x0000022a46234c20
instanceKlass com/sun/javafx/scene/control/inputmap/KeyBinding$1
instanceKlass  @bci com/sun/javafx/scene/control/behavior/TextInputControlBehavior <init> (Ljavafx/scene/control/TextInputControl;)V 345 <appendix> member <vmtarget> ; # com/sun/javafx/scene/control/behavior/TextInputControlBehavior$$Lambda+0x0000022a462347d0
instanceKlass  @bci com/sun/javafx/scene/control/behavior/TextInputControlBehavior <init> (Ljavafx/scene/control/TextInputControl;)V 328 <appendix> member <vmtarget> ; # com/sun/javafx/scene/control/behavior/TextInputControlBehavior$$Lambda+0x0000022a46234598
instanceKlass  @bci com/sun/javafx/scene/control/behavior/TextInputControlBehavior <init> (Ljavafx/scene/control/TextInputControl;)V 312 <appendix> member <vmtarget> ; # com/sun/javafx/scene/control/behavior/TextInputControlBehavior$$Lambda+0x0000022a46234360
instanceKlass  @bci com/sun/javafx/scene/control/behavior/TextInputControlBehavior <init> (Ljavafx/scene/control/TextInputControl;)V 296 <appendix> member <vmtarget> ; # com/sun/javafx/scene/control/behavior/TextInputControlBehavior$$Lambda+0x0000022a46234128
instanceKlass  @bci com/sun/javafx/scene/control/behavior/TextInputControlBehavior <init> (Ljavafx/scene/control/TextInputControl;)V 280 <appendix> member <vmtarget> ; # com/sun/javafx/scene/control/behavior/TextInputControlBehavior$$Lambda+0x0000022a46233ef0
instanceKlass  @bci com/sun/javafx/scene/control/behavior/TextInputControlBehavior <init> (Ljavafx/scene/control/TextInputControl;)V 264 <appendix> member <vmtarget> ; # com/sun/javafx/scene/control/behavior/TextInputControlBehavior$$Lambda+0x0000022a46233cb8
instanceKlass com/sun/javafx/scene/control/inputmap/KeyBinding
instanceKlass  @bci com/sun/javafx/scene/control/behavior/TextInputControlBehavior <init> (Ljavafx/scene/control/TextInputControl;)V 248 <appendix> member <vmtarget> ; # com/sun/javafx/scene/control/behavior/TextInputControlBehavior$$Lambda+0x0000022a462331c8
instanceKlass com/sun/javafx/scene/control/inputmap/InputMap$Mapping
instanceKlass  @bci com/sun/javafx/scene/control/behavior/TextInputControlBehavior <init> (Ljavafx/scene/control/TextInputControl;)V 224 <appendix> argL0 ; # com/sun/javafx/scene/control/behavior/TextInputControlBehavior$$Lambda+0x0000022a46232d60
instanceKlass  @bci com/sun/javafx/scene/control/behavior/TextInputControlBehavior <init> (Ljavafx/scene/control/TextInputControl;)V 218 <appendix> argL0 ; # com/sun/javafx/scene/control/behavior/TextInputControlBehavior$$Lambda+0x0000022a46232b00
instanceKlass  @bci com/sun/javafx/scene/control/behavior/TextInputControlBehavior <init> (Ljavafx/scene/control/TextInputControl;)V 212 <appendix> member <vmtarget> ; # com/sun/javafx/scene/control/behavior/TextInputControlBehavior$$Lambda+0x0000022a46232898
instanceKlass  @bci com/sun/javafx/scene/control/inputmap/InputMap <init> (Ljavafx/scene/Node;)V 108 <appendix> member <vmtarget> ; # com/sun/javafx/scene/control/inputmap/InputMap$$Lambda+0x0000022a46232660
instanceKlass  @bci com/sun/javafx/scene/control/inputmap/InputMap <init> (Ljavafx/scene/Node;)V 86 <appendix> member <vmtarget> ; # com/sun/javafx/scene/control/inputmap/InputMap$$Lambda+0x0000022a46232428
instanceKlass com/sun/javafx/scene/control/inputmap/InputMap
instanceKlass javafx/scene/control/Separator$StyleableProperties
instanceKlass  @bci com/sun/javafx/scene/control/behavior/TextInputControlBehavior <init> (Ljavafx/scene/control/TextInputControl;)V 176 <appendix> member <vmtarget> ; # com/sun/javafx/scene/control/behavior/TextInputControlBehavior$$Lambda+0x0000022a4622f2f0
instanceKlass  @bci com/sun/javafx/scene/control/behavior/TextInputControlBehavior <init> (Ljavafx/scene/control/TextInputControl;)V 157 <appendix> member <vmtarget> ; # com/sun/javafx/scene/control/behavior/TextInputControlBehavior$$Lambda+0x0000022a4622f0b8
instanceKlass  @bci com/sun/javafx/scene/control/behavior/TextInputControlBehavior <init> (Ljavafx/scene/control/TextInputControl;)V 138 <appendix> member <vmtarget> ; # com/sun/javafx/scene/control/behavior/TextInputControlBehavior$$Lambda+0x0000022a4622ee80
instanceKlass  @bci com/sun/javafx/scene/control/behavior/TextInputControlBehavior <init> (Ljavafx/scene/control/TextInputControl;)V 119 <appendix> member <vmtarget> ; # com/sun/javafx/scene/control/behavior/TextInputControlBehavior$$Lambda+0x0000022a4622ec48
instanceKlass  @bci com/sun/javafx/scene/control/behavior/TextInputControlBehavior <init> (Ljavafx/scene/control/TextInputControl;)V 100 <appendix> member <vmtarget> ; # com/sun/javafx/scene/control/behavior/TextInputControlBehavior$$Lambda+0x0000022a4622ea10
instanceKlass  @bci com/sun/javafx/scene/control/behavior/TextInputControlBehavior <init> (Ljavafx/scene/control/TextInputControl;)V 81 <appendix> member <vmtarget> ; # com/sun/javafx/scene/control/behavior/TextInputControlBehavior$$Lambda+0x0000022a4622e7d8
instanceKlass  @bci com/sun/javafx/scene/control/behavior/TextInputControlBehavior <init> (Ljavafx/scene/control/TextInputControl;)V 62 <appendix> member <vmtarget> ; # com/sun/javafx/scene/control/behavior/TextInputControlBehavior$$Lambda+0x0000022a4622e5a0
instanceKlass com/sun/javafx/scene/control/skin/resources/ControlResources
instanceKlass  @bci com/sun/javafx/scene/control/behavior/TextInputControlBehavior <init> (Ljavafx/scene/control/TextInputControl;)V 43 <appendix> member <vmtarget> ; # com/sun/javafx/scene/control/behavior/TextInputControlBehavior$$Lambda+0x0000022a4622e150
instanceKlass  @bci com/sun/javafx/scene/control/behavior/TextInputControlBehavior <init> (Ljavafx/scene/control/TextInputControl;)V 7 <appendix> member <vmtarget> ; # com/sun/javafx/scene/control/behavior/TextInputControlBehavior$$Lambda+0x0000022a4622cc28
instanceKlass javafx/scene/control/MenuItem
instanceKlass com/sun/javafx/geom/PathIterator
instanceKlass javafx/scene/shape/Rectangle$1
instanceKlass com/sun/javafx/scene/shape/RectangleHelper$RectangleAccessor
instanceKlass  @bci javafx/scene/control/skin/TextInputControlSkin <init> (Ljavafx/scene/control/TextInputControl;)V 59 <appendix> member <vmtarget> ; # javafx/scene/control/skin/TextInputControlSkin$$Lambda+0x0000022a462265d8
instanceKlass javafx/scene/shape/Path$1
instanceKlass com/sun/javafx/scene/shape/PathHelper$PathAccessor
instanceKlass  @bci javafx/scene/control/skin/TextInputControlSkin$CaretBlinking <init> (Ljavafx/beans/property/BooleanProperty;)V 82 <appendix> member <vmtarget> ; # javafx/scene/control/skin/TextInputControlSkin$CaretBlinking$$Lambda+0x0000022a46224c08
instanceKlass javafx/animation/KeyValue
instanceKlass  @bci javafx/scene/control/skin/TextInputControlSkin$CaretBlinking <init> (Ljavafx/beans/property/BooleanProperty;)V 56 <appendix> member <vmtarget> ; # javafx/scene/control/skin/TextInputControlSkin$CaretBlinking$$Lambda+0x0000022a462245a8
instanceKlass com/sun/scenario/animation/shared/InterpolationInterval
instanceKlass com/sun/scenario/animation/shared/ClipInterpolator
instanceKlass  @bci com/sun/scenario/animation/shared/TimelineClipCore <clinit> ()V 0 <appendix> argL0 ; # com/sun/scenario/animation/shared/TimelineClipCore$$Lambda+0x0000022a46223848
instanceKlass javafx/animation/KeyFrame
instanceKlass com/sun/scenario/animation/shared/TimelineClipCore
instanceKlass com/sun/scenario/animation/shared/ClipEnvelope
instanceKlass javafx/animation/Animation$1
instanceKlass com/sun/scenario/animation/shared/AnimationAccessor
instanceKlass javafx/animation/Animation
instanceKlass javafx/scene/control/skin/TextInputControlSkin$CaretBlinking
instanceKlass com/sun/javafx/scene/control/Properties
instanceKlass com/sun/javafx/scene/control/behavior/BehaviorBase
instanceKlass com/sun/javafx/cursor/CursorFrame
instanceKlass javafx/scene/control/SkinBase$StyleableProperties
instanceKlass com/sun/javafx/scene/control/Logging
instanceKlass  @bci javafx/scene/control/skin/LabelSkin <init> (Ljavafx/scene/control/Label;)V 16 <appendix> member <vmtarget> ; # javafx/scene/control/skin/LabelSkin$$Lambda+0x0000022a46216ff0
instanceKlass  @bci javafx/scene/control/skin/LabeledSkinBase <init> (Ljavafx/scene/control/Labeled;)V 305 <appendix> member <vmtarget> ; # javafx/scene/control/skin/LabeledSkinBase$$Lambda+0x0000022a46216da8
instanceKlass  @bci javafx/scene/control/skin/LabeledSkinBase <init> (Ljavafx/scene/control/Labeled;)V 291 <appendix> member <vmtarget> ; # javafx/scene/control/skin/LabeledSkinBase$$Lambda+0x0000022a46216b60
instanceKlass  @bci javafx/scene/control/skin/LabeledSkinBase <init> (Ljavafx/scene/control/Labeled;)V 277 <appendix> member <vmtarget> ; # javafx/scene/control/skin/LabeledSkinBase$$Lambda+0x0000022a46216918
instanceKlass  @bci javafx/scene/control/skin/LabeledSkinBase <init> (Ljavafx/scene/control/Labeled;)V 263 <appendix> member <vmtarget> ; # javafx/scene/control/skin/LabeledSkinBase$$Lambda+0x0000022a462166d0
instanceKlass  @bci javafx/scene/control/skin/LabeledSkinBase <init> (Ljavafx/scene/control/Labeled;)V 249 <appendix> member <vmtarget> ; # javafx/scene/control/skin/LabeledSkinBase$$Lambda+0x0000022a46216488
instanceKlass  @bci javafx/scene/control/skin/LabeledSkinBase <init> (Ljavafx/scene/control/Labeled;)V 235 <appendix> argL0 ; # javafx/scene/control/skin/LabeledSkinBase$$Lambda+0x0000022a46216248
instanceKlass  @bci javafx/scene/control/skin/LabeledSkinBase <init> (Ljavafx/scene/control/Labeled;)V 222 <appendix> member <vmtarget> ; # javafx/scene/control/skin/LabeledSkinBase$$Lambda+0x0000022a46216000
instanceKlass  @bci javafx/scene/control/skin/LabeledSkinBase <init> (Ljavafx/scene/control/Labeled;)V 208 <appendix> member <vmtarget> ; # javafx/scene/control/skin/LabeledSkinBase$$Lambda+0x0000022a46213c58
instanceKlass  @bci javafx/scene/control/skin/LabeledSkinBase <init> (Ljavafx/scene/control/Labeled;)V 194 <appendix> member <vmtarget> ; # javafx/scene/control/skin/LabeledSkinBase$$Lambda+0x0000022a46213a10
instanceKlass  @bci javafx/scene/control/skin/LabeledSkinBase <init> (Ljavafx/scene/control/Labeled;)V 180 <appendix> member <vmtarget> ; # javafx/scene/control/skin/LabeledSkinBase$$Lambda+0x0000022a462137c8
instanceKlass  @bci javafx/scene/control/skin/LabeledSkinBase <init> (Ljavafx/scene/control/Labeled;)V 166 <appendix> member <vmtarget> ; # javafx/scene/control/skin/LabeledSkinBase$$Lambda+0x0000022a46213580
instanceKlass  @bci javafx/scene/control/skin/LabeledSkinBase <init> (Ljavafx/scene/control/Labeled;)V 152 <appendix> member <vmtarget> ; # javafx/scene/control/skin/LabeledSkinBase$$Lambda+0x0000022a46213338
instanceKlass  @bci javafx/scene/control/skin/LabeledSkinBase <init> (Ljavafx/scene/control/Labeled;)V 138 <appendix> member <vmtarget> ; # javafx/scene/control/skin/LabeledSkinBase$$Lambda+0x0000022a462130f0
instanceKlass  @bci javafx/scene/control/skin/LabeledSkinBase <init> (Ljavafx/scene/control/Labeled;)V 124 <appendix> member <vmtarget> ; # javafx/scene/control/skin/LabeledSkinBase$$Lambda+0x0000022a46212ea8
instanceKlass  @bci javafx/scene/control/skin/LabeledSkinBase <init> (Ljavafx/scene/control/Labeled;)V 110 <appendix> member <vmtarget> ; # javafx/scene/control/skin/LabeledSkinBase$$Lambda+0x0000022a46212c60
instanceKlass  @bci javafx/scene/control/skin/LabeledSkinBase <init> (Ljavafx/scene/control/Labeled;)V 96 <appendix> member <vmtarget> ; # javafx/scene/control/skin/LabeledSkinBase$$Lambda+0x0000022a46212a18
instanceKlass  @bci com/sun/javafx/scene/control/LambdaMultiplePropertyChangeListenerHandler registerChangeListener (Ljavafx/beans/value/ObservableValue;Ljava/util/function/Consumer;)V 38 <appendix> argL0 ; # com/sun/javafx/scene/control/LambdaMultiplePropertyChangeListenerHandler$$Lambda+0x0000022a462127d8
instanceKlass  @cpi com/sun/javafx/scene/control/LambdaMultiplePropertyChangeListenerHandler 214 form vmentry <vmtarget> ; # java/lang/invoke/LambdaForm$DMH+0x0000022a46214000
instanceKlass  @bci com/sun/javafx/scene/control/LambdaMultiplePropertyChangeListenerHandler <init> ()V 89 <appendix> member <vmtarget> ; # com/sun/javafx/scene/control/LambdaMultiplePropertyChangeListenerHandler$$Lambda+0x0000022a462125a0
instanceKlass  @bci com/sun/javafx/scene/control/LambdaMultiplePropertyChangeListenerHandler <init> ()V 53 <appendix> member <vmtarget> ; # com/sun/javafx/scene/control/LambdaMultiplePropertyChangeListenerHandler$$Lambda+0x0000022a46212368
instanceKlass javafx/beans/value/WeakChangeListener
instanceKlass  @bci com/sun/javafx/scene/control/LambdaMultiplePropertyChangeListenerHandler <init> ()V 17 <appendix> member <vmtarget> ; # com/sun/javafx/scene/control/LambdaMultiplePropertyChangeListenerHandler$$Lambda+0x0000022a46211ee0
instanceKlass  @bci com/sun/javafx/scene/control/LambdaMultiplePropertyChangeListenerHandler <clinit> ()V 0 <appendix> argL0 ; # com/sun/javafx/scene/control/LambdaMultiplePropertyChangeListenerHandler$$Lambda+0x0000022a46211ca0
instanceKlass com/sun/javafx/scene/control/LambdaMultiplePropertyChangeListenerHandler
instanceKlass  @bci javafx/scene/control/skin/LabeledSkinBase <init> (Ljavafx/scene/control/Labeled;)V 82 <appendix> member <vmtarget> ; # javafx/scene/control/skin/LabeledSkinBase$$Lambda+0x0000022a46211838
instanceKlass javafx/beans/property/DoublePropertyBase$Listener
instanceKlass javafx/beans/property/ObjectPropertyBase$Listener
instanceKlass javafx/scene/text/Text$TextAttribute
instanceKlass com/sun/javafx/font/CompositeStrikeDisposer
instanceKlass com/sun/javafx/font/Metrics
instanceKlass com/sun/javafx/font/CompositeStrike
instanceKlass com/sun/javafx/font/FontStrikeDesc
instanceKlass javafx/scene/shape/Shape$StyleableProperties
instanceKlass javafx/scene/text/Text$StyleableProperties
instanceKlass  @bci javafx/scene/control/skin/LabeledSkinBase <init> (Ljavafx/scene/control/Labeled;)V 26 <appendix> member <vmtarget> ; # javafx/scene/control/skin/LabeledSkinBase$$Lambda+0x0000022a46204fe0
instanceKlass  @bci javafx/scene/control/SkinBase <clinit> ()V 8 <appendix> argL0 ; # javafx/scene/control/SkinBase$$Lambda+0x0000022a46204db0
instanceKlass com/sun/javafx/scene/control/ListenerHelper$ChLi
instanceKlass com/sun/javafx/scene/control/ListenerHelper$InLi
instanceKlass  @bci javafx/scene/control/SkinBase <clinit> ()V 0 <appendix> argL0 ; # javafx/scene/control/SkinBase$$Lambda+0x0000022a46203f80
instanceKlass com/sun/javafx/scene/control/ListenerHelper
instanceKlass com/sun/javafx/scene/control/IDisconnectable
instanceKlass javafx/scene/control/SkinBase
instanceKlass com/sun/javafx/font/FallbackResource
instanceKlass com/sun/javafx/scene/layout/ScaledMath
instanceKlass javafx/scene/layout/BackgroundFill
instanceKlass com/sun/javafx/css/InterpolatorConverter$Holder
instanceKlass javafx/css/converter/DurationConverter$Holder
instanceKlass com/sun/javafx/css/TransitionDefinitionConverter$Holder
instanceKlass com/sun/javafx/css/TransitionDefinitionCssMetaData$Holder
instanceKlass com/sun/javafx/animation/InterpolatorHelper
instanceKlass javafx/animation/Interpolator$1
instanceKlass com/sun/javafx/animation/InterpolatorHelper$Accessor
instanceKlass javafx/animation/Interpolator
instanceKlass javafx/util/Duration
instanceKlass com/sun/javafx/css/StyleCacheEntry
instanceKlass javafx/css/Style
instanceKlass  @bci java/util/stream/Collectors toUnmodifiableSet ()Ljava/util/stream/Collector; 19 <appendix> argL0 ; # java/util/stream/Collectors$$Lambda+0x0000022a461c2568
instanceKlass  @bci java/util/stream/Collectors toUnmodifiableSet ()Ljava/util/stream/Collector; 14 <appendix> argL0 ; # java/util/stream/Collectors$$Lambda+0x0000022a461c2310
instanceKlass  @bci java/util/stream/Collectors toUnmodifiableSet ()Ljava/util/stream/Collector; 9 <appendix> argL0 ; # java/util/stream/Collectors$$Lambda+0x0000022a461c20d0
instanceKlass  @bci java/util/stream/Collectors toUnmodifiableSet ()Ljava/util/stream/Collector; 4 <appendix> argL0 ; # java/util/stream/Collectors$$Lambda+0x0000022a461c1ea0
instanceKlass  @bci com/sun/javafx/css/SimpleSelector getStyleClassSet ()Ljava/util/Set; 17 <appendix> argL0 ; # com/sun/javafx/css/SimpleSelector$$Lambda+0x0000022a461bd048
instanceKlass javafx/css/StyleClass
instanceKlass  @bci javafx/css/Match of (Ljavafx/css/Selector;)Ljavafx/css/Match; 11 <appendix> member <vmtarget> ; # javafx/css/Match$$TypeSwitch+0x0000022a461bcc10
instanceKlass javafx/css/Match
instanceKlass com/sun/javafx/css/CalculatedValue
instanceKlass com/sun/javafx/css/StyleCacheEntry$Key
instanceKlass com/sun/javafx/css/StyleCache
instanceKlass javafx/scene/layout/HBox$StyleableProperties
instanceKlass javafx/scene/layout/StackPane$StyleableProperties
instanceKlass javafx/scene/layout/VBox$StyleableProperties
instanceKlass javafx/scene/Node$22
instanceKlass jdk/jfr/FlightRecorder
instanceKlass com/sun/javafx/logging/PrintLogger$PulseData
instanceKlass com/sun/javafx/logging/Logger
instanceKlass com/sun/javafx/logging/PulseLogger
instanceKlass  @bci com/sun/javafx/tk/quantum/WindowStage setScene (Lcom/sun/javafx/tk/TKScene;)V 40 <appendix> member <vmtarget> ; # com/sun/javafx/tk/quantum/WindowStage$$Lambda+0x0000022a461b91e0
instanceKlass com/sun/javafx/geom/DirtyRegionContainer
instanceKlass com/sun/javafx/geom/DirtyRegionPool
instanceKlass com/sun/javafx/sg/prism/NodePath
instanceKlass javafx/scene/Scene$InputMethodRequestsDelegate
instanceKlass com/sun/javafx/scene/input/ExtendedInputMethodRequests
instanceKlass javafx/scene/Scene$DropTargetListener
instanceKlass com/sun/javafx/util/WeakReferenceQueue
instanceKlass com/sun/javafx/scene/transform/TransformUtils
instanceKlass  @bci javafx/scene/Camera <init> ()V 115 <appendix> member <vmtarget> ; # javafx/scene/Camera$$Lambda+0x0000022a461b1828
instanceKlass javafx/scene/ParallelCamera$1
instanceKlass javafx/scene/Camera$1
instanceKlass com/sun/javafx/scene/ParallelCameraHelper$ParallelCameraAccessor
instanceKlass com/sun/javafx/scene/CameraHelper$CameraAccessor
instanceKlass  @bci com/sun/javafx/tk/Toolkit getPaint (Ljavafx/scene/paint/Paint;)Ljava/lang/Object; 11 <appendix> member <vmtarget> ; # com/sun/javafx/tk/Toolkit$$TypeSwitch+0x0000022a461ae928
instanceKlass java/lang/classfile/MethodModel
instanceKlass java/lang/classfile/FieldModel
instanceKlass  @bci jdk/internal/classfile/impl/ClassFileImpl attributeMapper ()Ljava/util/function/Function; 7 <appendix> argL0 ; # jdk/internal/classfile/impl/ClassFileImpl$$Lambda+0x80000004f
instanceKlass java/lang/classfile/ClassModel
instanceKlass java/lang/classfile/AttributedElement
instanceKlass java/lang/classfile/CompoundElement
instanceKlass java/lang/classfile/instruction/SwitchCase
instanceKlass  @bci java/lang/runtime/SwitchBootstraps generateTypeSwitchSkeleton (Ljava/lang/Class;[Ljava/lang/Object;Ljava/util/List;Ljava/util/List;)Ljava/util/function/Consumer; 24 <appendix> member <vmtarget> ; # java/lang/runtime/SwitchBootstraps$$Lambda+0x800000017
instanceKlass java/lang/classfile/AccessFlags
instanceKlass  @bci java/lang/runtime/SwitchBootstraps generateTypeSwitch (Ljava/lang/invoke/MethodHandles$Lookup;Ljava/lang/Class;[Ljava/lang/Object;)Ljava/lang/invoke/MethodHandle; 60 <appendix> member <vmtarget> ; # java/lang/runtime/SwitchBootstraps$$Lambda+0x800000019
instanceKlass java/lang/invoke/DirectMethodHandle$1
instanceKlass java/util/function/BiPredicate
instanceKlass java/lang/runtime/SwitchBootstraps
instanceKlass com/sun/scenario/effect/impl/state/AccessHelper
instanceKlass  @bci com/sun/scenario/effect/Effect <clinit> ()V 4 <appendix> argL0 ; # com/sun/scenario/effect/Effect$$Lambda+0x0000022a461adc20
instanceKlass com/sun/scenario/effect/impl/state/AccessHelper$StateAccessor
instanceKlass com/sun/javafx/geom/Rectangle
instanceKlass com/sun/prism/paint/Paint
instanceKlass com/sun/scenario/effect/Effect
instanceKlass javafx/scene/Scene$ScenePeerPaintListener
instanceKlass javafx/scene/Scene$ScenePeerListener
instanceKlass com/sun/javafx/tk/quantum/SwipeGestureRecognizer$CenterComputer
instanceKlass com/sun/javafx/tk/quantum/SwipeGestureRecognizer$MultiTouchTracker
instanceKlass com/sun/javafx/tk/quantum/SwipeGestureRecognizer
instanceKlass com/sun/javafx/tk/quantum/GestureRecognizers
instanceKlass com/sun/javafx/tk/quantum/GlassSceneDnDEventHandler
instanceKlass com/sun/javafx/tk/quantum/GlassViewEventHandler$ViewEventNotification
instanceKlass com/sun/javafx/tk/quantum/GlassViewEventHandler$MouseEventNotification
instanceKlass com/sun/javafx/tk/quantum/GlassViewEventHandler$KeyEventNotification
instanceKlass com/sun/javafx/tk/quantum/GestureRecognizer
instanceKlass com/sun/javafx/tk/quantum/GlassTouchEventListener
instanceKlass  @bci com/sun/glass/ui/View <clinit> ()V 0 <appendix> argL0 ; # com/sun/glass/ui/View$$Lambda+0x0000022a461a9fc8
instanceKlass com/sun/prism/PresentableState
instanceKlass com/sun/javafx/tk/quantum/ViewPainter
instanceKlass com/sun/glass/ui/View$EventHandler
instanceKlass com/sun/glass/ui/ClipboardAssistance
instanceKlass  @bci com/sun/glass/ui/GestureSupport createTouchCountListener ()Lcom/sun/glass/ui/TouchInputSupport$TouchCountListener; 4 <appendix> member <vmtarget> ; # com/sun/glass/ui/GestureSupport$$Lambda+0x0000022a461a38e0
instanceKlass  @cpi com/sun/glass/ui/GestureSupport 195 form vmentry <vmtarget> ; # java/lang/invoke/LambdaForm$DMH+0x0000022a461a2400
instanceKlass com/sun/glass/ui/TouchInputSupport$TouchCountListener
instanceKlass com/sun/glass/ui/TouchInputSupport
instanceKlass com/sun/glass/ui/GestureSupport$GestureState
instanceKlass com/sun/glass/ui/GestureSupport
instanceKlass com/sun/glass/ui/win/WinGestureSupport
instanceKlass com/sun/javafx/tk/quantum/WindowStage$1
instanceKlass javafx/scene/input/KeyCombination$Modifier
instanceKlass com/sun/glass/ui/Window$EventHandler
instanceKlass com/sun/javafx/tk/quantum/GlassStage
instanceKlass com/sun/javafx/event/EventUtil
instanceKlass org/postgresql/util/LazyCleaner$1
instanceKlass  @bci org/postgresql/util/LazyCleaner <init> (Ljava/time/Duration;Ljava/lang/String;)V 3 <appendix> member <vmtarget> ; # org/postgresql/util/LazyCleaner$$Lambda+0x0000022a461a4e78
instanceKlass  @cpi org/postgresql/util/LazyCleaner 54 form vmentry <vmtarget> ; # java/lang/invoke/LambdaForm$DMH+0x0000022a461a2000
instanceKlass org/postgresql/util/LazyCleaner$Cleanable
instanceKlass org/postgresql/util/LazyCleaner
instanceKlass org/postgresql/jdbc/PgConnectionCleaningAction
instanceKlass org/postgresql/util/PGobject
instanceKlass org/postgresql/util/PGBinaryObject
instanceKlass org/postgresql/jdbc/TypeInfoCache
instanceKlass sun/util/calendar/CalendarUtils
instanceKlass sun/util/calendar/CalendarDate
instanceKlass sun/util/locale/provider/CalendarDataUtility$CalendarWeekParameterGetter
instanceKlass sun/util/locale/provider/LocaleServiceProviderPool$LocalizedObjectGetter
instanceKlass org/postgresql/jdbc/QueryExecutorTimeZoneProvider
instanceKlass org/postgresql/core/v3/ExecuteRequest
instanceKlass org/postgresql/core/v3/QueryExecutorImpl$4
instanceKlass org/postgresql/core/ResultHandlerBase
instanceKlass org/postgresql/core/SetupQueryRunner
instanceKlass org/postgresql/core/Utils
instanceKlass org/postgresql/hostchooser/GlobalHostStatusTracker$HostSpecStatus
instanceKlass org/postgresql/hostchooser/GlobalHostStatusTracker
instanceKlass java/time/Instant$1
instanceKlass java/time/LocalDate$1
instanceKlass java/time/chrono/Era
instanceKlass java/time/Period
instanceKlass java/time/chrono/ChronoPeriod
instanceKlass java/time/LocalDateTime$1
instanceKlass  @bci java/time/ZoneOffset ofTotalSeconds (I)Ljava/time/ZoneOffset; 37 <appendix> argL0 ; # java/time/ZoneOffset$$Lambda+0x80000001a
instanceKlass java/time/LocalDateTime
instanceKlass java/time/OffsetDateTime
instanceKlass java/time/Instant
instanceKlass java/time/temporal/ValueRange
instanceKlass java/time/LocalTime$1
instanceKlass java/time/temporal/TemporalUnit
instanceKlass java/time/LocalTime
instanceKlass java/time/Duration
instanceKlass java/time/chrono/ChronoLocalDateTime
instanceKlass java/time/temporal/TemporalField
instanceKlass java/time/temporal/TemporalAmount
instanceKlass java/util/Calendar
instanceKlass org/postgresql/jdbc/TimestampUtils
instanceKlass org/postgresql/replication/fluent/CommonOptions
instanceKlass org/postgresql/replication/PGReplicationStream
instanceKlass org/postgresql/core/v3/replication/V3ReplicationProtocol
instanceKlass org/postgresql/core/v3/adaptivefetch/AdaptiveFetchCache
instanceKlass org/postgresql/core/CommandCompleteParser
instanceKlass org/postgresql/core/CachedQuery
instanceKlass org/postgresql/core/v3/SimpleParameterList
instanceKlass org/postgresql/core/v3/SimpleQuery
instanceKlass org/postgresql/core/SqlCommand
instanceKlass org/postgresql/core/NativeQuery
instanceKlass org/postgresql/core/Parser$1
instanceKlass org/postgresql/core/Parser
instanceKlass org/postgresql/core/BaseQueryKey
instanceKlass sun/reflect/misc/ReflectUtil
instanceKlass java/util/concurrent/atomic/AtomicReferenceFieldUpdater
instanceKlass org/postgresql/core/QueryExecutorCloseAction
instanceKlass org/postgresql/core/QueryExecutorBase$1
instanceKlass org/postgresql/util/LruCache
instanceKlass org/postgresql/util/Gettable
instanceKlass org/postgresql/core/CachedQueryCreateAction
instanceKlass org/postgresql/core/v3/Portal
instanceKlass org/postgresql/core/Field
instanceKlass org/postgresql/core/ResultCursor
instanceKlass org/postgresql/copy/CopyDual
instanceKlass org/postgresql/copy/CopyOut
instanceKlass org/postgresql/copy/CopyIn
instanceKlass org/postgresql/core/v3/CopyOperationImpl
instanceKlass org/postgresql/copy/CopyOperation
instanceKlass org/postgresql/PGNotification
instanceKlass org/postgresql/core/v3/V3ParameterList
instanceKlass org/postgresql/core/ParameterList
instanceKlass org/postgresql/core/Query
instanceKlass org/postgresql/core/ReplicationProtocol
instanceKlass org/postgresql/util/CanEstimateSize
instanceKlass org/postgresql/util/LruCache$CreateAction
instanceKlass org/postgresql/util/LruCache$EvictAction
instanceKlass org/postgresql/core/QueryExecutorBase
instanceKlass org/postgresql/shaded/com/ongres/scram/common/message/ServerFinalMessage
instanceKlass org/postgresql/jre7/sasl/ScramAuthenticator$2
instanceKlass org/postgresql/shaded/com/ongres/scram/common/bouncycastle/pbkdf2/Strings
instanceKlass org/postgresql/shaded/com/ongres/scram/common/message/ClientFinalMessage
instanceKlass  @bci javax/crypto/spec/SecretKeySpec <clinit> ()V 0 <appendix> argL0 ; # javax/crypto/spec/SecretKeySpec$$Lambda+0x0000022a460fd910
instanceKlass jdk/internal/access/JavaxCryptoSpecAccess
instanceKlass javax/crypto/spec/SecretKeySpec
instanceKlass  @bci com/sun/crypto/provider/PBKDF2KeyImpl <init> (Ljavax/crypto/spec/PBEKeySpec;Ljava/lang/String;)V 237 <appendix> member <vmtarget> ; # com/sun/crypto/provider/PBKDF2KeyImpl$$Lambda+0x0000022a460fd418
instanceKlass com/sun/crypto/provider/PBKDF2KeyImpl$1
instanceKlass javax/crypto/MacSpi
instanceKlass javax/crypto/Mac
instanceKlass sun/nio/cs/ThreadLocalCoders$Cache
instanceKlass sun/nio/cs/ThreadLocalCoders
instanceKlass com/sun/crypto/provider/PBKDF2KeyImpl
instanceKlass javax/crypto/interfaces/PBEKey
instanceKlass javax/crypto/SecretKey
instanceKlass javax/security/auth/Destroyable
instanceKlass javax/crypto/spec/PBEKeySpec
instanceKlass javax/crypto/SecretKeyFactorySpi
instanceKlass javax/crypto/ProviderVerifier
instanceKlass java/lang/Class$Holder
instanceKlass javax/crypto/JceSecurity$1
instanceKlass java/net/spi/URLStreamHandlerProvider
instanceKlass jdk/internal/misc/ThreadTracker
instanceKlass java/net/URL$ThreadTrackHolder
instanceKlass java/util/Vector$Itr
instanceKlass javax/crypto/CryptoPolicyParser$CryptoPermissionEntry
instanceKlass javax/crypto/CryptoPolicyParser$GrantEntry
instanceKlass java/io/StreamTokenizer
instanceKlass javax/crypto/CryptoPolicyParser
instanceKlass java/nio/file/Files$1
instanceKlass sun/nio/fs/WindowsFileSystem$1
instanceKlass java/nio/file/PathMatcher
instanceKlass sun/nio/fs/Globs
instanceKlass sun/nio/fs/WindowsFileSystemProvider$1
instanceKlass javax/crypto/JceSecurity
instanceKlass java/security/spec/ECFieldF2m
instanceKlass sun/security/util/ObjectIdentifier
instanceKlass sun/util/calendar/CalendarSystem$GregorianHolder
instanceKlass sun/util/calendar/CalendarSystem
instanceKlass java/util/Date
instanceKlass sun/security/util/ByteArrayTagOrder
instanceKlass sun/security/util/ByteArrayLexOrder
instanceKlass sun/security/util/DerEncoder
instanceKlass java/security/spec/ECParameterSpec
instanceKlass java/security/spec/AlgorithmParameterSpec
instanceKlass java/security/spec/ECPoint
instanceKlass java/security/spec/EllipticCurve
instanceKlass java/security/spec/ECFieldFp
instanceKlass java/security/spec/ECField
instanceKlass sun/security/util/CurveDB
instanceKlass sun/security/rsa/SunRsaSignEntries
instanceKlass sun/security/jca/ProviderList$ServiceIterator
instanceKlass javax/crypto/SecretKeyFactory
instanceKlass jdk/internal/icu/util/CodePointTrie$Data
instanceKlass jdk/internal/icu/util/CodePointMap
instanceKlass jdk/internal/icu/util/VersionInfo
instanceKlass  @bci jdk/internal/module/SystemModuleFinders$SystemModuleReader open (Ljava/lang/String;)Ljava/util/Optional; 6 <appendix> member <vmtarget> ; # jdk/internal/module/SystemModuleFinders$SystemModuleReader$$Lambda+0x0000022a460f3558
instanceKlass jdk/internal/icu/impl/ICUBinary
instanceKlass jdk/internal/icu/impl/NormalizerImpl$IsAcceptable
instanceKlass jdk/internal/icu/impl/ICUBinary$Authenticate
instanceKlass jdk/internal/icu/impl/NormalizerImpl
instanceKlass jdk/internal/icu/impl/Norm2AllModes$Norm2AllModesSingleton
instanceKlass jdk/internal/icu/impl/Norm2AllModes$NFKCSingleton
instanceKlass jdk/internal/icu/impl/Norm2AllModes
instanceKlass jdk/internal/icu/text/Normalizer2
instanceKlass jdk/internal/icu/text/NormalizerBase$ModeImpl
instanceKlass jdk/internal/icu/text/NormalizerBase$NFKCModeImpl
instanceKlass jdk/internal/icu/text/NormalizerBase$1
instanceKlass jdk/internal/icu/text/NormalizerBase$Mode
instanceKlass jdk/internal/icu/text/NormalizerBase
instanceKlass java/text/Normalizer
instanceKlass org/postgresql/shaded/com/ongres/stringprep/StringPrep
instanceKlass org/postgresql/shaded/com/ongres/saslprep/SaslPrep
instanceKlass org/postgresql/shaded/com/ongres/scram/common/ScramFunctions
instanceKlass org/postgresql/shaded/com/ongres/scram/common/bouncycastle/base64/Base64Encoder
instanceKlass org/postgresql/shaded/com/ongres/scram/common/bouncycastle/base64/Encoder
instanceKlass org/postgresql/shaded/com/ongres/scram/common/bouncycastle/base64/Base64
instanceKlass org/postgresql/shaded/com/ongres/scram/client/ScramSession$ClientFinalProcessor
instanceKlass org/postgresql/shaded/com/ongres/scram/common/message/ServerFirstMessage
instanceKlass org/postgresql/shaded/com/ongres/scram/client/ScramSession$ServerFirstProcessor
instanceKlass org/postgresql/jre7/sasl/ScramAuthenticator$1
instanceKlass org/postgresql/shaded/com/ongres/scram/common/ScramStringFormatting
instanceKlass org/postgresql/shaded/com/ongres/scram/common/util/StringWritableCsv
instanceKlass org/postgresql/shaded/com/ongres/scram/common/util/CharAttributeValue
instanceKlass org/postgresql/shaded/com/ongres/scram/common/util/AbstractStringWritable
instanceKlass org/postgresql/shaded/com/ongres/scram/common/message/ClientFirstMessage
instanceKlass org/postgresql/shaded/com/ongres/scram/common/util/StringWritable
instanceKlass java/security/Key
instanceKlass java/security/spec/KeySpec
instanceKlass org/postgresql/shaded/com/ongres/scram/common/util/CryptoUtil
instanceKlass org/postgresql/shaded/com/ongres/scram/client/ScramSession
instanceKlass org/postgresql/shaded/com/ongres/scram/client/ScramClient$Builder$1
instanceKlass org/postgresql/shaded/com/ongres/scram/client/NonceSupplier
instanceKlass org/postgresql/shaded/com/ongres/scram/common/bouncycastle/pbkdf2/PBEParametersGenerator
instanceKlass org/postgresql/shaded/com/ongres/scram/common/ScramMechanism
instanceKlass org/postgresql/shaded/com/ongres/scram/common/util/Preconditions
instanceKlass org/postgresql/shaded/com/ongres/scram/client/ScramClient$PreBuilder1
instanceKlass org/postgresql/shaded/com/ongres/scram/client/ScramClient
instanceKlass org/postgresql/shaded/com/ongres/scram/common/util/CharAttribute
instanceKlass org/postgresql/shaded/com/ongres/scram/common/stringprep/StringPreparation
instanceKlass org/postgresql/jre7/sasl/ScramAuthenticator$BodySender
instanceKlass org/postgresql/core/v3/AuthenticationPluginManager
instanceKlass  @bci org/postgresql/core/v3/ConnectionFactoryImpl doAuthentication (Lorg/postgresql/core/PGStream;Ljava/lang/String;Ljava/lang/String;Ljava/util/Properties;)V 681 <appendix> member <vmtarget> ; # org/postgresql/core/v3/ConnectionFactoryImpl$$Lambda+0x0000022a4618ec20
instanceKlass org/postgresql/jre7/sasl/ScramAuthenticator
instanceKlass org/postgresql/core/v3/AuthenticationPluginManager$PasswordAction
instanceKlass org/postgresql/core/ServerVersion$1
instanceKlass java/text/ParsePosition
instanceKlass java/text/DigitList
instanceKlass java/text/FieldPosition
instanceKlass java/text/DecimalFormatSymbols
instanceKlass sun/util/resources/Bundles$CacheKeyReference
instanceKlass  @bci sun/util/cldr/CLDRLocaleProviderAdapter applyAliases (Ljava/util/Locale;)Ljava/util/Locale; 4 <appendix> argL0 ; # sun/util/cldr/CLDRLocaleProviderAdapter$$Lambda+0x80000005f
instanceKlass sun/util/resources/Bundles$CacheKey
instanceKlass sun/util/resources/Bundles
instanceKlass sun/util/resources/LocaleData$LocaleDataStrategy
instanceKlass sun/util/resources/Bundles$Strategy
instanceKlass sun/util/resources/LocaleData
instanceKlass sun/util/locale/provider/LocaleResources
instanceKlass java/util/Locale$Builder
instanceKlass sun/util/locale/provider/CalendarDataUtility
instanceKlass java/text/Format
instanceKlass sun/util/calendar/ZoneInfoFile$ZoneOffsetTransitionRule
instanceKlass java/time/ZoneId
instanceKlass sun/util/calendar/ZoneInfoFile
instanceKlass java/util/TimeZone
instanceKlass org/postgresql/core/v3/ConnectionFactoryImpl$StartupParam
instanceKlass java/lang/management/MemoryUsage
instanceKlass  @bci java/util/stream/Collectors toList ()Ljava/util/stream/Collector; 14 <appendix> argL0 ; # java/util/stream/Collectors$$Lambda+0x0000022a460edd30
instanceKlass  @bci java/util/stream/Collectors toList ()Ljava/util/stream/Collector; 9 <appendix> argL0 ; # java/util/stream/Collectors$$Lambda+0x0000022a460edaf0
instanceKlass  @bci java/util/stream/Collectors toList ()Ljava/util/stream/Collector; 4 <appendix> argL0 ; # java/util/stream/Collectors$$Lambda+0x0000022a460ed8c0
instanceKlass  @bci sun/management/spi/PlatformMBeanProvider$PlatformComponent getMBeans (Ljava/lang/Class;)Ljava/util/List; 63 <appendix> member <vmtarget> ; # sun/management/spi/PlatformMBeanProvider$PlatformComponent$$Lambda+0x0000022a460ed668
instanceKlass  @bci sun/management/spi/PlatformMBeanProvider$PlatformComponent getMBeans (Ljava/lang/Class;)Ljava/util/List; 47 <appendix> member <vmtarget> ; # sun/management/spi/PlatformMBeanProvider$PlatformComponent$$Lambda+0x0000022a460ed400
instanceKlass java/util/Collections$2
instanceKlass java/util/stream/ReduceOps$2ReducingSink
instanceKlass  @bci java/lang/management/ManagementFactory$PlatformMBeanFinder findSingleton (Ljava/lang/Class;)Lsun/management/spi/PlatformMBeanProvider$PlatformComponent; 30 <appendix> member <vmtarget> ; # java/lang/management/ManagementFactory$PlatformMBeanFinder$$Lambda+0x0000022a460ec608
instanceKlass  @bci java/lang/management/ManagementFactory$PlatformMBeanFinder findSingleton (Ljava/lang/Class;)Lsun/management/spi/PlatformMBeanProvider$PlatformComponent; 19 <appendix> member <vmtarget> ; # java/lang/management/ManagementFactory$PlatformMBeanFinder$$Lambda+0x0000022a460ec3a0
instanceKlass jdk/management/jfr/internal/FlightRecorderMXBeanProvider$SingleMBeanComponent
instanceKlass jdk/management/jfr/FlightRecorderMXBean
instanceKlass java/lang/management/DefaultPlatformMBeanProvider$11
instanceKlass java/lang/management/DefaultPlatformMBeanProvider$10
instanceKlass java/lang/management/DefaultPlatformMBeanProvider$9
instanceKlass sun/management/ManagementFactoryHelper$LoggingMXBeanAccess
instanceKlass java/lang/management/DefaultPlatformMBeanProvider$8
instanceKlass java/lang/management/DefaultPlatformMBeanProvider$7
instanceKlass java/lang/management/DefaultPlatformMBeanProvider$6
instanceKlass java/lang/management/DefaultPlatformMBeanProvider$5
instanceKlass java/lang/management/DefaultPlatformMBeanProvider$4
instanceKlass java/lang/management/DefaultPlatformMBeanProvider$3
instanceKlass java/lang/management/DefaultPlatformMBeanProvider$2
instanceKlass java/lang/management/DefaultPlatformMBeanProvider$1
instanceKlass com/sun/management/internal/PlatformMBeanProviderImpl$6
instanceKlass sun/management/VMManagementImpl
instanceKlass sun/management/VMManagement
instanceKlass sun/management/ManagementFactoryHelper
instanceKlass sun/management/NotificationEmitterSupport
instanceKlass javax/management/NotificationEmitter
instanceKlass javax/management/NotificationBroadcaster
instanceKlass com/sun/management/DiagnosticCommandMBean
instanceKlass javax/management/DynamicMBean
instanceKlass com/sun/management/internal/PlatformMBeanProviderImpl$5
instanceKlass com/sun/management/internal/PlatformMBeanProviderImpl$4
instanceKlass jdk/management/VirtualThreadSchedulerMXBean
instanceKlass com/sun/management/internal/PlatformMBeanProviderImpl$3
instanceKlass com/sun/management/internal/PlatformMBeanProviderImpl$2
instanceKlass com/sun/management/internal/PlatformMBeanProviderImpl$1
instanceKlass sun/management/spi/PlatformMBeanProvider$PlatformComponent
instanceKlass sun/management/spi/PlatformMBeanProvider
instanceKlass java/lang/management/ManagementFactory$PlatformMBeanFinder
instanceKlass java/lang/management/MemoryMXBean
instanceKlass java/lang/management/PlatformManagedObject
instanceKlass java/lang/management/ManagementFactory
instanceKlass org/postgresql/util/PGPropertyMaxResultBufferParser
instanceKlass org/postgresql/core/AsciiStringInterner$BaseKey
instanceKlass org/postgresql/core/AsciiStringInterner
instanceKlass org/postgresql/core/Encoding
instanceKlass sun/nio/ch/ExtendedSocketOption$1
instanceKlass sun/nio/ch/ExtendedSocketOption
instanceKlass sun/nio/ch/OptionKey
instanceKlass sun/nio/ch/SocketOptionRegistry$LazyInitialization
instanceKlass sun/nio/ch/SocketOptionRegistry$RegistryKey
instanceKlass sun/nio/ch/SocketOptionRegistry
instanceKlass java/net/StandardSocketOptions$StdSocketOption
instanceKlass java/net/StandardSocketOptions
instanceKlass sun/net/NetHooks
instanceKlass sun/net/spi/DefaultProxySelector$NonProxyInfo
instanceKlass sun/net/NetProperties
instanceKlass java/net/Proxy
instanceKlass java/net/ProxySelector
instanceKlass  @bci sun/nio/ch/NioSocketImpl closerFor (Ljava/io/FileDescriptor;Z)Ljava/lang/Runnable; 5 <appendix> member <vmtarget> ; # sun/nio/ch/NioSocketImpl$$Lambda+0x0000022a460e4fd8
instanceKlass jdk/net/ExtendedSocketOptions$2
instanceKlass jdk/net/ExtendedSocketOptions$PlatformSocketOptions
instanceKlass jdk/net/ExtendedSocketOptions$ExtSocketOption
instanceKlass java/net/SocketOption
instanceKlass jdk/net/ExtendedSocketOptions
instanceKlass sun/net/ext/ExtendedSocketOptions
instanceKlass sun/nio/ch/Net$1
instanceKlass java/net/ProtocolFamily
instanceKlass sun/nio/ch/Net
instanceKlass java/net/InetSocketAddress$InetSocketAddressHolder
instanceKlass jdk/internal/util/random/RandomSupport
instanceKlass java/net/InetAddress$CachedLookup
instanceKlass sun/net/InetAddressCachePolicy
instanceKlass  @bci java/net/InetAddress getAddressesFromNameService (Ljava/lang/String;)[Ljava/net/InetAddress; 94 <appendix> argL0 ; # java/net/InetAddress$$Lambda+0x0000022a460e2bc8
instanceKlass  @bci java/net/InetAddress loadResolver ()Ljava/net/spi/InetAddressResolver; 8 <appendix> argL0 ; # java/net/InetAddress$$Lambda+0x0000022a460e2978
instanceKlass java/net/spi/InetAddressResolverProvider
instanceKlass java/net/InetAddress$NameServiceAddresses
instanceKlass java/net/InetAddress$Addresses
instanceKlass java/util/concurrent/ConcurrentSkipListMap$Iter
instanceKlass java/net/SocksConsts
instanceKlass sun/net/PlatformSocketImpl
instanceKlass java/net/SocketImpl
instanceKlass java/net/SocketOptions
instanceKlass java/net/Socket
instanceKlass org/postgresql/util/ByteStreamWriter$ByteStreamTarget
instanceKlass java/net/SocketAddress
instanceKlass org/postgresql/core/PGStream
instanceKlass org/postgresql/hostchooser/CandidateHost
instanceKlass org/postgresql/hostchooser/SingleHostChooser
instanceKlass org/postgresql/hostchooser/HostChooser
instanceKlass org/postgresql/hostchooser/HostChooserFactory
instanceKlass javax/net/SocketFactory
instanceKlass org/postgresql/core/SocketFactoryFactory
instanceKlass org/postgresql/core/QueryExecutor
instanceKlass org/postgresql/core/v3/TypeTransferModeRegistry
instanceKlass org/postgresql/core/ConnectionFactory
instanceKlass org/postgresql/util/HostSpec
instanceKlass org/postgresql/xml/PGXmlFactoryFactory
instanceKlass org/postgresql/replication/PGReplicationConnection
instanceKlass org/postgresql/core/ResultHandler
instanceKlass java/sql/SQLXML
instanceKlass java/sql/Clob
instanceKlass java/sql/Blob
instanceKlass java/sql/DatabaseMetaData
instanceKlass java/sql/CallableStatement
instanceKlass java/sql/Savepoint
instanceKlass org/postgresql/core/TypeInfo
instanceKlass java/sql/PreparedStatement
instanceKlass java/sql/Statement
instanceKlass java/sql/Array
instanceKlass org/postgresql/core/Provider
instanceKlass org/postgresql/core/Version
instanceKlass jdk/internal/foreign/MemorySessionImpl
instanceKlass java/lang/foreign/MemorySegment$Scope
instanceKlass org/postgresql/jdbc/PgConnection
instanceKlass org/postgresql/core/BaseConnection
instanceKlass org/postgresql/PGConnection
instanceKlass org/postgresql/util/PGPropertyUtil
instanceKlass org/postgresql/util/internal/Nullness
instanceKlass  @bci org/postgresql/Driver parseURL (Ljava/lang/String;Ljava/util/Properties;)Ljava/util/Properties; 812 <appendix> member <vmtarget> ; # org/postgresql/Driver$$Lambda+0x0000022a46183a48
instanceKlass  @bci org/postgresql/Driver parseURL (Ljava/lang/String;Ljava/util/Properties;)Ljava/util/Properties; 793 <appendix> member <vmtarget> ; # org/postgresql/Driver$$Lambda+0x0000022a46183800
instanceKlass  @bci org/postgresql/Driver parseURL (Ljava/lang/String;Ljava/util/Properties;)Ljava/util/Properties; 777 <appendix> member <vmtarget> ; # org/postgresql/Driver$$Lambda+0x0000022a46187ce0
instanceKlass  @cpi org/postgresql/Driver 595 form vmentry <vmtarget> ; # java/lang/invoke/LambdaForm$DMH+0x0000022a46183000
instanceKlass java/net/URLDecoder
instanceKlass org/postgresql/util/URLCoder
instanceKlass java/util/stream/Sink$ChainedInt
instanceKlass java/util/stream/Sink$OfInt
instanceKlass java/util/function/IntConsumer
instanceKlass  @bci org/postgresql/Driver parseURL (Ljava/lang/String;Ljava/util/Properties;)Ljava/util/Properties; 150 <appendix> argL0 ; # org/postgresql/Driver$$Lambda+0x0000022a46187868
instanceKlass java/util/function/IntPredicate
instanceKlass java/util/stream/IntStream
instanceKlass java/lang/StringLatin1$CharsSpliterator
instanceKlass java/util/Spliterator$OfInt
instanceKlass java/util/Spliterator$OfPrimitive
instanceKlass org/postgresql/Driver$1
instanceKlass java/sql/DriverInfo
instanceKlass org/postgresql/util/LazyCleaner$CleaningAction
instanceKlass org/postgresql/util/SharedTimer
instanceKlass java/util/logging/Logger$SystemLoggerHelper
instanceKlass java/sql/Connection
instanceKlass java/sql/Wrapper
instanceKlass java/security/PrivilegedExceptionAction
instanceKlass org/postgresql/Driver
instanceKlass java/sql/Driver
instanceKlass java/sql/DriverManager
instanceKlass  @bci io/github/cdimascio/dotenv/DotenvBuilder$DotenvImpl <init> (Ljava/util/List;)V 128 <appendix> argL0 ; # io/github/cdimascio/dotenv/DotenvBuilder$DotenvImpl$$Lambda+0x0000022a461864c8
instanceKlass  @bci io/github/cdimascio/dotenv/DotenvBuilder$DotenvImpl <init> (Ljava/util/List;)V 115 <appendix> argL0 ; # io/github/cdimascio/dotenv/DotenvBuilder$DotenvImpl$$Lambda+0x0000022a46186278
instanceKlass  @bci java/util/function/Function andThen (Ljava/util/function/Function;)Ljava/util/function/Function; 7 <appendix> member <vmtarget> ; # java/util/function/Function$$Lambda+0x0000022a460dd598
instanceKlass  @cpi java/util/function/Function 58 form vmentry <vmtarget> ; # java/lang/invoke/LambdaForm$DMH+0x0000022a46181800
instanceKlass java/util/RegularEnumSet$EnumSetIterator
instanceKlass  @bci io/github/cdimascio/dotenv/DotenvBuilder$DotenvImpl <init> (Ljava/util/List;)V 84 <appendix> argL0 ; # io/github/cdimascio/dotenv/DotenvBuilder$DotenvImpl$$Lambda+0x0000022a46186028
instanceKlass  @bci io/github/cdimascio/dotenv/DotenvBuilder$DotenvImpl <init> (Ljava/util/List;)V 71 <appendix> argL0 ; # io/github/cdimascio/dotenv/DotenvBuilder$DotenvImpl$$Lambda+0x0000022a46185dd8
instanceKlass java/util/Collections$UnmodifiableMap$UnmodifiableEntrySet$1
instanceKlass  @bci io/github/cdimascio/dotenv/DotenvBuilder$DotenvImpl <init> (Ljava/util/List;)V 15 <appendix> argL0 ; # io/github/cdimascio/dotenv/DotenvBuilder$DotenvImpl$$Lambda+0x0000022a46185b88
instanceKlass  @bci io/github/cdimascio/dotenv/DotenvBuilder$DotenvImpl <init> (Ljava/util/List;)V 10 <appendix> argL0 ; # io/github/cdimascio/dotenv/DotenvBuilder$DotenvImpl$$Lambda+0x0000022a46185938
instanceKlass io/github/cdimascio/dotenv/DotenvBuilder$DotenvImpl
instanceKlass  @bci io/github/cdimascio/dotenv/internal/DotenvParser <init> (Lio/github/cdimascio/dotenv/internal/DotenvReader;ZZ)V 32 <appendix> argL0 ; # io/github/cdimascio/dotenv/internal/DotenvParser$$Lambda+0x0000022a46185478
instanceKlass io/github/cdimascio/dotenv/DotenvEntry
instanceKlass  @bci io/github/cdimascio/dotenv/internal/DotenvParser <init> (Lio/github/cdimascio/dotenv/internal/DotenvReader;ZZ)V 23 <appendix> argL0 ; # io/github/cdimascio/dotenv/internal/DotenvParser$$Lambda+0x0000022a46184fe8
instanceKlass  @bci io/github/cdimascio/dotenv/internal/DotenvParser <init> (Lio/github/cdimascio/dotenv/internal/DotenvReader;ZZ)V 14 <appendix> argL0 ; # io/github/cdimascio/dotenv/internal/DotenvParser$$Lambda+0x0000022a46184d88
instanceKlass  @bci io/github/cdimascio/dotenv/internal/DotenvParser <init> (Lio/github/cdimascio/dotenv/internal/DotenvReader;ZZ)V 5 <appendix> argL0 ; # io/github/cdimascio/dotenv/internal/DotenvParser$$Lambda+0x0000022a46184b28
instanceKlass io/github/cdimascio/dotenv/internal/DotenvReader
instanceKlass  @bci java/util/regex/Pattern negate (Ljava/util/regex/Pattern$CharPredicate;)Ljava/util/regex/Pattern$CharPredicate; 1 <appendix> member <vmtarget> ; # java/util/regex/Pattern$$Lambda+0x800000033
instanceKlass  @bci java/util/regex/CharPredicates ASCII_WORD ()Ljava/util/regex/Pattern$BmpCharPredicate; 0 <appendix> argL0 ; # java/util/regex/CharPredicates$$Lambda+0x0000022a460dc528
instanceKlass io/github/cdimascio/dotenv/internal/DotenvParser
instanceKlass io/github/cdimascio/dotenv/DotenvBuilder
instanceKlass io/github/cdimascio/dotenv/Dotenv
instanceKlass java/util/zip/Checksum$1
instanceKlass java/util/zip/CRC32
instanceKlass java/util/zip/Checksum
instanceKlass util/DBConnection
instanceKlass  @bci com/sun/javafx/font/PrismFontFactory addFileCloserHook ()V 7 <appendix> member <vmtarget> ; # com/sun/javafx/font/PrismFontFactory$$Lambda+0x0000022a4617f5d8
instanceKlass com/sun/javafx/font/PrismCompositeFontResource
instanceKlass com/sun/javafx/font/Disposer
instanceKlass com/sun/javafx/font/directwrite/DWDisposer
instanceKlass com/sun/javafx/font/PrismFontFile$DirectoryEntry
instanceKlass com/sun/javafx/font/FontFileReader$Buffer
instanceKlass com/sun/javafx/font/FontFileReader
instanceKlass com/sun/javafx/font/PrismFontStrike
instanceKlass com/sun/javafx/font/DisposerRecord
instanceKlass  @bci com/sun/scenario/effect/impl/Renderer getPeerInstance (Lcom/sun/scenario/effect/FilterContext;Ljava/lang/String;I)Lcom/sun/scenario/effect/impl/EffectPeer; 33 <appendix> form vmentry <vmtarget> ; # java/lang/invoke/LambdaForm$MH+0x0000022a46181400
instanceKlass sun/nio/fs/WindowsChannelFactory$2
instanceKlass sun/nio/fs/WindowsPath$1
instanceKlass sun/security/provider/AbstractDrbg$NonceProvider
instanceKlass  @bci sun/security/provider/AbstractDrbg$SeederHolder <clinit> ()V 42 <appendix> member <vmtarget> ; # sun/security/provider/AbstractDrbg$SeederHolder$$Lambda+0x0000022a460db590
instanceKlass  @cpi sun/security/provider/AbstractDrbg$SeederHolder 91 form vmentry <vmtarget> ; # java/lang/invoke/LambdaForm$DMH+0x0000022a46180c00
# instanceKlass java/lang/invoke/LambdaForm$DMH+0x0000022a46180800
instanceKlass sun/nio/fs/BasicFileAttributesHolder
instanceKlass sun/nio/fs/WindowsDirectoryStream$WindowsDirectoryIterator
instanceKlass sun/nio/fs/WindowsDirectoryStream
instanceKlass java/nio/file/DirectoryStream
instanceKlass java/nio/file/Files$AcceptAllFilter
instanceKlass java/nio/file/DirectoryStream$Filter
instanceKlass java/net/NetworkInterface$1
instanceKlass java/net/DefaultInterface
instanceKlass java/net/Inet6Address$Inet6AddressHolder
instanceKlass java/net/InetAddress$PlatformResolver
instanceKlass java/net/spi/InetAddressResolver
instanceKlass java/net/spi/InetAddressResolver$LookupPolicy
instanceKlass java/net/Inet4AddressImpl
instanceKlass java/net/Inet6AddressImpl
instanceKlass java/net/InetAddressImpl
instanceKlass java/util/concurrent/ConcurrentSkipListMap$Node
instanceKlass java/util/concurrent/ConcurrentSkipListMap$Index
instanceKlass java/util/concurrent/ConcurrentNavigableMap
instanceKlass java/util/NavigableSet
instanceKlass java/util/SortedSet
instanceKlass java/net/InetAddress$InetAddressHolder
instanceKlass java/net/InetAddress$1
instanceKlass jdk/internal/access/JavaNetInetAddressAccess
instanceKlass java/net/InetAddress
instanceKlass java/net/InterfaceAddress
instanceKlass java/net/NetworkInterface
instanceKlass sun/security/provider/ByteArrayAccess$BE
instanceKlass sun/security/provider/SeedGenerator
instanceKlass sun/security/provider/AbstractDrbg$SeederHolder
instanceKlass java/security/DrbgParameters$NextBytes
instanceKlass  @bci sun/security/provider/AbstractDrbg <clinit> ()V 12 <appendix> argL0 ; # sun/security/provider/AbstractDrbg$$Lambda+0x0000022a460d9348
instanceKlass  @cpi sun/security/provider/AbstractDrbg 383 form vmentry <vmtarget> ; # java/lang/invoke/LambdaForm$DMH+0x0000022a46180400
# instanceKlass java/lang/invoke/LambdaForm$DMH+0x0000022a46180000
instanceKlass sun/security/provider/EntropySource
instanceKlass sun/security/provider/AbstractDrbg
instanceKlass java/security/DrbgParameters$Instantiation
instanceKlass java/security/DrbgParameters
instanceKlass sun/security/provider/MoreDrbgParameters
instanceKlass java/security/SecureRandomSpi
instanceKlass java/util/Random
instanceKlass java/util/random/RandomGenerator
instanceKlass java/nio/file/TempFileHelper
instanceKlass com/sun/javafx/font/FontFileWriter
instanceKlass  @bci javafx/scene/Scene <init> (Ljavafx/scene/Parent;DDLjavafx/scene/paint/Paint;ZLjavafx/scene/SceneAntialiasing;)V 327 <appendix> member <vmtarget> ; # javafx/scene/Scene$$Lambda+0x0000022a4617d118
instanceKlass javafx/scene/control/TextInputControl$StyleableProperties
instanceKlass javafx/scene/control/TextField$StyleableProperties
instanceKlass javafx/scene/paint/Color$NamedColors
instanceKlass com/sun/javafx/scene/layout/region/BorderImageSlices
instanceKlass javafx/scene/layout/BackgroundSize
instanceKlass javafx/scene/layout/BackgroundPosition
instanceKlass com/sun/javafx/scene/layout/region/RepeatStruct
instanceKlass com/sun/javafx/css/SubPropertyConverter
instanceKlass javafx/scene/layout/Region$StyleableProperties
instanceKlass javafx/scene/control/Control$StyleableProperties
instanceKlass javafx/scene/control/Labeled$StyleableProperties
instanceKlass com/sun/javafx/css/StyleCache$Key
instanceKlass javafx/scene/CssStyleHelper$CacheContainer
instanceKlass javafx/css/CssParser$Term
instanceKlass com/sun/javafx/css/parser/Token
instanceKlass  @bci javafx/css/CssLexer$UnitsState <init> (Ljavafx/css/CssLexer;)V 468 <appendix> argL0 ; # javafx/css/CssLexer$UnitsState$$Lambda+0x0000022a46172da0
instanceKlass  @bci javafx/css/CssLexer <init> ()V 419 <appendix> argL0 ; # javafx/css/CssLexer$$Lambda+0x0000022a46172760
instanceKlass  @bci javafx/css/CssLexer <init> ()V 410 <appendix> argL0 ; # javafx/css/CssLexer$$Lambda+0x0000022a46172530
instanceKlass  @bci javafx/css/CssLexer <init> ()V 401 <appendix> argL0 ; # javafx/css/CssLexer$$Lambda+0x0000022a46172300
instanceKlass  @bci javafx/css/CssLexer <init> ()V 392 <appendix> argL0 ; # javafx/css/CssLexer$$Lambda+0x0000022a461720d0
instanceKlass  @bci javafx/css/CssLexer <init> ()V 383 <appendix> argL0 ; # javafx/css/CssLexer$$Lambda+0x0000022a46171ea0
instanceKlass  @bci javafx/css/CssLexer <init> ()V 374 <appendix> argL0 ; # javafx/css/CssLexer$$Lambda+0x0000022a46171c70
instanceKlass  @bci javafx/css/CssLexer <init> ()V 365 <appendix> argL0 ; # javafx/css/CssLexer$$Lambda+0x0000022a46171a40
instanceKlass  @bci javafx/css/CssLexer <init> ()V 356 <appendix> argL0 ; # javafx/css/CssLexer$$Lambda+0x0000022a46171810
instanceKlass  @bci javafx/css/CssLexer <init> ()V 347 <appendix> argL0 ; # javafx/css/CssLexer$$Lambda+0x0000022a461715e0
instanceKlass  @bci javafx/css/CssLexer <init> ()V 338 <appendix> argL0 ; # javafx/css/CssLexer$$Lambda+0x0000022a461713b0
instanceKlass  @bci javafx/css/CssLexer <init> ()V 329 <appendix> argL0 ; # javafx/css/CssLexer$$Lambda+0x0000022a46171180
instanceKlass  @bci javafx/css/CssLexer <init> ()V 320 <appendix> argL0 ; # javafx/css/CssLexer$$Lambda+0x0000022a46170f50
instanceKlass  @bci javafx/css/CssLexer <init> ()V 311 <appendix> argL0 ; # javafx/css/CssLexer$$Lambda+0x0000022a46170d20
instanceKlass  @bci javafx/css/CssLexer <init> ()V 302 <appendix> argL0 ; # javafx/css/CssLexer$$Lambda+0x0000022a46170af0
instanceKlass  @bci javafx/css/CssLexer <init> ()V 293 <appendix> argL0 ; # javafx/css/CssLexer$$Lambda+0x0000022a461708c0
instanceKlass  @bci javafx/css/CssLexer <init> ()V 284 <appendix> argL0 ; # javafx/css/CssLexer$$Lambda+0x0000022a46170690
instanceKlass  @bci javafx/css/CssLexer <init> ()V 275 <appendix> argL0 ; # javafx/css/CssLexer$$Lambda+0x0000022a46170460
instanceKlass  @bci javafx/css/CssLexer <init> ()V 266 <appendix> argL0 ; # javafx/css/CssLexer$$Lambda+0x0000022a46170230
instanceKlass  @bci javafx/css/CssLexer <init> ()V 257 <appendix> argL0 ; # javafx/css/CssLexer$$Lambda+0x0000022a46170000
instanceKlass  @bci javafx/css/CssLexer <init> ()V 248 <appendix> argL0 ; # javafx/css/CssLexer$$Lambda+0x0000022a4616fd98
instanceKlass  @bci javafx/css/CssLexer <init> ()V 239 <appendix> argL0 ; # javafx/css/CssLexer$$Lambda+0x0000022a4616fb68
instanceKlass  @bci javafx/css/CssLexer <init> ()V 230 <appendix> argL0 ; # javafx/css/CssLexer$$Lambda+0x0000022a4616f938
instanceKlass  @bci javafx/css/CssLexer <init> ()V 221 <appendix> argL0 ; # javafx/css/CssLexer$$Lambda+0x0000022a4616f708
instanceKlass  @bci javafx/css/CssLexer <init> ()V 212 <appendix> argL0 ; # javafx/css/CssLexer$$Lambda+0x0000022a4616f4d8
instanceKlass  @bci javafx/css/CssLexer <init> ()V 203 <appendix> argL0 ; # javafx/css/CssLexer$$Lambda+0x0000022a4616f2a8
instanceKlass  @bci javafx/css/CssLexer <init> ()V 194 <appendix> argL0 ; # javafx/css/CssLexer$$Lambda+0x0000022a4616f078
instanceKlass  @bci javafx/css/CssLexer <init> ()V 185 <appendix> argL0 ; # javafx/css/CssLexer$$Lambda+0x0000022a4616ee48
instanceKlass  @bci javafx/css/CssLexer <init> ()V 176 <appendix> argL0 ; # javafx/css/CssLexer$$Lambda+0x0000022a4616ec18
instanceKlass  @bci javafx/css/CssLexer <init> ()V 167 <appendix> argL0 ; # javafx/css/CssLexer$$Lambda+0x0000022a4616e9e8
instanceKlass  @bci javafx/css/CssLexer <init> ()V 158 <appendix> argL0 ; # javafx/css/CssLexer$$Lambda+0x0000022a4616e7b8
instanceKlass  @bci javafx/css/CssLexer <init> ()V 149 <appendix> argL0 ; # javafx/css/CssLexer$$Lambda+0x0000022a4616e588
instanceKlass  @bci javafx/css/CssLexer <init> ()V 140 <appendix> argL0 ; # javafx/css/CssLexer$$Lambda+0x0000022a4616e358
instanceKlass  @bci javafx/css/CssLexer <init> ()V 131 <appendix> argL0 ; # javafx/css/CssLexer$$Lambda+0x0000022a4616e128
instanceKlass  @bci javafx/css/CssLexer <init> ()V 122 <appendix> argL0 ; # javafx/css/CssLexer$$Lambda+0x0000022a4616def8
instanceKlass  @bci javafx/css/CssLexer <init> ()V 113 <appendix> argL0 ; # javafx/css/CssLexer$$Lambda+0x0000022a4616dcc8
instanceKlass  @bci javafx/css/CssLexer <init> ()V 104 <appendix> argL0 ; # javafx/css/CssLexer$$Lambda+0x0000022a4616da98
instanceKlass  @bci javafx/css/CssLexer <init> ()V 95 <appendix> argL0 ; # javafx/css/CssLexer$$Lambda+0x0000022a4616d868
instanceKlass  @bci javafx/css/CssLexer <init> ()V 86 <appendix> argL0 ; # javafx/css/CssLexer$$Lambda+0x0000022a4616d638
instanceKlass  @bci javafx/css/CssLexer <init> ()V 77 <appendix> argL0 ; # javafx/css/CssLexer$$Lambda+0x0000022a4616d408
instanceKlass  @bci javafx/css/CssLexer <init> ()V 68 <appendix> argL0 ; # javafx/css/CssLexer$$Lambda+0x0000022a4616d1d8
instanceKlass  @bci javafx/css/CssLexer <init> ()V 59 <appendix> argL0 ; # javafx/css/CssLexer$$Lambda+0x0000022a4616cfa8
instanceKlass  @bci javafx/css/CssLexer <init> ()V 50 <appendix> argL0 ; # javafx/css/CssLexer$$Lambda+0x0000022a4616cd78
instanceKlass  @bci javafx/css/CssLexer <init> ()V 41 <appendix> argL0 ; # javafx/css/CssLexer$$Lambda+0x0000022a4616cb48
instanceKlass  @bci javafx/css/CssLexer <init> ()V 32 <appendix> argL0 ; # javafx/css/CssLexer$$Lambda+0x0000022a4616c918
instanceKlass  @bci javafx/css/CssLexer <init> ()V 23 <appendix> argL0 ; # javafx/css/CssLexer$$Lambda+0x0000022a4616c6e8
instanceKlass  @bci javafx/css/CssLexer <init> ()V 14 <appendix> argL0 ; # javafx/css/CssLexer$$Lambda+0x0000022a4616c4b8
instanceKlass  @bci javafx/css/CssLexer <init> ()V 5 <appendix> argL0 ; # javafx/css/CssLexer$$Lambda+0x0000022a4616c288
instanceKlass com/sun/javafx/css/parser/Recognizer
instanceKlass com/sun/javafx/css/parser/LexerState
instanceKlass javafx/css/CssLexer
instanceKlass javafx/css/FontFace
instanceKlass javafx/css/CssParser$ParseError
instanceKlass javafx/css/CssParser
instanceKlass com/sun/javafx/css/StyleManager$Cache$Key
instanceKlass com/sun/javafx/css/CssUtil
instanceKlass javafx/css/converter/CursorConverter$Holder
instanceKlass javafx/scene/Node$StyleableProperties
instanceKlass javafx/scene/image/ImageView$StyleableProperties
instanceKlass  @bci com/sun/javafx/css/StyleMap <clinit> ()V 30 <appendix> argL0 ; # com/sun/javafx/css/StyleMap$$Lambda+0x0000022a46165f48
instanceKlass com/sun/javafx/css/CascadingStyle
instanceKlass com/sun/javafx/css/StyleMap
instanceKlass com/sun/javafx/css/StyleManager$Cache
instanceKlass com/sun/javafx/css/FixedCapacitySet$Hashless$1
instanceKlass com/sun/javafx/css/StyleManager$Key
instanceKlass  @bci com/sun/javafx/css/StyleManager findMatchingStyles (Ljavafx/scene/Node;Ljavafx/scene/SubScene;[Ljava/util/Set;)Lcom/sun/javafx/css/StyleMap; 251 <appendix> argL0 ; # com/sun/javafx/css/StyleManager$$Lambda+0x0000022a461651b0
instanceKlass com/sun/javafx/css/StyleManager$CacheContainer
instanceKlass javafx/css/converter/FontConverter$FontStyleConverter$Holder
instanceKlass javafx/css/converter/FontConverter$Holder
instanceKlass com/sun/javafx/font/PrismFont
instanceKlass com/sun/javafx/font/CharToGlyphMapper
instanceKlass com/sun/javafx/font/FontStrike
instanceKlass com/sun/javafx/font/LogicalFont
instanceKlass com/sun/javafx/font/CompositeFontResource
instanceKlass com/sun/javafx/font/directwrite/IUnknown
instanceKlass com/sun/javafx/font/directwrite/OS
instanceKlass com/sun/javafx/font/FontFallbackInfo
instanceKlass com/sun/javafx/text/GlyphLayout
instanceKlass com/sun/javafx/font/PrismFontFile
instanceKlass com/sun/javafx/font/FontConstants
instanceKlass com/sun/javafx/scene/text/FontHelper
instanceKlass javafx/scene/text/Font$1
instanceKlass com/sun/javafx/scene/text/FontHelper$FontAccessor
instanceKlass sun/util/logging/PlatformLogger$ConfigurableBridge$LoggerConfiguration
instanceKlass  @bci java/util/logging/Level$KnownLevel findByName (Ljava/lang/String;Ljava/util/function/Function;)Ljava/util/Optional; 29 <appendix> argL0 ; # java/util/logging/Level$KnownLevel$$Lambda+0x800000024
instanceKlass java/util/ArrayList$ArrayListSpliterator
instanceKlass  @bci java/util/logging/Level findLevel (Ljava/lang/String;)Ljava/util/logging/Level; 13 <appendix> argL0 ; # java/util/logging/Level$$Lambda+0x800000020
instanceKlass java/util/Hashtable$Enumerator
instanceKlass java/util/logging/LogManager$VisitedLoggers
instanceKlass java/util/logging/Logger$ConfigurationData
instanceKlass java/util/logging/Logger$LoggerBundle
instanceKlass java/util/logging/Handler
instanceKlass java/util/logging/Logger
instanceKlass java/util/logging/LogManager$LoggingProviderAccess
instanceKlass java/util/logging/LogManager$LogNode
instanceKlass java/util/logging/LogManager$LoggerContext
instanceKlass  @bci java/util/logging/Level$KnownLevel add (Ljava/util/logging/Level;)V 49 <appendix> argL0 ; # java/util/logging/Level$KnownLevel$$Lambda+0x800000023
instanceKlass  @bci java/util/logging/Level$KnownLevel add (Ljava/util/logging/Level;)V 19 <appendix> argL0 ; # java/util/logging/Level$KnownLevel$$Lambda+0x800000022
instanceKlass java/util/logging/Level
instanceKlass java/util/logging/LogManager
instanceKlass jdk/internal/logger/BootstrapLogger$BootstrapExecutors
instanceKlass jdk/internal/logger/BootstrapLogger$RedirectedLoggers
instanceKlass sun/util/logging/internal/LoggingProviderImpl$LogManagerAccess
instanceKlass jdk/internal/logger/BootstrapLogger$DetectBackend
instanceKlass jdk/internal/logger/BootstrapLogger
instanceKlass sun/util/logging/PlatformLogger$ConfigurableBridge
instanceKlass sun/util/logging/PlatformLogger$Bridge
instanceKlass jdk/internal/logger/LoggerFinderLoader
instanceKlass java/lang/System$LoggerFinder
instanceKlass jdk/internal/logger/LazyLoggers$LazyLoggerFactories
instanceKlass jdk/internal/logger/LazyLoggers$1
instanceKlass jdk/internal/logger/LazyLoggers
instanceKlass com/sun/javafx/logging/PlatformLogger
instanceKlass com/sun/javafx/util/Logging
instanceKlass javafx/scene/CssStyleHelper
instanceKlass javafx/scene/Scene$ClickCounter
instanceKlass javafx/scene/Scene$ClickGenerator
instanceKlass javafx/scene/Scene$MouseHandler$1
instanceKlass com/sun/javafx/event/EventQueue
instanceKlass javafx/scene/Scene$MouseHandler
instanceKlass com/sun/javafx/scene/traversal/TraversalEngine$BaseEngineContext
instanceKlass com/sun/javafx/scene/traversal/ContainerTabOrder
instanceKlass com/sun/javafx/scene/traversal/Algorithm
instanceKlass com/sun/javafx/scene/traversal/TraversalContext
instanceKlass  @bci javafx/scene/Scene <init> (Ljavafx/scene/Parent;DDLjavafx/scene/paint/Paint;ZLjavafx/scene/SceneAntialiasing;)V 176 <appendix> member <vmtarget> ; # javafx/scene/Scene$$Lambda+0x0000022a4615e0e8
instanceKlass javafx/scene/Scene$TouchMap
instanceKlass javafx/scene/Scene$TouchGesture
instanceKlass javafx/scene/Scene$TargetWrapper
instanceKlass javafx/scene/Scene$ScenePulseListener
instanceKlass javafx/scene/SceneAntialiasing
instanceKlass com/sun/prism/Image$Serial
instanceKlass com/sun/javafx/image/impl/ByteBgraPre$Accessor
instanceKlass com/sun/javafx/image/impl/ByteBgraPre
instanceKlass com/sun/javafx/image/impl/BaseByteToByteConverter
instanceKlass com/sun/javafx/image/ByteToBytePixelConverter
instanceKlass com/sun/javafx/image/PixelConverter
instanceKlass com/sun/javafx/image/impl/ByteRgba$Accessor
instanceKlass com/sun/javafx/image/BytePixelAccessor
instanceKlass com/sun/javafx/image/BytePixelSetter
instanceKlass com/sun/javafx/image/PixelSetter
instanceKlass com/sun/javafx/image/BytePixelGetter
instanceKlass com/sun/javafx/image/impl/ByteRgba
instanceKlass com/sun/prism/Image$1
instanceKlass javafx/scene/image/PixelFormat
instanceKlass com/sun/javafx/image/PixelGetter
instanceKlass com/sun/prism/Image$Accessor
instanceKlass com/sun/prism/Image
instanceKlass com/sun/javafx/iio/ImageFrame
instanceKlass com/sun/javafx/iio/ImageMetadata
instanceKlass com/sun/javafx/iio/common/ImageLoaderImpl
instanceKlass java/util/Collections$3
instanceKlass com/sun/javafx/iio/common/ImageTools
instanceKlass com/sun/javafx/iio/ImageFormatDescription$Signature
instanceKlass com/sun/javafx/iio/common/ImageDescriptor
instanceKlass com/sun/javafx/iio/bmp/BMPImageLoaderFactory
instanceKlass com/sun/javafx/iio/png/PNGImageLoaderFactory
instanceKlass com/sun/javafx/iio/jpeg/JPEGImageLoaderFactory
instanceKlass com/sun/javafx/iio/ImageLoader
instanceKlass com/sun/javafx/iio/ImageFormatDescription
instanceKlass com/sun/javafx/iio/gif/GIFImageLoaderFactory
instanceKlass com/sun/javafx/iio/ImageLoaderFactory
instanceKlass com/sun/javafx/iio/ImageStorage$InstanceHolder
instanceKlass com/sun/javafx/iio/ImageStorage
instanceKlass com/sun/javafx/tk/quantum/PrismImageLoader2$PrismLoadListener
instanceKlass com/sun/javafx/iio/ImageLoadListener
instanceKlass com/sun/javafx/tk/quantum/PrismImageLoader2
# instanceKlass java/lang/invoke/LambdaForm$MH+0x0000022a46153400
# instanceKlass java/lang/invoke/LambdaForm$MH+0x0000022a46153000
instanceKlass  @cpi javafx/animation/Animation 682 form vmentry <vmtarget> ; # java/lang/invoke/LambdaForm$DMH+0x0000022a46152c00
instanceKlass javafx/fxml/Initializable
instanceKlass javafx/scene/layout/BorderPane$BorderPositionProperty$1
# instanceKlass java/lang/invoke/LambdaForm$MH+0x0000022a46152800
# instanceKlass java/lang/invoke/LambdaForm$MH+0x0000022a46152400
instanceKlass java/lang/invoke/MethodHandle$1
instanceKlass  @bci javafx/scene/layout/HBox <clinit> ()V 0 <appendix> argL0 ; # javafx/scene/layout/HBox$$Lambda+0x0000022a46154aa0
# instanceKlass java/lang/invoke/LambdaForm$MH+0x0000022a46152000
# instanceKlass java/lang/invoke/LambdaForm$MH+0x0000022a46151c00
# instanceKlass java/lang/invoke/LambdaForm$MH+0x0000022a46151800
instanceKlass  @bci jdk/internal/reflect/DirectConstructorHandleAccessor invokeImpl ([Ljava/lang/Object;)Ljava/lang/Object; 88 <adapter> ; # java/lang/invoke/LambdaForm$MH+0x0000022a46151400
# instanceKlass java/lang/invoke/LambdaForm$MH+0x0000022a46151000
# instanceKlass java/lang/invoke/LambdaForm$MH+0x0000022a46150c00
# instanceKlass java/lang/invoke/LambdaForm$MH+0x0000022a46150800
# instanceKlass java/lang/invoke/LambdaForm$MH+0x0000022a46150400
instanceKlass  @bci java/util/stream/Collectors joining (Ljava/lang/CharSequence;Ljava/lang/CharSequence;Ljava/lang/CharSequence;)Ljava/util/stream/Collector; 22 <appendix> argL0 ; # java/util/stream/Collectors$$Lambda+0x800000047
instanceKlass  @bci java/util/stream/Collectors joining (Ljava/lang/CharSequence;Ljava/lang/CharSequence;Ljava/lang/CharSequence;)Ljava/util/stream/Collector; 17 <appendix> argL0 ; # java/util/stream/Collectors$$Lambda+0x800000045
instanceKlass  @bci java/util/stream/Collectors joining (Ljava/lang/CharSequence;Ljava/lang/CharSequence;Ljava/lang/CharSequence;)Ljava/util/stream/Collector; 12 <appendix> argL0 ; # java/util/stream/Collectors$$Lambda+0x800000042
instanceKlass  @bci java/util/stream/Collectors joining (Ljava/lang/CharSequence;Ljava/lang/CharSequence;Ljava/lang/CharSequence;)Ljava/util/stream/Collector; 7 <appendix> member <vmtarget> ; # java/util/stream/Collectors$$Lambda+0x80000004a
instanceKlass  @bci java/lang/Class methodToString (Ljava/lang/String;[Ljava/lang/Class;)Ljava/lang/String; 42 <appendix> argL0 ; # java/lang/Class$$Lambda+0x0000022a460d4b88
instanceKlass  @bci view/EksporLaporanView buatItemProdukHorizontal (Lmodel/Produk;)Ljavafx/scene/layout/VBox; 246 <appendix> form vmentry <vmtarget> ; # java/lang/invoke/LambdaForm$MH+0x0000022a46150000
instanceKlass javafx/fxml/FXMLLoader$ControllerMethodEventHandler
instanceKlass javafx/fxml/FXMLLoader$MethodHandler
instanceKlass com/sun/javafx/collections/VetoableListDecorator$ModCountAccessorImpl
instanceKlass com/sun/javafx/collections/VetoableListDecorator$VetoableIteratorDecorator
instanceKlass  @bci javafx/scene/layout/StackPane <clinit> ()V 0 <appendix> argL0 ; # javafx/scene/layout/StackPane$$Lambda+0x0000022a4614aaf8
instanceKlass javafx/scene/control/TextFormatter
instanceKlass javafx/scene/control/TextFormatter$Change
instanceKlass  @bci javafx/scene/control/TextInputControl <init> (Ljavafx/scene/control/TextInputControl$Content;)V 260 <appendix> member <vmtarget> ; # javafx/scene/control/TextInputControl$$Lambda+0x0000022a46149650
instanceKlass  @bci javafx/scene/control/TextInputControl <init> (Ljavafx/scene/control/TextInputControl$Content;)V 247 <appendix> member <vmtarget> ; # javafx/scene/control/TextInputControl$$Lambda+0x0000022a46149008
instanceKlass  @bci javafx/scene/control/TextInputControl <init> (Ljavafx/scene/control/TextInputControl$Content;)V 234 <appendix> member <vmtarget> ; # javafx/scene/control/TextInputControl$$Lambda+0x0000022a46148dd0
instanceKlass javafx/beans/property/IntegerPropertyBase$Listener
instanceKlass  @bci javafx/scene/control/TextInputControl <init> (Ljavafx/scene/control/TextInputControl$Content;)V 204 <appendix> member <vmtarget> ; # javafx/scene/control/TextInputControl$$Lambda+0x0000022a46147ca0
instanceKlass javafx/scene/control/TextInputControl$UndoRedoChange
instanceKlass javafx/scene/control/IndexRange
instanceKlass javafx/scene/control/TextInputControl$ContentBase
instanceKlass javafx/beans/value/ObservableIntegerValue
instanceKlass javafx/beans/value/WritableIntegerValue
instanceKlass javafx/scene/control/TextInputControl$Content
instanceKlass com/sun/javafx/scene/control/FormatterAccessor
instanceKlass  @bci javafx/scene/control/Label <init> ()V 6 <appendix> member <vmtarget> ; # javafx/scene/control/Label$$Lambda+0x0000022a4613ed78
instanceKlass javafx/event/WeakEventHandler
instanceKlass com/sun/javafx/event/CompositeEventHandler$EventProcessorRecord
instanceKlass com/sun/javafx/event/CompositeEventHandler
instanceKlass  @bci javafx/event/Event <clinit> ()V 0 <appendix> argL0 ; # javafx/event/Event$$Lambda+0x0000022a4613b5a8
instanceKlass com/sun/javafx/scene/control/LabeledHelper
instanceKlass javafx/scene/control/Labeled$1
instanceKlass  @bci javafx/scene/control/Control <clinit> ()V 35 <appendix> argL0 ; # javafx/scene/control/Control$$Lambda+0x0000022a4613af28
instanceKlass  @cpi com/sun/javafx/scene/control/behavior/FocusTraversalInputMap 205 form vmentry <vmtarget> ; # java/lang/invoke/LambdaForm$DMH+0x0000022a4613c000
instanceKlass com/sun/javafx/css/StyleManager$RefList
instanceKlass javafx/css/converter/FontConverter$FontWeightConverter$Holder
instanceKlass javafx/css/converter/StringConverter$Holder
instanceKlass javafx/css/converter/FontConverter$FontSizeConverter$Holder
instanceKlass javafx/css/converter/EffectConverter$Holder
instanceKlass com/sun/javafx/scene/layout/region/Margins
instanceKlass com/sun/javafx/scene/layout/region/Margins$Holder
instanceKlass javafx/css/converter/BooleanConverter$Holder
instanceKlass com/sun/javafx/css/FixedCapacitySet$Duo$1
instanceKlass javafx/css/converter/SizeConverter$Holder
instanceKlass com/sun/javafx/css/FixedCapacitySet$Single$1
instanceKlass javafx/css/converter/InsetsConverter$Holder
instanceKlass com/sun/javafx/css/SelectorPartitioning$Slot
instanceKlass com/sun/javafx/css/SelectorPartitioning$Partition
instanceKlass javafx/css/converter/PaintConverter$Holder
instanceKlass javafx/css/converter/StopConverter$Holder
instanceKlass javafx/css/converter/LadderConverter$Holder
instanceKlass javafx/css/converter/DeriveColorConverter$Holder
instanceKlass javafx/css/converter/URLConverter$Holder
instanceKlass javafx/css/StyleConverter
instanceKlass javafx/css/Size
instanceKlass javafx/css/ParsedValue
instanceKlass javafx/css/Declaration
instanceKlass javafx/css/Rule$Observables
instanceKlass  @bci com/sun/javafx/css/SelectorPartitioning <clinit> ()V 28 <appendix> argL0 ; # com/sun/javafx/css/SelectorPartitioning$$Lambda+0x0000022a4612fcc8
instanceKlass com/sun/javafx/css/SelectorPartitioning$PartitionKey
instanceKlass com/sun/javafx/css/SelectorPartitioning
instanceKlass com/sun/javafx/css/StyleManager$StylesheetContainer
instanceKlass java/util/AbstractList$SubList$1
instanceKlass javafx/collections/ModifiableObservableListBase$SubObservableList
instanceKlass com/sun/javafx/css/BitSet$1
instanceKlass com/sun/javafx/css/ImmutablePseudoClassSetsCache
instanceKlass com/sun/javafx/css/BinarySerializer
instanceKlass javafx/css/Rule
instanceKlass javafx/css/StyleConverter$StringStore
instanceKlass sun/net/www/protocol/jar/JarFileFactory
instanceKlass sun/net/www/protocol/jar/URLJarFile$URLJarFileCloseController
instanceKlass javafx/css/Stylesheet
# instanceKlass java/lang/invoke/LambdaForm$MH+0x0000022a46128000
# instanceKlass java/lang/invoke/LambdaForm$MH+0x0000022a46114400
instanceKlass java/io/FilenameFilter
instanceKlass com/sun/javafx/font/FontResource
instanceKlass com/sun/javafx/font/PGFont
instanceKlass com/sun/javafx/font/PrismFontFactory
instanceKlass com/sun/javafx/scene/text/TextLine
instanceKlass java/text/CharacterIterator
instanceKlass com/sun/javafx/scene/text/GlyphList
instanceKlass com/sun/javafx/text/PrismTextLayout
instanceKlass com/sun/javafx/scene/text/TextLayout
instanceKlass com/sun/javafx/text/PrismTextLayoutFactory
instanceKlass  @bci javafx/scene/text/Text <init> ()V 64 <appendix> member <vmtarget> ; # javafx/scene/text/Text$$Lambda+0x0000022a46126158
instanceKlass  @bci javafx/scene/text/Text <init> ()V 37 <appendix> member <vmtarget> ; # javafx/scene/text/Text$$Lambda+0x0000022a46125f20
instanceKlass javafx/scene/text/Text$1
instanceKlass javafx/scene/shape/Shape$1
instanceKlass com/sun/javafx/scene/text/TextSpan
instanceKlass com/sun/javafx/scene/shape/TextHelper$TextAccessor
instanceKlass com/sun/javafx/scene/shape/ShapeHelper$ShapeAccessor
instanceKlass com/sun/javafx/scene/control/skin/Utils
instanceKlass com/sun/javafx/css/StyleManager$ImageCache
instanceKlass com/sun/javafx/css/StyleManager$InstanceHolder
instanceKlass com/sun/javafx/css/StyleManager
instanceKlass com/sun/javafx/tk/quantum/QuantumToolkit$6
instanceKlass javafx/scene/control/Control$1
instanceKlass javafx/scene/control/Skin
instanceKlass com/sun/javafx/scene/control/LabeledHelper$Accessor
instanceKlass com/sun/javafx/scene/control/ControlHelper$ControlAccessor
instanceKlass java/time/LocalDate
instanceKlass java/time/chrono/ChronoLocalDate
instanceKlass java/time/temporal/TemporalAdjuster
instanceKlass java/time/temporal/Temporal
instanceKlass java/time/temporal/TemporalAccessor
instanceKlass sun/reflect/generics/reflectiveObjects/LazyReflectiveObjectGenerator
instanceKlass sun/reflect/generics/tree/TypeVariableSignature
instanceKlass sun/reflect/generics/tree/ClassSignature
instanceKlass sun/reflect/generics/reflectiveObjects/ParameterizedTypeImpl
instanceKlass java/lang/reflect/ParameterizedType
instanceKlass sun/reflect/generics/tree/MethodTypeSignature
instanceKlass sun/reflect/generics/tree/Signature
instanceKlass sun/reflect/generics/tree/FormalTypeParameter
instanceKlass sun/reflect/generics/repository/AbstractRepository
# instanceKlass java/lang/invoke/LambdaForm$MH+0x0000022a46114000
# instanceKlass java/lang/invoke/LambdaForm$MH+0x0000022a46113c00
instanceKlass  @cpi view/EksporLaporanView 929 form vmentry <vmtarget> ; # java/lang/invoke/LambdaForm$DMH+0x0000022a46113800
# instanceKlass java/lang/invoke/LambdaForm$MH+0x0000022a46113400
# instanceKlass java/lang/invoke/LambdaForm$BMH+0x0000022a46113000
# instanceKlass java/lang/invoke/LambdaForm$DMH+0x0000022a46112c00
# instanceKlass java/lang/invoke/LambdaForm$MH+0x0000022a46112800
instanceKlass  @cpi view/ProdukViewController 976 form vmentry <vmtarget> ; # java/lang/invoke/LambdaForm$DMH+0x0000022a46112400
# instanceKlass java/lang/invoke/LambdaForm$MH+0x0000022a46112000
# instanceKlass java/lang/invoke/LambdaForm$MH+0x0000022a46111c00
# instanceKlass java/lang/invoke/LambdaForm$DMH+0x0000022a46111800
# instanceKlass java/lang/invoke/LambdaForm$MH+0x0000022a46111400
# instanceKlass java/lang/invoke/LambdaForm$BMH+0x0000022a46111000
# instanceKlass java/lang/invoke/LambdaForm$DMH+0x0000022a46110c00
# instanceKlass java/lang/invoke/LambdaForm$MH+0x0000022a46110800
# instanceKlass java/lang/invoke/LambdaForm$DMH+0x0000022a46110400
instanceKlass java/lang/invoke/ClassSpecializer$Factory$1$5$1
instanceKlass java/lang/invoke/ClassSpecializer$Factory$1$5
instanceKlass java/lang/invoke/ClassSpecializer$Factory$1$4
instanceKlass java/lang/invoke/ClassSpecializer$Factory$1$3
instanceKlass java/lang/invoke/ClassSpecializer$Factory$1$2
instanceKlass java/lang/invoke/ClassSpecializer$Factory$1$1Var
instanceKlass java/lang/invoke/ClassSpecializer$Factory$1$1
instanceKlass java/lang/invoke/ClassSpecializer$Factory$1
instanceKlass java/lang/invoke/MethodHandles$1
# instanceKlass java/lang/invoke/LambdaForm$BMH+0x0000022a46110000
# instanceKlass java/lang/invoke/LambdaForm$DMH+0x0000022a4610fc00
# instanceKlass java/lang/invoke/LambdaForm$DMH+0x0000022a4610f800
instanceKlass sun/invoke/util/ValueConversions$1
instanceKlass sun/invoke/util/ValueConversions$WrapperCache
# instanceKlass java/lang/invoke/LambdaForm$DMH+0x0000022a4610f400
instanceKlass  @bci jdk/internal/reflect/MethodHandleObjectFieldAccessorImpl set (Ljava/lang/Object;Ljava/lang/Object;)V 41 <adapter> ; # java/lang/invoke/LambdaForm$MH+0x0000022a4610f000
# instanceKlass java/lang/invoke/LambdaForm$MH+0x0000022a4610ec00
# instanceKlass java/lang/invoke/LambdaForm$MH+0x0000022a4610e800
instanceKlass jdk/internal/reflect/FieldAccessorImpl
instanceKlass jdk/internal/reflect/FieldAccessor
# instanceKlass java/lang/invoke/LambdaForm$MH+0x0000022a4610e400
# instanceKlass java/lang/invoke/LambdaForm$MH+0x0000022a4610e000
instanceKlass javafx/fxml/FXML
instanceKlass controller/AuthController
instanceKlass javafx/scene/control/Skinnable
# instanceKlass java/lang/invoke/LambdaForm$MH+0x0000022a4610dc00
# instanceKlass java/lang/invoke/LambdaForm$MH+0x0000022a4610d800
# instanceKlass java/lang/invoke/LambdaForm$MH+0x0000022a4610d400
# instanceKlass java/lang/invoke/LambdaForm$MH+0x0000022a4610d000
# instanceKlass java/lang/invoke/LambdaForm$MH+0x0000022a4610cc00
# instanceKlass java/lang/invoke/LambdaForm$MH+0x0000022a4610c800
instanceKlass  @bci java/lang/ClassLoader definePackage (Ljava/lang/String;Ljava/lang/Module;)Ljava/lang/Package; 73 <appendix> member <vmtarget> ; # java/lang/ClassLoader$$Lambda+0x0000022a460ce028
instanceKlass com/sun/javafx/reflect/Trampoline
instanceKlass com/sun/javafx/fxml/MethodHelper
instanceKlass java/lang/reflect/AnnotatedType
instanceKlass java/lang/reflect/TypeVariable
instanceKlass com/sun/javafx/fxml/ModuleHelper
instanceKlass java/lang/Class$AnnotationData
instanceKlass javafx/beans/DefaultProperty
instanceKlass com/sun/javafx/beans/IDProperty
instanceKlass javafx/beans/WeakInvalidationListener
instanceKlass javafx/scene/image/ImageView$1
instanceKlass com/sun/javafx/scene/ImageViewHelper$ImageViewAccessor
instanceKlass com/sun/javafx/beans/event/AbstractNotifyListener
instanceKlass  @bci javafx/scene/layout/VBox <clinit> ()V 0 <appendix> argL0 ; # javafx/scene/layout/VBox$$Lambda+0x0000022a46101b58
instanceKlass  @bci com/sun/javafx/fxml/BeanAdapter getMethodName (Ljava/lang/String;Ljava/lang/String;)Ljava/lang/String; 14 <appendix> form vmentry <vmtarget> ; # java/lang/invoke/LambdaForm$MH+0x0000022a460b4c00
instanceKlass  @bci com/sun/javafx/fxml/BeanAdapter getMethodName (Ljava/lang/String;Ljava/lang/String;)Ljava/lang/String; 14 <appendix> form names 6 function resolvedHandle form vmentry <vmtarget> ; # java/lang/invoke/LambdaForm$DMH+0x0000022a460b4800
instanceKlass javafx/animation/AnimationTimer
instanceKlass javafx/css/CssMetaData
instanceKlass javafx/scene/Node$AccessibilityProperties
instanceKlass javafx/scene/Node$NodeTransformation
instanceKlass com/sun/javafx/geom/Point2D
instanceKlass javafx/scene/input/Clipboard
instanceKlass com/sun/javafx/scene/EventHandlerProperties
instanceKlass javafx/scene/Node$MiscProperties
instanceKlass javafx/scene/effect/Effect
instanceKlass javafx/scene/Cursor
instanceKlass javafx/event/EventType
instanceKlass javafx/scene/SnapshotParameters
instanceKlass javafx/geometry/Point2D
instanceKlass javafx/css/Selector
instanceKlass javafx/scene/layout/Border
instanceKlass com/sun/javafx/scene/input/PickResultChooser
instanceKlass com/sun/javafx/geom/PickRay
instanceKlass javafx/scene/layout/Background
instanceKlass javafx/scene/layout/CornerRadii
instanceKlass javafx/scene/layout/BorderWidths
instanceKlass com/sun/javafx/fxml/BeanAdapter$MethodCache
instanceKlass java/util/regex/ASCII
instanceKlass  @bci java/util/regex/CharPredicates ASCII_DIGIT ()Ljava/util/regex/Pattern$BmpCharPredicate; 0 <appendix> argL0 ; # java/util/regex/CharPredicates$$Lambda+0x800000026
instanceKlass javafx/geometry/Insets
instanceKlass com/sun/javafx/css/TransitionMediator
instanceKlass javafx/css/StyleableObjectProperty$TransitionController
instanceKlass  @bci javafx/scene/layout/Region <init> ()V 6 <appendix> member <vmtarget> ; # javafx/scene/layout/Region$$Lambda+0x0000022a460b9ae0
instanceKlass javafx/scene/layout/Pane$1
instanceKlass com/sun/javafx/geom/Vec2d
instanceKlass javafx/scene/layout/Region$1
instanceKlass javafx/scene/Parent$1
instanceKlass javafx/scene/PropertyHelper
instanceKlass  @bci javafx/scene/Node <clinit> ()V 123 <appendix> argL0 ; # javafx/scene/Node$$Lambda+0x0000022a460b2ea0
instanceKlass  @cpi javafx/scene/Node 3382 form vmentry <vmtarget> ; # java/lang/invoke/LambdaForm$DMH+0x0000022a460b4000
instanceKlass com/sun/javafx/scene/BoundsAccessor
instanceKlass javafx/collections/SetChangeListener$Change
instanceKlass javafx/css/PseudoClass
instanceKlass javafx/geometry/Point3D
instanceKlass com/sun/javafx/scene/transform/TransformHelper
instanceKlass javafx/scene/transform/Transform$1
instanceKlass com/sun/javafx/scene/transform/TransformHelper$TransformAccessor
instanceKlass javafx/scene/transform/Transform
instanceKlass com/sun/javafx/scene/NodeHelper
instanceKlass javafx/scene/Node$1
instanceKlass com/sun/javafx/scene/layout/PaneHelper$PaneAccessor
instanceKlass com/sun/javafx/scene/layout/RegionHelper$RegionAccessor
instanceKlass com/sun/javafx/sg/prism/NGNode
instanceKlass com/sun/javafx/scene/ParentHelper$ParentAccessor
instanceKlass com/sun/javafx/scene/NodeHelper$NodeAccessor
instanceKlass com/sun/javafx/reflect/ConstructorUtil
instanceKlass javafx/scene/shape/Mesh
instanceKlass javafx/scene/text/Font
instanceKlass javafx/fxml/FXMLLoader$Attribute
instanceKlass com/sun/javafx/reflect/ReflectUtil
instanceKlass view/LoginViewController
instanceKlass javafx/collections/MapChangeListener
instanceKlass javafx/collections/SetChangeListener
instanceKlass javafx/event/EventHandler
instanceKlass java/util/EventListener
instanceKlass javafx/beans/value/ChangeListener
instanceKlass java/util/LinkedList$ListItr
instanceKlass java/util/LinkedList$Node
instanceKlass com/sun/org/apache/xerces/internal/util/NamespaceContextWrapper
instanceKlass javax/xml/namespace/NamespaceContext
instanceKlass com/sun/org/apache/xerces/internal/impl/XMLStreamReaderImpl
instanceKlass javax/xml/stream/util/StreamReaderDelegate
instanceKlass  @bci javax/xml/stream/FactoryFinder newInstance (Ljava/lang/Class;Ljava/lang/String;Ljava/lang/ClassLoader;ZZ)Ljava/lang/Object; 80 <appendix> member <vmtarget> ; # javax/xml/stream/FactoryFinder$$Lambda+0x0000022a460cae30
instanceKlass javax/xml/catalog/CatalogReader$1
instanceKlass javax/xml/catalog/Normalizer
instanceKlass com/sun/org/apache/xerces/internal/impl/Constants$ArrayEnumeration
instanceKlass com/sun/org/apache/xerces/internal/impl/Constants
instanceKlass com/sun/org/apache/xerces/internal/parsers/AbstractSAXParser$LocatorProxy
instanceKlass org/xml/sax/ext/Locator2
instanceKlass org/xml/sax/Locator
instanceKlass com/sun/org/apache/xerces/internal/util/XMLSymbols
instanceKlass com/sun/org/apache/xerces/internal/util/XMLChar
instanceKlass com/sun/xml/internal/stream/Entity
instanceKlass com/sun/xml/internal/stream/util/BufferAllocator
instanceKlass com/sun/xml/internal/stream/util/ThreadLocalBufferAllocator
instanceKlass com/sun/org/apache/xerces/internal/impl/XMLEntityManager$EncodingInfo
instanceKlass java/util/AbstractMap$SimpleEntry
instanceKlass jdk/internal/jimage/ImageBufferCache$2
instanceKlass jdk/internal/jimage/ImageBufferCache
instanceKlass com/sun/org/apache/xerces/internal/util/URI
instanceKlass jdk/xml/internal/XMLLimitAnalyzer
instanceKlass com/sun/org/apache/xerces/internal/xni/parser/XMLInputSource
instanceKlass com/sun/org/apache/xerces/internal/util/ErrorHandlerWrapper
instanceKlass com/sun/org/apache/xerces/internal/xni/parser/XMLErrorHandler
instanceKlass com/sun/org/apache/xerces/internal/impl/ExternalSubsetResolver
instanceKlass com/sun/org/apache/xerces/internal/util/EntityResolverWrapper
instanceKlass org/xml/sax/ext/EntityResolver2
instanceKlass org/xml/sax/InputSource
instanceKlass org/xml/sax/helpers/DefaultHandler
instanceKlass org/xml/sax/ErrorHandler
instanceKlass org/xml/sax/ContentHandler
instanceKlass org/xml/sax/DTDHandler
instanceKlass com/sun/org/apache/xerces/internal/parsers/AbstractSAXParser$AttributesProxy
instanceKlass org/xml/sax/ext/Attributes2
instanceKlass org/xml/sax/Attributes
instanceKlass org/xml/sax/AttributeList
instanceKlass com/sun/org/apache/xerces/internal/util/FeatureState
instanceKlass com/sun/org/apache/xerces/internal/util/PropertyState
instanceKlass com/sun/org/apache/xerces/internal/impl/msg/XMLMessageFormatter
instanceKlass com/sun/org/apache/xerces/internal/util/MessageFormatter
instanceKlass com/sun/org/apache/xerces/internal/impl/XMLVersionDetector
instanceKlass com/sun/org/apache/xerces/internal/impl/validation/ValidationManager
instanceKlass com/sun/org/apache/xerces/internal/impl/dv/dtd/NMTOKENDatatypeValidator
instanceKlass com/sun/org/apache/xerces/internal/impl/dv/dtd/NOTATIONDatatypeValidator
instanceKlass com/sun/org/apache/xerces/internal/impl/dv/dtd/ENTITYDatatypeValidator
instanceKlass com/sun/org/apache/xerces/internal/impl/dv/dtd/ListDatatypeValidator
instanceKlass com/sun/org/apache/xerces/internal/impl/dv/dtd/IDREFDatatypeValidator
instanceKlass com/sun/org/apache/xerces/internal/impl/dv/dtd/IDDatatypeValidator
instanceKlass com/sun/org/apache/xerces/internal/impl/dv/dtd/StringDatatypeValidator
instanceKlass com/sun/org/apache/xerces/internal/impl/dv/DatatypeValidator
instanceKlass com/sun/org/apache/xerces/internal/impl/dv/DTDDVFactory
instanceKlass com/sun/org/apache/xerces/internal/impl/dtd/DTDGrammarBucket
instanceKlass com/sun/org/apache/xerces/internal/impl/dtd/XMLAttributeDecl
instanceKlass com/sun/org/apache/xerces/internal/impl/dtd/XMLSimpleType
instanceKlass com/sun/org/apache/xerces/internal/impl/dtd/XMLElementDecl
instanceKlass com/sun/org/apache/xerces/internal/impl/validation/ValidationState
instanceKlass com/sun/org/apache/xerces/internal/impl/dv/ValidationContext
instanceKlass com/sun/org/apache/xerces/internal/impl/dtd/XMLDTDValidator
instanceKlass com/sun/org/apache/xerces/internal/impl/RevalidationHandler
instanceKlass com/sun/org/apache/xerces/internal/impl/dtd/XMLDTDValidatorFilter
instanceKlass com/sun/org/apache/xerces/internal/xni/parser/XMLDocumentFilter
instanceKlass com/sun/org/apache/xerces/internal/impl/dtd/XMLEntityDecl
instanceKlass com/sun/org/apache/xerces/internal/impl/dtd/XMLDTDProcessor
instanceKlass com/sun/org/apache/xerces/internal/xni/parser/XMLDTDContentModelFilter
instanceKlass com/sun/org/apache/xerces/internal/xni/parser/XMLDTDFilter
instanceKlass com/sun/org/apache/xerces/internal/xni/parser/XMLDTDScanner
instanceKlass com/sun/org/apache/xerces/internal/xni/parser/XMLDTDContentModelSource
instanceKlass com/sun/org/apache/xerces/internal/xni/parser/XMLDTDSource
instanceKlass com/sun/org/apache/xerces/internal/xni/grammars/XMLDTDDescription
instanceKlass com/sun/org/apache/xerces/internal/xni/grammars/XMLGrammarDescription
instanceKlass com/sun/org/apache/xerces/internal/impl/XMLDocumentScannerImpl$TrailingMiscDriver
instanceKlass com/sun/org/apache/xerces/internal/impl/XMLDocumentScannerImpl$PrologDriver
instanceKlass com/sun/org/apache/xerces/internal/impl/XMLDocumentScannerImpl$XMLDeclDriver
instanceKlass com/sun/org/apache/xerces/internal/util/NamespaceSupport
instanceKlass com/sun/org/apache/xerces/internal/xni/NamespaceContext
instanceKlass com/sun/org/apache/xerces/internal/util/XMLAttributesImpl$Attribute
instanceKlass com/sun/org/apache/xerces/internal/util/XMLAttributesImpl
instanceKlass com/sun/org/apache/xerces/internal/xni/XMLAttributes
instanceKlass com/sun/org/apache/xerces/internal/impl/XMLDocumentFragmentScannerImpl$FragmentContentDriver
instanceKlass com/sun/org/apache/xerces/internal/impl/XMLDocumentFragmentScannerImpl$Driver
instanceKlass com/sun/org/apache/xerces/internal/impl/XMLDocumentFragmentScannerImpl$ElementStack2
instanceKlass com/sun/org/apache/xerces/internal/xni/QName
instanceKlass com/sun/org/apache/xerces/internal/impl/XMLDocumentFragmentScannerImpl$ElementStack
instanceKlass com/sun/org/apache/xerces/internal/xni/XMLString
instanceKlass com/sun/org/apache/xerces/internal/impl/XMLScanner
instanceKlass com/sun/xml/internal/stream/XMLBufferListener
instanceKlass com/sun/org/apache/xerces/internal/impl/XMLEntityHandler
instanceKlass com/sun/org/apache/xerces/internal/xni/parser/XMLDocumentScanner
instanceKlass com/sun/org/apache/xerces/internal/xni/parser/XMLDocumentSource
instanceKlass com/sun/org/apache/xerces/internal/impl/XMLErrorReporter
instanceKlass com/sun/org/apache/xerces/internal/impl/XMLEntityScanner
instanceKlass com/sun/org/apache/xerces/internal/xni/XMLLocator
instanceKlass com/sun/xml/internal/stream/XMLEntityStorage
instanceKlass com/sun/org/apache/xerces/internal/util/AugmentationsImpl$AugmentationsItemsContainer
instanceKlass com/sun/org/apache/xerces/internal/util/AugmentationsImpl
instanceKlass com/sun/org/apache/xerces/internal/xni/Augmentations
instanceKlass com/sun/org/apache/xerces/internal/util/XMLResourceIdentifierImpl
instanceKlass com/sun/org/apache/xerces/internal/xni/XMLResourceIdentifier
instanceKlass com/sun/org/apache/xerces/internal/impl/XMLEntityManager
instanceKlass com/sun/org/apache/xerces/internal/xni/parser/XMLEntityResolver
instanceKlass com/sun/org/apache/xerces/internal/xni/parser/XMLComponent
instanceKlass com/sun/org/apache/xerces/internal/util/SymbolTable$Entry
instanceKlass com/sun/org/apache/xerces/internal/util/SymbolTable
instanceKlass jdk/xml/internal/JdkConstants
instanceKlass com/sun/org/apache/xerces/internal/util/ParserConfigurationSettings
instanceKlass com/sun/org/apache/xerces/internal/parsers/XML11Configurable
instanceKlass com/sun/org/apache/xerces/internal/xni/parser/XMLPullParserConfiguration
instanceKlass com/sun/org/apache/xerces/internal/xni/parser/XMLParserConfiguration
instanceKlass com/sun/org/apache/xerces/internal/xni/parser/XMLComponentManager
instanceKlass com/sun/org/apache/xerces/internal/parsers/XMLParser
instanceKlass com/sun/org/apache/xerces/internal/xni/XMLDTDContentModelHandler
instanceKlass com/sun/org/apache/xerces/internal/xni/XMLDTDHandler
instanceKlass com/sun/org/apache/xerces/internal/xni/XMLDocumentHandler
instanceKlass org/xml/sax/XMLReader
instanceKlass org/xml/sax/Parser
instanceKlass javax/xml/parsers/SAXParser
instanceKlass com/sun/org/apache/xerces/internal/xs/PSVIProvider
instanceKlass com/sun/org/apache/xerces/internal/jaxp/JAXPConstants
instanceKlass javax/xml/catalog/CatalogResolver
instanceKlass org/w3c/dom/ls/LSResourceResolver
instanceKlass javax/xml/transform/URIResolver
instanceKlass javax/xml/stream/XMLResolver
instanceKlass org/xml/sax/EntityResolver
instanceKlass javax/xml/catalog/BaseEntry
instanceKlass javax/xml/catalog/Catalog
instanceKlass javax/xml/catalog/CatalogManager
instanceKlass  @bci javax/xml/catalog/CatalogFeatures setProperties (Ljavax/xml/catalog/CatalogFeatures$Builder;)V 5 <appendix> member <vmtarget> ; # javax/xml/catalog/CatalogFeatures$$Lambda+0x0000022a460757d8
instanceKlass  @bci com/sun/scenario/effect/impl/RendererFactory createPrismRenderer (Lcom/sun/scenario/effect/FilterContext;)Lcom/sun/scenario/effect/impl/Renderer; 9 <appendix> form vmentry <vmtarget> ; # java/lang/invoke/LambdaForm$MH+0x0000022a46098400
instanceKlass javax/xml/catalog/CatalogMessages
instanceKlass javax/xml/catalog/Util
instanceKlass javax/xml/catalog/CatalogFeatures$Builder
instanceKlass javax/xml/catalog/CatalogFeatures
instanceKlass com/sun/org/apache/xerces/internal/utils/XMLSecurityPropertyManager
instanceKlass javax/xml/parsers/SAXParserFactory
instanceKlass jdk/xml/internal/JdkXmlUtils
instanceKlass jdk/xml/internal/JdkCatalog
instanceKlass java/util/Collections$UnmodifiableMap$UnmodifiableEntrySet$UnmodifiableEntry
instanceKlass  @bci java/util/Collections$UnmodifiableMap$UnmodifiableEntrySet entryConsumer (Ljava/util/function/Consumer;)Ljava/util/function/Consumer; 1 <appendix> member <vmtarget> ; # java/util/Collections$UnmodifiableMap$UnmodifiableEntrySet$$Lambda+0x0000022a46072320
instanceKlass  @bci java/util/stream/Collectors uniqKeysMapMerger ()Ljava/util/function/BinaryOperator; 0 <appendix> argL0 ; # java/util/stream/Collectors$$Lambda+0x0000022a460720c8
instanceKlass  @bci java/util/stream/Collectors uniqKeysMapAccumulator (Ljava/util/function/Function;Ljava/util/function/Function;)Ljava/util/function/BiConsumer; 2 <appendix> member <vmtarget> ; # java/util/stream/Collectors$$Lambda+0x0000022a46071e80
instanceKlass  @bci java/util/stream/Collectors toMap (Ljava/util/function/Function;Ljava/util/function/Function;)Ljava/util/stream/Collector; 4 <appendix> argL0 ; # java/util/stream/Collectors$$Lambda+0x0000022a46071c50
instanceKlass  @bci jdk/xml/internal/XMLSecurityManager$StringMapper <init> (Ljava/util/Map;)V 30 <appendix> argL0 ; # jdk/xml/internal/XMLSecurityManager$StringMapper$$Lambda+0x0000022a46071a00
instanceKlass  @bci jdk/xml/internal/XMLSecurityManager$StringMapper <init> (Ljava/util/Map;)V 25 <appendix> argL0 ; # jdk/xml/internal/XMLSecurityManager$StringMapper$$Lambda+0x0000022a460717b0
instanceKlass  @cpi jdk/xml/internal/XMLSecurityManager$StringMapper 125 form vmentry <vmtarget> ; # java/lang/invoke/LambdaForm$DMH+0x0000022a46098000
instanceKlass java/util/Collections$UnmodifiableMap$UnmodifiableEntrySet$UnmodifiableEntrySetSpliterator
instanceKlass jdk/xml/internal/XMLSecurityManager$ValueMapper
instanceKlass jdk/xml/internal/XMLSecurityManager
instanceKlass com/sun/org/apache/xerces/internal/impl/PropertyManager
instanceKlass  @bci javax/xml/stream/FactoryFinder find (Ljava/lang/Class;Ljava/lang/String;Ljava/lang/ClassLoader;Ljava/lang/String;)Ljava/lang/Object; 147 <appendix> member <vmtarget> ; # javax/xml/stream/FactoryFinder$$Lambda+0x0000022a4606fe60
instanceKlass jdk/internal/loader/URLClassPath$1
instanceKlass java/lang/CompoundEnumeration
instanceKlass jdk/internal/loader/BuiltinClassLoader$1
instanceKlass java/util/Spliterators$1Adapter
instanceKlass jdk/xml/internal/SecuritySupport
instanceKlass  @bci javax/xml/stream/FactoryFinder find (Ljava/lang/Class;Ljava/lang/String;Ljava/lang/ClassLoader;Ljava/lang/String;)Ljava/lang/Object; 1 <appendix> member <vmtarget> ; # javax/xml/stream/FactoryFinder$$Lambda+0x0000022a4606f808
instanceKlass javax/xml/stream/FactoryFinder
instanceKlass javax/xml/stream/XMLInputFactory
instanceKlass sun/net/www/MessageHeader
instanceKlass java/net/URLConnection
instanceKlass com/sun/javafx/scene/SceneHelper
instanceKlass javafx/scene/Scene$2
instanceKlass javafx/css/StyleableProperty
instanceKlass javafx/scene/input/InputMethodRequests
instanceKlass com/sun/javafx/tk/TKDropTargetListener
instanceKlass com/sun/javafx/tk/TKScenePaintListener
instanceKlass com/sun/javafx/tk/TKSceneListener
instanceKlass com/sun/glass/ui/Accessible$EventHandler
instanceKlass com/sun/javafx/scene/SceneHelper$SceneAccessor
instanceKlass com/sun/javafx/perf/PerformanceTracker$SceneAccessor
instanceKlass com/sun/javafx/scene/traversal/TraversalEngine
instanceKlass javafx/scene/Scene
instanceKlass javafx/fxml/FXMLLoader$ControllerAccessor
instanceKlass com/sun/javafx/collections/ObservableMapWrapper
instanceKlass com/sun/javafx/fxml/FXMLLoaderHelper
instanceKlass javafx/fxml/FXMLLoader$1
instanceKlass java/util/jar/Attributes
instanceKlass  @bci java/util/zip/ZipFile$Source initCEN (I)V 482 <appendix> argL0 ; # java/util/zip/ZipFile$Source$$Lambda+0x0000022a4606edd0
instanceKlass jdk/internal/loader/FileURLMapper
instanceKlass java/util/Collections$SynchronizedCollection
instanceKlass java/util/Properties$EntrySet
instanceKlass java/util/ResourceBundle$ResourceBundleProviderHelper
instanceKlass  @bci java/util/ResourceBundle$Control getCandidateLocales (Ljava/lang/String;Ljava/util/Locale;)Ljava/util/List; 23 <appendix> argL0 ; # java/util/ResourceBundle$Control$$Lambda+0x80000001e
instanceKlass java/util/ResourceBundle$CacheKeyReference
instanceKlass java/util/ResourceBundle$CacheKey
instanceKlass  @bci java/util/ResourceBundle$Control <clinit> ()V 39 <appendix> argL0 ; # java/util/ResourceBundle$Control$$Lambda+0x80000001f
instanceKlass java/util/ResourceBundle$Control
instanceKlass java/util/ResourceBundle$1
instanceKlass jdk/internal/access/JavaUtilResourceBundleAccess
instanceKlass  @bci java/util/stream/ReferencePipeline toArray ()[Ljava/lang/Object; 1 <appendix> argL0 ; # java/util/stream/ReferencePipeline$$Lambda+0x0000022a4606d7b8
instanceKlass  @bci com/sun/javafx/application/WindowsHighContrastScheme <clinit> ()V 92 <appendix> argL0 ; # com/sun/javafx/application/WindowsHighContrastScheme$$Lambda+0x0000022a46082ef0
instanceKlass  @bci sun/util/locale/provider/FallbackLocaleProviderAdapter getAvailableLocales ()[Ljava/util/Locale; 21 <appendix> argL0 ; # sun/util/locale/provider/FallbackLocaleProviderAdapter$$Lambda+0x0000022a4606cc08
instanceKlass java/util/stream/Streams$2
instanceKlass java/util/stream/Streams$ConcatSpliterator
instanceKlass java/util/Locale$LocaleKey
instanceKlass sun/util/locale/Extension
instanceKlass sun/util/locale/LocaleExtensions
instanceKlass sun/util/locale/provider/JRELocaleConstants
instanceKlass  @bci sun/util/locale/provider/JRELocaleProviderAdapter createAvailableLocales ()[Ljava/util/Locale; 50 <appendix> argL0 ; # sun/util/locale/provider/JRELocaleProviderAdapter$$Lambda+0x0000022a4606b9b8
instanceKlass  @bci sun/util/locale/provider/JRELocaleProviderAdapter createAvailableLocales ()[Ljava/util/Locale; 35 <appendix> argL0 ; # sun/util/locale/provider/JRELocaleProviderAdapter$$Lambda+0x0000022a4606b768
instanceKlass java/util/Spliterators$ArraySpliterator
instanceKlass sun/util/locale/provider/JRELocaleProviderAdapter$AvailableJRELocales
instanceKlass java/util/stream/Nodes$ArrayNode
instanceKlass  @bci sun/util/cldr/CLDRLocaleProviderAdapter getAvailableLocales ()[Ljava/util/Locale; 27 <appendix> argL0 ; # sun/util/cldr/CLDRLocaleProviderAdapter$$Lambda+0x0000022a4606acf0
instanceKlass  @bci sun/util/cldr/CLDRLocaleProviderAdapter getAvailableLocales ()[Ljava/util/Locale; 17 <appendix> argL0 ; # sun/util/cldr/CLDRLocaleProviderAdapter$$Lambda+0x0000022a4606aaa0
instanceKlass java/util/stream/Node$Builder
instanceKlass java/util/stream/AbstractSpinedBuffer
instanceKlass java/util/stream/Node$OfDouble
instanceKlass java/util/stream/Node$OfLong
instanceKlass java/util/stream/Node$OfInt
instanceKlass java/util/stream/Node$OfPrimitive
instanceKlass java/util/stream/Nodes$EmptyNode
instanceKlass java/util/stream/Node
instanceKlass java/util/stream/Nodes
instanceKlass  @bci sun/util/locale/provider/LocaleProviderAdapter toLocaleArray (Ljava/util/Set;)[Ljava/util/Locale; 21 <appendix> argL0 ; # sun/util/locale/provider/LocaleProviderAdapter$$Lambda+0x800000062
instanceKlass java/util/stream/DistinctOps
instanceKlass  @bci sun/util/locale/provider/LocaleProviderAdapter toLocaleArray (Ljava/util/Set;)[Ljava/util/Locale; 6 <appendix> argL0 ; # sun/util/locale/provider/LocaleProviderAdapter$$Lambda+0x800000060
instanceKlass java/util/regex/IntHashSet
instanceKlass java/util/regex/Matcher
instanceKlass java/util/regex/MatchResult
instanceKlass java/util/Collections$EmptyEnumeration
instanceKlass sun/util/resources/provider/NonBaseLocaleDataMetaInfo
instanceKlass sun/util/locale/provider/BaseLocaleDataMetaInfo
instanceKlass sun/util/locale/provider/AvailableLanguageTags
instanceKlass java/util/ServiceLoader$ProviderImpl
instanceKlass java/util/ServiceLoader$Provider
instanceKlass sun/util/resources/cldr/provider/CLDRLocaleDataMetaInfo
instanceKlass java/util/ServiceLoader$2
instanceKlass java/util/ServiceLoader$1
instanceKlass java/util/ServiceLoader$LazyClassPathLookupIterator
instanceKlass java/util/ServiceLoader$ModuleServicesLookupIterator
instanceKlass java/util/ServiceLoader
instanceKlass java/util/Locale$LocaleCache
instanceKlass jdk/internal/util/ReferencedKeyMap$1
instanceKlass sun/util/locale/BaseLocale$1InterningCache
instanceKlass sun/util/locale/InternalLocaleBuilder$CaseInsensitiveChar
instanceKlass sun/util/locale/InternalLocaleBuilder
instanceKlass sun/util/locale/StringTokenIterator
instanceKlass sun/util/locale/ParseStatus
instanceKlass sun/util/locale/LanguageTag
instanceKlass sun/util/cldr/CLDRBaseLocaleDataMetaInfo
instanceKlass sun/util/locale/provider/LocaleDataMetaInfo
instanceKlass sun/util/locale/provider/ResourceBundleBasedAdapter
instanceKlass sun/util/locale/provider/LocaleProviderAdapter
instanceKlass sun/util/locale/provider/LocaleServiceProviderPool$AllAvailableLocales
instanceKlass java/util/spi/LocaleServiceProvider
instanceKlass sun/util/locale/provider/LocaleServiceProviderPool
instanceKlass com/sun/javafx/application/PlatformImpl$2
instanceKlass javafx/application/Platform
instanceKlass javafx/util/Builder
instanceKlass javafx/fxml/JavaFXBuilderFactory
instanceKlass java/util/regex/Pattern$TreeInfo
instanceKlass  @bci java/util/regex/CharPredicates ASCII_SPACE ()Ljava/util/regex/Pattern$BmpCharPredicate; 0 <appendix> argL0 ; # java/util/regex/CharPredicates$$Lambda+0x800000027
instanceKlass javax/script/Bindings
instanceKlass jdk/internal/jimage/ImageLocation
instanceKlass jdk/internal/jimage/decompressor/Decompressor
instanceKlass jdk/internal/jimage/ImageStringsReader
instanceKlass jdk/internal/jimage/ImageStrings
instanceKlass jdk/internal/jimage/ImageHeader
instanceKlass jdk/internal/jimage/NativeImageBuffer$1
instanceKlass jdk/internal/jimage/NativeImageBuffer
instanceKlass java/security/AccessControlContext
instanceKlass java/security/AccessController
instanceKlass jdk/internal/jimage/BasicImageReader$1
instanceKlass java/security/PrivilegedAction
instanceKlass jdk/internal/jimage/BasicImageReader
instanceKlass jdk/internal/jimage/ImageReader
instanceKlass jdk/internal/jimage/ImageReaderFactory$1
instanceKlass java/nio/file/Paths
instanceKlass jdk/internal/jimage/ImageReaderFactory
instanceKlass jdk/internal/module/SystemModuleFinders$SystemImage
instanceKlass jdk/internal/module/SystemModuleFinders$SystemModuleReader
instanceKlass javafx/fxml/FXMLLoader$Element
instanceKlass javax/xml/stream/XMLStreamReader
instanceKlass javax/xml/stream/XMLStreamConstants
instanceKlass java/io/Reader
instanceKlass com/sun/javafx/fxml/FXMLLoaderHelper$FXMLLoaderAccessor
instanceKlass javafx/util/BuilderFactory
instanceKlass javafx/fxml/FXMLLoader
instanceKlass  @bci com/sun/javafx/collections/VetoableListDecorator <init> (Ljavafx/collections/ObservableList;)V 14 <appendix> member <vmtarget> ; # com/sun/javafx/collections/VetoableListDecorator$$Lambda+0x0000022a4603fad0
instanceKlass  @bci com/sun/javafx/collections/TrackableObservableList <init> ()V 13 <appendix> member <vmtarget> ; # com/sun/javafx/collections/TrackableObservableList$$Lambda+0x0000022a4603f898
instanceKlass com/sun/javafx/collections/VetoableListDecorator$ModCountAccessor
instanceKlass com/sun/javafx/collections/VetoableListDecorator
instanceKlass com/sun/javafx/event/EventDispatchChainImpl
instanceKlass javafx/event/EventDispatchChain
instanceKlass com/sun/javafx/event/BasicEventDispatcher
instanceKlass javafx/event/EventDispatcher
instanceKlass java/util/EventObject
instanceKlass javafx/beans/binding/NumberBinding
instanceKlass javafx/stage/Window$TKBoundsConfigurator
instanceKlass com/sun/javafx/tk/TKPulseListener
instanceKlass javafx/stage/Stage$2
instanceKlass javafx/stage/Stage$1
instanceKlass com/sun/javafx/stage/WindowHelper
instanceKlass javafx/stage/Window$1
instanceKlass com/sun/javafx/stage/WindowPeerListener
instanceKlass com/sun/javafx/tk/TKStageListener
instanceKlass javafx/beans/binding/StringExpression
instanceKlass javafx/beans/value/ObservableStringValue
instanceKlass javafx/beans/value/WritableStringValue
instanceKlass com/sun/javafx/stage/StagePeerListener$StageAccessor
instanceKlass com/sun/javafx/stage/StageHelper$StageAccessor
instanceKlass javafx/scene/Node
instanceKlass javafx/css/Styleable
instanceKlass com/sun/javafx/stage/WindowHelper$WindowAccessor
instanceKlass javafx/beans/value/WritableDoubleValue
instanceKlass javafx/beans/value/WritableNumberValue
instanceKlass  @bci com/sun/javafx/application/LauncherImpl launchApplication1 (Ljava/lang/Class;Ljava/lang/Class;[Ljava/lang/String;)V 415 <appendix> member <vmtarget> ; # com/sun/javafx/application/LauncherImpl$$Lambda+0x0000022a4602b368
instanceKlass  @bci com/sun/javafx/application/PlatformImpl setApplicationName (Ljava/lang/Class;)V 1 <appendix> member <vmtarget> ; # com/sun/javafx/application/PlatformImpl$$Lambda+0x0000022a4602b130
instanceKlass  @bci com/sun/javafx/application/LauncherImpl launchApplication1 (Ljava/lang/Class;Ljava/lang/Class;[Ljava/lang/String;)V 303 <appendix> member <vmtarget> ; # com/sun/javafx/application/LauncherImpl$$Lambda+0x0000022a4602aef8
instanceKlass com/sun/javafx/application/LauncherImpl$1
instanceKlass  @bci com/sun/javafx/tk/quantum/WindowStage setScene (Lcom/sun/javafx/tk/TKScene;)V 40 <appendix> form vmentry <vmtarget> ; # java/lang/invoke/LambdaForm$DMH+0x0000022a4602d400
instanceKlass  @bci com/sun/javafx/application/LauncherImpl launchApplication (Ljava/lang/Class;Ljava/lang/Class;[Ljava/lang/String;)V 109 <appendix> member <vmtarget> ; # com/sun/javafx/application/LauncherImpl$$Lambda+0x0000022a4602aa70
instanceKlass java/lang/StackTraceElement$HashedModules
# instanceKlass java/lang/invoke/LambdaForm$MH+0x0000022a4602d000
# instanceKlass java/lang/invoke/LambdaForm$MH+0x0000022a4602cc00
# instanceKlass java/lang/invoke/LambdaForm$MH+0x0000022a4602c800
instanceKlass javafx/stage/Window
instanceKlass javafx/event/EventTarget
instanceKlass com/sun/glass/ui/InvokeLaterDispatcher$Future
instanceKlass java/util/concurrent/LinkedBlockingDeque$Node
instanceKlass  @bci com/sun/javafx/application/PlatformImpl runLater (Ljava/lang/Runnable;Z)V 63 <appendix> member <vmtarget> ; # com/sun/javafx/application/PlatformImpl$$Lambda+0x0000022a46029f70
instanceKlass com/sun/scenario/animation/AbstractPrimaryTimer$MainLoop
instanceKlass com/sun/scenario/DelayedRunnable
instanceKlass  @bci com/sun/javafx/application/PlatformImpl runAndWait (Ljava/lang/Runnable;Z)V 43 <appendix> member <vmtarget> ; # com/sun/javafx/application/PlatformImpl$$Lambda+0x0000022a46029ae8
instanceKlass com/sun/scenario/animation/shared/TimerReceiver
instanceKlass com/sun/scenario/animation/shared/PulseReceiver
instanceKlass  @bci com/sun/javafx/application/LauncherImpl launchApplicationWithArgs (Lcom/sun/javafx/application/ModuleAccess;Ljava/lang/String;Ljava/lang/String;[Ljava/lang/String;)V 55 <appendix> form vmentry <vmtarget> ; # java/lang/invoke/LambdaForm$DMH+0x0000022a4602c400
instanceKlass com/sun/javafx/animation/TickCalculation
instanceKlass  @bci com/sun/scenario/animation/AbstractPrimaryTimer <clinit> ()V 16 <appendix> argL0 ; # com/sun/scenario/animation/AbstractPrimaryTimer$$Lambda+0x0000022a46029290
instanceKlass  @bci com/sun/javafx/application/LauncherImpl launchApplicationWithArgs (Lcom/sun/javafx/application/ModuleAccess;Ljava/lang/String;Ljava/lang/String;[Ljava/lang/String;)V 55 <appendix> member <vmtarget> ; # com/sun/javafx/application/LauncherImpl$$Lambda+0x0000022a46029058
instanceKlass  @cpi com/sun/javafx/application/LauncherImpl 831 form vmentry <vmtarget> ; # java/lang/invoke/LambdaForm$DMH+0x0000022a4602c000
instanceKlass com/sun/scenario/Settings
instanceKlass java/util/AbstractList$Itr
instanceKlass javafx/collections/ListChangeBuilder$SubChange
instanceKlass javafx/collections/ListChangeBuilder
instanceKlass javafx/geometry/Rectangle2D
instanceKlass  @bci javafx/stage/Screen <clinit> ()V 29 <appendix> argL0 ; # javafx/stage/Screen$$Lambda+0x0000022a46028000
instanceKlass  @cpi javafx/stage/Screen 270 form vmentry <vmtarget> ; # java/lang/invoke/LambdaForm$DMH+0x0000022a4601cc00
instanceKlass com/sun/javafx/tk/TKScreenConfigurationListener
instanceKlass javafx/collections/WeakListChangeListener
instanceKlass  @bci javafx/collections/FXCollections$UnmodifiableObservableListImpl <init> (Ljavafx/collections/ObservableList;)V 11 <appendix> member <vmtarget> ; # javafx/collections/FXCollections$UnmodifiableObservableListImpl$$Lambda+0x0000022a46027290
instanceKlass javafx/collections/ListChangeListener
instanceKlass javafx/collections/ListChangeListener$Change
instanceKlass javafx/util/Callback
instanceKlass com/sun/javafx/collections/SortableList
instanceKlass javafx/collections/FXCollections$EmptyObservableSet$1
instanceKlass javafx/collections/FXCollections$EmptyObservableList$1
instanceKlass javafx/collections/ObservableFloatArray
instanceKlass javafx/collections/ObservableIntegerArray
instanceKlass javafx/collections/ObservableArray
instanceKlass javafx/collections/ObservableSet
instanceKlass javafx/collections/ObservableList
instanceKlass javafx/collections/FXCollections
instanceKlass javafx/stage/Screen
instanceKlass java/util/concurrent/CopyOnWriteArrayList$COWIterator
instanceKlass  @bci com/sun/javafx/application/preferences/PlatformPreferences fireValueChangedEvent (Ljava/util/Map;)V 5 <appendix> member <vmtarget> ; # com/sun/javafx/application/preferences/PlatformPreferences$$Lambda+0x0000022a46023f38
instanceKlass  @bci com/sun/javafx/application/preferences/PlatformPreferences update (Ljava/util/Map;)V 36 <appendix> argL0 ; # com/sun/javafx/application/preferences/PlatformPreferences$$Lambda+0x0000022a46023cd8
instanceKlass javafx/beans/property/BooleanPropertyBase$Listener
instanceKlass com/sun/javafx/binding/BindingHelperObserver
instanceKlass javafx/beans/WeakListener
instanceKlass com/sun/javafx/binding/ExpressionHelperBase
instanceKlass  @bci com/sun/javafx/application/preferences/PreferenceProperties$ColorSchemeProperty <init> (Lcom/sun/javafx/application/preferences/PreferenceProperties;)V 16 <appendix> member <vmtarget> ; # com/sun/javafx/application/preferences/PreferenceProperties$ColorSchemeProperty$$Lambda+0x0000022a46021720
instanceKlass com/sun/javafx/application/preferences/PreferenceProperties
instanceKlass javafx/collections/MapChangeListener$Change
instanceKlass javafx/application/Platform$Preferences
instanceKlass javafx/collections/ObservableMap
instanceKlass  @bci com/sun/glass/ui/win/WinApplication getPlatformKeyMappings ()Ljava/util/Map; 120 <appendix> argL0 ; # com/sun/glass/ui/win/WinApplication$$Lambda+0x0000022a4601fad8
instanceKlass  @bci com/sun/glass/ui/win/WinApplication getPlatformKeyMappings ()Ljava/util/Map; 100 <appendix> argL0 ; # com/sun/glass/ui/win/WinApplication$$Lambda+0x0000022a4601f888
instanceKlass  @bci com/sun/glass/ui/win/WinApplication getPlatformKeyMappings ()Ljava/util/Map; 80 <appendix> argL0 ; # com/sun/glass/ui/win/WinApplication$$Lambda+0x0000022a4601f638
instanceKlass  @bci com/sun/glass/ui/win/WinApplication getPlatformKeyMappings ()Ljava/util/Map; 60 <appendix> argL0 ; # com/sun/glass/ui/win/WinApplication$$Lambda+0x0000022a4601f3e8
instanceKlass  @bci com/sun/javafx/application/preferences/PreferenceMapping <init> (Ljava/lang/String;Ljava/lang/Class;)V 3 <appendix> argL0 ; # com/sun/javafx/application/preferences/PreferenceMapping$$Lambda+0x0000022a4601f198
instanceKlass  @bci com/sun/javafx/tk/quantum/QuantumToolkit runToolkit ()V 55 <appendix> member <vmtarget> ; # com/sun/javafx/tk/quantum/QuantumToolkit$$Lambda+0x0000022a4601ed40
instanceKlass  @bci com/sun/javafx/tk/quantum/QuantumToolkit runToolkit ()V 45 <appendix> member <vmtarget> ; # com/sun/javafx/tk/quantum/QuantumToolkit$$Lambda+0x0000022a4601eb08
instanceKlass com/sun/prism/impl/ps/BaseShaderContext$State
instanceKlass com/sun/javafx/geom/Vec3d
instanceKlass com/sun/prism/impl/VertexBuffer
instanceKlass com/sun/javafx/geom/BaseBounds
instanceKlass com/sun/javafx/geom/transform/GeneralTransform3D
instanceKlass com/sun/javafx/geom/transform/BaseTransform
instanceKlass com/sun/javafx/geom/transform/CanTransformVec3d
instanceKlass com/sun/prism/MaskTextureGraphics
instanceKlass com/sun/prism/ReadbackGraphics
instanceKlass com/sun/prism/ps/ShaderGraphics
instanceKlass com/sun/prism/impl/BaseGraphics
instanceKlass com/sun/prism/RectShadowGraphics
instanceKlass com/sun/prism/Graphics
instanceKlass com/sun/prism/impl/BaseContext
instanceKlass com/sun/prism/ps/Shader
instanceKlass com/sun/prism/MeshView
instanceKlass com/sun/prism/PhongMaterial
instanceKlass com/sun/prism/Material
instanceKlass com/sun/prism/Presentable
instanceKlass com/sun/prism/RTTexture
instanceKlass com/sun/prism/RenderTarget
instanceKlass com/sun/prism/Surface
instanceKlass com/sun/prism/Texture
instanceKlass com/sun/prism/impl/TextureResourcePool
instanceKlass com/sun/prism/impl/ResourcePool
instanceKlass com/sun/prism/Mesh
instanceKlass com/sun/prism/shape/ShapeRep
instanceKlass java/util/concurrent/Executors$RunnableAdapter
instanceKlass java/util/concurrent/FutureTask$WaitNode
instanceKlass  @bci com/sun/javafx/tk/quantum/QuantumRenderer createResourceFactory ()V 16 <appendix> argL0 ; # com/sun/javafx/tk/quantum/QuantumRenderer$$Lambda+0x0000022a46019330
instanceKlass  @bci com/sun/javafx/tk/quantum/QuantumRenderer createResourceFactory ()V 10 <appendix> member <vmtarget> ; # com/sun/javafx/tk/quantum/QuantumRenderer$$Lambda+0x0000022a460190f8
instanceKlass java/util/concurrent/FutureTask
instanceKlass java/util/Arrays$ArrayItr
instanceKlass javafx/scene/paint/Paint$1
instanceKlass com/sun/javafx/tk/Toolkit$PaintAccessor
instanceKlass  @bci com/sun/glass/ui/win/WinApplication runLoop (Ljava/lang/Runnable;)V 53 <adapter> ; # java/lang/invoke/LambdaForm$MH+0x0000022a4601c800
instanceKlass  @bci com/sun/glass/ui/win/WinApplication runLoop (Ljava/lang/Runnable;)V 53 <appendix> form vmentry <vmtarget> ; # java/lang/invoke/LambdaForm$DMH+0x0000022a4601c400
instanceKlass  @bci com/sun/glass/ui/win/WinApplication runLoop (Ljava/lang/Runnable;)V 53 <appendix> member <vmtarget> ; # com/sun/glass/ui/win/WinApplication$$Lambda+0x0000022a46018238
instanceKlass  @cpi com/sun/glass/ui/win/WinApplication 546 form vmentry <vmtarget> ; # java/lang/invoke/LambdaForm$DMH+0x0000022a4601c000
instanceKlass  @bci com/sun/glass/ui/Application run (Ljava/lang/Runnable;)V 29 <appendix> member <vmtarget> ; # com/sun/glass/ui/Application$$Lambda+0x0000022a46018000
instanceKlass java/util/concurrent/BlockingDeque
instanceKlass java/lang/ProcessEnvironment$CheckedEntry
instanceKlass java/lang/ProcessEnvironment$CheckedEntrySet$1
instanceKlass java/lang/ProcessEnvironment$EntryComparator
instanceKlass java/lang/ProcessEnvironment$NameComparator
instanceKlass com/sun/glass/ui/Accessible
instanceKlass com/sun/glass/ui/Pixels
instanceKlass com/sun/glass/ui/Cursor
instanceKlass com/sun/glass/ui/Window
instanceKlass com/sun/glass/ui/View
instanceKlass com/sun/glass/ui/GlassRobot
instanceKlass com/sun/glass/ui/Timer
instanceKlass com/sun/glass/ui/delegate/ClipboardDelegate
instanceKlass com/sun/glass/ui/delegate/MenuItemDelegate
instanceKlass com/sun/glass/ui/delegate/MenuBarDelegate
instanceKlass com/sun/glass/ui/delegate/MenuDelegate
instanceKlass com/sun/glass/ui/InvokeLaterDispatcher$InvokeLaterSubmitter
instanceKlass com/sun/glass/ui/Platform
instanceKlass com/sun/glass/ui/PlatformFactory
instanceKlass  @bci com/sun/javafx/tk/quantum/QuantumToolkit startup (Ljava/lang/Runnable;)V 16 <appendix> member <vmtarget> ; # com/sun/javafx/tk/quantum/QuantumToolkit$$Lambda+0x0000022a46016718
instanceKlass  @bci com/sun/javafx/application/PlatformImpl startup (Ljava/lang/Runnable;Z)V 448 <appendix> member <vmtarget> ; # com/sun/javafx/application/PlatformImpl$$Lambda+0x0000022a460164e0
instanceKlass java/lang/Shutdown$Lock
instanceKlass java/lang/Shutdown
instanceKlass java/lang/ApplicationShutdownHooks$1
instanceKlass java/lang/ApplicationShutdownHooks
instanceKlass  @bci com/sun/javafx/tk/quantum/PaintCollector <clinit> ()V 16 <appendix> argL0 ; # com/sun/javafx/tk/quantum/PaintCollector$$Lambda+0x0000022a46016238
instanceKlass  @cpi com/sun/prism/impl/ps/CachingShapeRepState$MaskCache 279 form vmentry <vmtarget> ; # java/lang/invoke/LambdaForm$DMH+0x0000022a46014800
instanceKlass com/sun/javafx/tk/quantum/GlassScene
instanceKlass com/sun/javafx/tk/TKScene
instanceKlass java/util/concurrent/ForkJoinPool$DefaultForkJoinWorkerThreadFactory
instanceKlass java/util/concurrent/ForkJoinPool$1
instanceKlass jdk/internal/access/JavaUtilConcurrentFJPAccess
instanceKlass com/sun/javafx/tk/quantum/PaintCollector
instanceKlass java/util/concurrent/ForkJoinTask
instanceKlass com/sun/javafx/tk/CompletionListener
instanceKlass java/util/concurrent/ForkJoinPool$WorkQueue
instanceKlass java/util/concurrent/ForkJoinPool$ForkJoinWorkerThreadFactory
instanceKlass java/util/concurrent/ForkJoinPool$ManagedBlocker
instanceKlass  @bci com/sun/glass/ui/Application <clinit> ()V 4 <appendix> argL0 ; # com/sun/glass/ui/Application$$Lambda+0x0000022a46013bd0
instanceKlass com/sun/glass/ui/Application
instanceKlass com/sun/glass/ui/View$Capability
instanceKlass com/sun/glass/ui/Screen
instanceKlass com/sun/prism/impl/BaseResourceFactory
instanceKlass com/sun/prism/ps/ShaderFactory
instanceKlass com/sun/prism/ResourceFactory
instanceKlass com/sun/prism/GraphicsResource
instanceKlass com/sun/javafx/font/FontFactory
instanceKlass com/sun/prism/GraphicsPipeline
instanceKlass java/util/concurrent/locks/AbstractQueuedSynchronizer$Node
instanceKlass  @bci com/sun/javafx/tk/quantum/QuantumRenderer$QuantumThreadFactory newThread (Ljava/lang/Runnable;)Ljava/lang/Thread; 44 <appendix> argL0 ; # com/sun/javafx/tk/quantum/QuantumRenderer$QuantumThreadFactory$$Lambda+0x0000022a46011cb0
instanceKlass  @cpi view/EksporLaporanView 923 form vmentry <vmtarget> ; # java/lang/invoke/LambdaForm$DMH+0x0000022a46014400
instanceKlass  @bci view/DataProduksiViewController setupHeaderUser ()V 54 <appendix> form vmentry <vmtarget> ; # java/lang/invoke/LambdaForm$MH+0x0000022a46014000
instanceKlass java/lang/Thread$ThreadNumbering
instanceKlass com/sun/javafx/tk/quantum/QuantumRenderer$PipelineRunnable
instanceKlass com/sun/javafx/tk/quantum/QuantumRenderer$QuantumThreadFactory
instanceKlass jdk/internal/vm/ThreadContainers
instanceKlass jdk/internal/vm/StackableScope
instanceKlass java/util/concurrent/Executors$DefaultThreadFactory
instanceKlass java/util/concurrent/Executors
instanceKlass java/util/concurrent/LinkedBlockingQueue$Node
instanceKlass java/util/concurrent/locks/AbstractQueuedSynchronizer$ConditionObject
instanceKlass java/util/concurrent/locks/Condition
instanceKlass java/util/concurrent/atomic/AtomicReference
instanceKlass java/util/concurrent/ThreadPoolExecutor$AbortPolicy
instanceKlass java/util/concurrent/RejectedExecutionHandler
instanceKlass java/util/concurrent/RunnableFuture
instanceKlass java/util/concurrent/Future
instanceKlass java/util/concurrent/BlockingQueue
instanceKlass java/util/concurrent/AbstractExecutorService
instanceKlass java/util/concurrent/ExecutorService
instanceKlass java/util/concurrent/Executor
instanceKlass  @bci com/sun/javafx/tk/quantum/GlassSystemMenu <init> ()V 38 <appendix> member <vmtarget> ; # com/sun/javafx/tk/quantum/GlassSystemMenu$$Lambda+0x0000022a460111b0
instanceKlass javafx/scene/input/KeyCombination
instanceKlass com/sun/glass/ui/MenuItem$Callback
instanceKlass com/sun/glass/ui/Menu$EventHandler
instanceKlass com/sun/javafx/menu/MenuItemBase
instanceKlass com/sun/javafx/tk/quantum/GlassSystemMenu
instanceKlass java/util/Collections$SynchronizedMap
instanceKlass com/sun/prism/impl/PrismSettings
instanceKlass com/sun/javafx/tk/quantum/PerformanceTrackerHelper
instanceKlass com/sun/javafx/tk/quantum/QuantumToolkit$PulseTask
instanceKlass com/sun/javafx/geom/PathConsumer2D
instanceKlass com/sun/javafx/geom/Shape
instanceKlass com/sun/prism/BasicStroke
instanceKlass com/sun/javafx/tk/quantum/QuantumToolkit$3
instanceKlass  @bci com/sun/javafx/tk/quantum/QuantumToolkit <clinit> ()V 128 <appendix> argL0 ; # com/sun/javafx/tk/quantum/QuantumToolkit$$Lambda+0x0000022a4600edd0
instanceKlass  @bci com/sun/javafx/tk/quantum/QuantumToolkit <clinit> ()V 109 <appendix> argL0 ; # com/sun/javafx/tk/quantum/QuantumToolkit$$Lambda+0x0000022a4600eba0
instanceKlass  @bci com/sun/javafx/tk/quantum/QuantumToolkit <clinit> ()V 90 <appendix> argL0 ; # com/sun/javafx/tk/quantum/QuantumToolkit$$Lambda+0x0000022a4600e970
instanceKlass  @bci com/sun/javafx/tk/quantum/QuantumToolkit <clinit> ()V 71 <appendix> argL0 ; # com/sun/javafx/tk/quantum/QuantumToolkit$$Lambda+0x0000022a4600e740
instanceKlass  @bci com/sun/javafx/tk/quantum/QuantumToolkit <clinit> ()V 34 <appendix> argL0 ; # com/sun/javafx/tk/quantum/QuantumToolkit$$Lambda+0x0000022a4600e510
instanceKlass com/sun/glass/ui/Application$EventHandler
instanceKlass com/sun/javafx/tk/PlatformImage
instanceKlass com/sun/javafx/tk/TKStage
instanceKlass com/sun/javafx/runtime/async/AbstractAsyncOperation
instanceKlass java/util/concurrent/Callable
instanceKlass com/sun/javafx/runtime/async/AsyncOperation
instanceKlass com/sun/javafx/tk/TKSystemMenu
instanceKlass com/sun/scenario/effect/FilterContext
instanceKlass com/sun/javafx/scene/text/TextLayoutFactory
instanceKlass com/sun/javafx/tk/FontLoader
instanceKlass com/sun/scenario/effect/Filterable
instanceKlass com/sun/scenario/effect/LockableResource
instanceKlass com/sun/scenario/animation/AbstractPrimaryTimer
instanceKlass javafx/scene/shape/PathElement
instanceKlass com/sun/glass/ui/Screen$EventHandler
instanceKlass com/sun/javafx/tk/ImageLoader
instanceKlass com/sun/javafx/tk/ScreenConfigurationAccessor
instanceKlass com/sun/javafx/perf/PerformanceTracker
instanceKlass sun/security/provider/ByteArrayAccess
instanceKlass sun/security/provider/ByteArrayAccess$LE
instanceKlass sun/security/util/MessageDigestSpi2
instanceKlass sun/security/jca/GetInstance$Instance
instanceKlass jdk/internal/event/Event
instanceKlass sun/security/util/SecurityProviderConstants
instanceKlass java/security/Provider$UString
instanceKlass java/security/Provider$Service
instanceKlass sun/security/provider/NativePRNG$NonBlocking
instanceKlass sun/security/provider/NativePRNG$Blocking
instanceKlass sun/security/provider/NativePRNG
instanceKlass sun/security/provider/SunEntries
instanceKlass java/security/Permission
instanceKlass java/security/Guard
instanceKlass sun/security/util/SecurityConstants
instanceKlass java/security/Security$2
instanceKlass jdk/internal/access/JavaSecurityPropertiesAccess
instanceKlass java/util/concurrent/ConcurrentHashMap$MapEntry
instanceKlass sun/nio/ch/IOStatus
instanceKlass sun/nio/ch/Util$BufferCache
instanceKlass sun/nio/ch/Util
instanceKlass sun/nio/ch/NativeThread
instanceKlass java/util/Properties$LineReader
instanceKlass java/nio/channels/NetworkChannel
instanceKlass sun/nio/ch/SelChImpl
instanceKlass sun/nio/ch/Streams
instanceKlass java/nio/channels/Channels
instanceKlass sun/nio/ch/FileChannelImpl$Closer
instanceKlass sun/nio/ch/NativeThreadSet
instanceKlass java/nio/channels/spi/AbstractInterruptibleChannel$1
instanceKlass sun/nio/ch/Interruptible
instanceKlass sun/nio/ch/IOUtil
instanceKlass sun/nio/ch/NativeDispatcher
instanceKlass java/nio/channels/spi/AbstractInterruptibleChannel
instanceKlass java/nio/channels/InterruptibleChannel
instanceKlass java/nio/channels/ScatteringByteChannel
instanceKlass java/nio/channels/GatheringByteChannel
instanceKlass java/nio/channels/SeekableByteChannel
instanceKlass java/nio/channels/ByteChannel
instanceKlass java/nio/channels/WritableByteChannel
instanceKlass java/nio/channels/ReadableByteChannel
instanceKlass java/util/Collections$EmptyIterator
instanceKlass sun/nio/fs/WindowsChannelFactory$Flags
instanceKlass sun/nio/fs/WindowsChannelFactory$1
instanceKlass sun/nio/fs/WindowsChannelFactory
instanceKlass sun/nio/fs/WindowsSecurityDescriptor
instanceKlass java/nio/file/attribute/FileAttribute
instanceKlass sun/nio/fs/WindowsLinkSupport
instanceKlass java/nio/file/FileSystems$DefaultFileSystemHolder
instanceKlass java/security/Security$SecPropLoader
instanceKlass java/security/Security
instanceKlass javax/security/auth/login/Configuration$Parameters
instanceKlass java/security/Policy$Parameters
instanceKlass javax/crypto/KDFParameters
instanceKlass java/security/cert/CertStoreParameters
instanceKlass java/security/SecureRandomParameters
instanceKlass java/security/Provider$EngineDescription
instanceKlass  @bci java/security/Provider <clinit> ()V 28 <appendix> argL0 ; # java/security/Provider$$Lambda+0x0000022a460583f8
instanceKlass  @cpi com/sun/glass/ui/View 561 form vmentry <vmtarget> ; # java/lang/invoke/LambdaForm$DMH+0x0000022a4600d000
instanceKlass java/security/Provider$ServiceKey
instanceKlass sun/security/jca/ProviderConfig
instanceKlass sun/security/jca/ProviderList
instanceKlass sun/security/jca/Providers
instanceKlass sun/security/jca/GetInstance
instanceKlass java/security/MessageDigestSpi
instanceKlass java/util/Formatter$Flags
instanceKlass java/util/Formattable
instanceKlass jdk/internal/misc/Blocker
instanceKlass java/nio/charset/CoderResult
instanceKlass java/lang/Readable
instanceKlass java/util/Formatter$FormatSpecifier
instanceKlass java/util/Formatter$Conversion
instanceKlass java/util/Formatter$FormatString
instanceKlass java/util/Formatter
instanceKlass jdk/internal/reflect/Reflection$1Holder
instanceKlass  @bci com/sun/javafx/font/PrismFontFactory getJDKFontDir ()Ljava/lang/String; 13 <appendix> form vmentry <vmtarget> ; # java/lang/invoke/LambdaForm$MH+0x0000022a4600cc00
instanceKlass  @bci controller/ReportController susunLaporan (Ljava/util/List;Ljava/time/LocalDate;Ljava/time/LocalDate;)Lmodel/LaporanProduksi; 11 <appendix> form vmentry <vmtarget> ; # java/lang/invoke/LambdaForm$MH+0x0000022a4600c400
instanceKlass java/lang/StringConcatHelper$StringConcatBase
instanceKlass java/lang/invoke/StringConcatFactory$InlineHiddenClassStrategy$6
instanceKlass java/lang/invoke/StringConcatFactory$InlineHiddenClassStrategy$3$4
instanceKlass java/lang/invoke/StringConcatFactory$InlineHiddenClassStrategy$4
instanceKlass java/lang/invoke/StringConcatFactory$InlineHiddenClassStrategy$3$1
instanceKlass java/lang/invoke/StringConcatFactory$InlineHiddenClassStrategy$7
instanceKlass java/lang/invoke/StringConcatFactory$InlineHiddenClassStrategy$3$2
instanceKlass java/lang/invoke/StringConcatFactory$InlineHiddenClassStrategy$5
instanceKlass java/lang/invoke/StringConcatFactory$InlineHiddenClassStrategy$3$3
instanceKlass java/lang/invoke/StringConcatFactory$InlineHiddenClassStrategy$3
instanceKlass java/lang/invoke/StringConcatFactory$InlineHiddenClassStrategy$2
instanceKlass java/lang/invoke/StringConcatFactory$InlineHiddenClassStrategy$1
instanceKlass java/lang/invoke/StringConcatFactory$InlineHiddenClassStrategy
instanceKlass java/lang/invoke/StringConcatFactory
instanceKlass jdk/internal/module/Resources
instanceKlass java/lang/StackStreamFactory$FrameBuffer
instanceKlass java/lang/StackStreamFactory
instanceKlass com/sun/glass/utils/NativeLibLoader
instanceKlass jdk/internal/math/FloatingDecimal$ASCIIToBinaryBuffer
instanceKlass jdk/internal/math/FloatingDecimal$PreparedASCIIToBinaryBuffer
instanceKlass jdk/internal/math/FloatingDecimal$ASCIIToBinaryConverter
instanceKlass jdk/internal/math/FloatingDecimal$BinaryToASCIIBuffer
instanceKlass jdk/internal/math/FloatingDecimal$ExceptionalBinaryToASCIIBuffer
instanceKlass jdk/internal/math/FloatingDecimal$BinaryToASCIIConverter
instanceKlass jdk/internal/math/FloatingDecimal
instanceKlass com/sun/javafx/PlatformUtil
instanceKlass com/sun/javafx/runtime/VersionInfo
instanceKlass  @bci java/util/regex/Pattern DOT ()Ljava/util/regex/Pattern$CharPredicate; 0 <appendix> argL0 ; # java/util/regex/Pattern$$Lambda+0x0000022a46051708
instanceKlass  @bci java/util/regex/Pattern Single (I)Ljava/util/regex/Pattern$BmpCharPredicate; 1 <appendix> member <vmtarget> ; # java/util/regex/Pattern$$Lambda+0x80000002b
instanceKlass  @bci java/util/regex/Pattern union (Ljava/util/regex/Pattern$CharPredicate;Ljava/util/regex/Pattern$CharPredicate;Z)Ljava/util/regex/Pattern$CharPredicate; 6 <appendix> member <vmtarget> ; # java/util/regex/Pattern$$Lambda+0x800000034
instanceKlass java/util/regex/Pattern$BitClass
instanceKlass  @bci java/util/regex/CharPredicates ctype (I)Ljava/util/regex/Pattern$CharPredicate; 1 <appendix> member <vmtarget> ; # java/util/regex/CharPredicates$$Lambda+0x0000022a46051260
instanceKlass java/util/regex/Pattern$BmpCharPredicate
instanceKlass java/util/regex/Pattern$CharPredicate
instanceKlass java/util/regex/CharPredicates
instanceKlass java/util/regex/Pattern$Node
instanceKlass java/util/regex/Pattern
instanceKlass javafx/scene/image/Image$1
instanceKlass javafx/scene/image/PixelReader
instanceKlass javafx/beans/binding/NumberExpressionBase
instanceKlass javafx/beans/binding/NumberExpression
instanceKlass javafx/beans/value/ObservableDoubleValue
instanceKlass javafx/beans/value/ObservableNumberValue
instanceKlass com/sun/javafx/tk/Toolkit$ImageAccessor
instanceKlass javafx/geometry/Bounds
instanceKlass com/sun/javafx/util/Utils
instanceKlass javafx/scene/image/Image
instanceKlass javafx/scene/paint/Paint
instanceKlass javafx/animation/Interpolatable
instanceKlass com/sun/javafx/tk/TKClipboard
instanceKlass com/sun/javafx/tk/Toolkit
instanceKlass com/sun/javafx/application/PlatformImpl$1
instanceKlass javafx/beans/InvalidationListener
instanceKlass javafx/beans/value/WritableObjectValue
instanceKlass javafx/beans/binding/ObjectExpression
instanceKlass javafx/beans/value/ObservableObjectValue
instanceKlass javafx/beans/binding/Binding
instanceKlass com/sun/javafx/tk/TKListener
instanceKlass javafx/beans/binding/BooleanExpression
instanceKlass javafx/beans/value/ObservableBooleanValue
instanceKlass javafx/beans/value/WritableBooleanValue
instanceKlass javafx/beans/property/Property
instanceKlass javafx/beans/value/WritableValue
instanceKlass javafx/beans/property/ReadOnlyProperty
instanceKlass javafx/beans/value/ObservableValue
instanceKlass javafx/beans/Observable
instanceKlass com/sun/javafx/application/PlatformImpl
instanceKlass  @bci com/sun/javafx/application/LauncherImpl startToolkit ()V 21 <appendix> member <vmtarget> ; # com/sun/javafx/application/LauncherImpl$$Lambda+0x0000022a46001888
instanceKlass  @cpi com/sun/javafx/scene/control/behavior/TextInputControlBehavior 1094 form vmentry <vmtarget> ; # java/lang/invoke/LambdaForm$DMH+0x0000022a46004800
instanceKlass java/util/concurrent/CountDownLatch
instanceKlass  @bci jdk/internal/reflect/DirectMethodHandleAccessor invokeImpl (Ljava/lang/Object;[Ljava/lang/Object;)Ljava/lang/Object; 92 <adapter> ; # java/lang/invoke/LambdaForm$MH+0x0000022a46004400
# instanceKlass java/lang/invoke/LambdaForm$MH+0x0000022a46004000
# instanceKlass java/lang/invoke/LambdaForm$MH+0x0000022a46003c00
instanceKlass java/util/TreeMap$PrivateEntryIterator
instanceKlass java/util/TreeMap$Entry
instanceKlass java/lang/invoke/LambdaFormEditor$1
instanceKlass java/util/NavigableMap
instanceKlass java/util/SortedMap
# instanceKlass java/lang/invoke/LambdaForm$MH+0x0000022a46003800
# instanceKlass java/lang/invoke/LambdaForm$MH+0x0000022a46003400
instanceKlass  @cpi view/EksporLaporanView 886 form vmentry <vmtarget> ; # java/lang/invoke/LambdaForm$DMH+0x0000022a46003000
instanceKlass  @cpi org/postgresql/Driver 610 form vmentry <vmtarget> ; # java/lang/invoke/LambdaForm$DMH+0x0000022a46002c00
instanceKlass jdk/internal/invoke/MhUtil
instanceKlass java/util/concurrent/atomic/AtomicBoolean
instanceKlass java/lang/annotation/Target
# instanceKlass java/lang/invoke/LambdaForm$MH+0x0000022a46002800
instanceKlass  @bci service/FileGeneratorService generate (Lmodel/LaporanProduksi;Ljava/lang/String;)Ljava/nio/file/Path; 3 <appendix> form vmentry <vmtarget> ; # java/lang/invoke/LambdaForm$MH+0x0000022a46002400
instanceKlass java/util/TimSort
instanceKlass java/util/Arrays$LegacyMergeSort
instanceKlass jdk/internal/classfile/impl/StackMapDecoder$1
instanceKlass jdk/internal/classfile/impl/StackMapDecoder
instanceKlass jdk/internal/classfile/impl/StackCounter
instanceKlass  @bci java/lang/reflect/ProxyGenerator lambda$generateLookupAccessor$0 (Ljava/lang/classfile/MethodBuilder;)V 30 <appendix> member <vmtarget> ; # java/lang/reflect/ProxyGenerator$$Lambda+0x0000022a4604dd88
instanceKlass  @bci java/lang/reflect/ProxyGenerator generateLookupAccessor (Ljava/lang/classfile/ClassBuilder;)V 10 <appendix> member <vmtarget> ; # java/lang/reflect/ProxyGenerator$$Lambda+0x0000022a4604db40
instanceKlass java/lang/classfile/constantpool/StringEntry
instanceKlass java/lang/classfile/constantpool/ConstantValueEntry
instanceKlass  @bci java/lang/reflect/ProxyGenerator generateStaticInitializer (Ljava/lang/classfile/ClassBuilder;)V 10 <appendix> member <vmtarget> ; # java/lang/reflect/ProxyGenerator$$Lambda+0x0000022a4604d5a0
instanceKlass jdk/internal/classfile/impl/BytecodeHelpers$1
instanceKlass java/lang/classfile/attribute/StackMapTableAttribute
instanceKlass java/lang/classfile/attribute/StackMapFrameInfo
instanceKlass  @bci java/lang/reflect/ProxyGenerator$ProxyMethod lambda$generateMethod$0 (Ljava/lang/classfile/MethodBuilder;)V 30 <appendix> member <vmtarget> ; # java/lang/reflect/ProxyGenerator$ProxyMethod$$Lambda+0x0000022a4604c9f0
instanceKlass java/lang/classfile/attribute/ExceptionsAttribute
instanceKlass  @bci java/lang/reflect/ProxyGenerator$ProxyMethod generateMethod (Ljava/lang/classfile/ClassBuilder;)V 42 <appendix> member <vmtarget> ; # java/lang/reflect/ProxyGenerator$ProxyMethod$$Lambda+0x0000022a4604c7a8
instanceKlass  @bci java/lang/reflect/ProxyGenerator generateConstructor (Ljava/lang/classfile/ClassBuilder;)V 8 <appendix> member <vmtarget> ; # java/lang/reflect/ProxyGenerator$$Lambda+0x0000022a4604c560
instanceKlass  @bci java/lang/reflect/ProxyGenerator generateClassFile ()[B 197 <appendix> member <vmtarget> ; # java/lang/reflect/ProxyGenerator$$Lambda+0x0000022a4604c318
instanceKlass  @cpi javafx/concurrent/Task$TaskCallable 95 form vmentry <vmtarget> ; # java/lang/invoke/LambdaForm$DMH+0x0000022a46002000
instanceKlass  @bci java/lang/reflect/ProxyGenerator proxyMethodsFor (Ljava/lang/String;)Ljava/util/List; 5 <appendix> argL0 ; # java/lang/reflect/ProxyGenerator$$Lambda+0x0000022a4604c0c8
instanceKlass java/lang/reflect/ProxyGenerator$ProxyMethod
instanceKlass java/lang/classfile/constantpool/InterfaceMethodRefEntry
instanceKlass java/lang/classfile/attribute/StackMapFrameInfo$ObjectVerificationTypeInfo
instanceKlass java/lang/classfile/attribute/StackMapFrameInfo$VerificationTypeInfo
instanceKlass java/util/StringJoiner
instanceKlass java/lang/classfile/ClassFile$Option
instanceKlass java/lang/reflect/ProxyGenerator
instanceKlass  @bci java/lang/WeakPairMap computeIfAbsent (Ljava/lang/Object;Ljava/lang/Object;Ljava/util/function/BiFunction;)Ljava/lang/Object; 18 <appendix> member <vmtarget> ; # java/lang/WeakPairMap$$Lambda+0x0000022a4604af40
instanceKlass  @bci java/lang/Module implAddExportsOrOpens (Ljava/lang/String;Ljava/lang/Module;ZZ)V 145 <appendix> argL0 ; # java/lang/Module$$Lambda+0x0000022a4604ad00
instanceKlass  @bci java/lang/module/ModuleDescriptor$Builder packages (Ljava/util/Set;)Ljava/lang/module/ModuleDescriptor$Builder; 17 <appendix> argL0 ; # java/lang/module/ModuleDescriptor$Builder$$Lambda+0x80000000f
instanceKlass java/lang/WeakPairMap$Pair$Lookup
instanceKlass java/lang/WeakPairMap$Pair
instanceKlass java/lang/WeakPairMap
instanceKlass java/lang/Module$ReflectionData
instanceKlass  @bci java/lang/reflect/Proxy$ProxyBuilder getDynamicModule (Ljava/lang/ClassLoader;)Ljava/lang/Module; 4 <appendix> argL0 ; # java/lang/reflect/Proxy$ProxyBuilder$$Lambda+0x0000022a4604a5b8
instanceKlass java/util/LinkedHashMap$LinkedHashIterator
instanceKlass java/lang/PublicMethods
instanceKlass java/util/Collections$1
instanceKlass java/lang/reflect/Proxy$ProxyBuilder
instanceKlass  @bci java/lang/reflect/Proxy getProxyConstructor (Ljava/lang/ClassLoader;[Ljava/lang/Class;)Ljava/lang/reflect/Constructor; 18 <appendix> argL0 ; # java/lang/reflect/Proxy$$Lambda+0x0000022a46049288
instanceKlass java/lang/ClassValue$Version
instanceKlass java/lang/ClassValue$Identity
instanceKlass java/lang/ClassValue
instanceKlass java/lang/reflect/Proxy
instanceKlass sun/reflect/annotation/AnnotationInvocationHandler
instanceKlass java/lang/reflect/InvocationHandler
instanceKlass java/lang/annotation/Documented
instanceKlass java/lang/annotation/Inherited
instanceKlass java/lang/annotation/Retention
instanceKlass sun/reflect/annotation/ExceptionProxy
instanceKlass sun/reflect/annotation/AnnotationType
instanceKlass java/lang/reflect/GenericArrayType
instanceKlass java/lang/Deprecated
instanceKlass sun/reflect/generics/visitor/Reifier
instanceKlass sun/reflect/generics/visitor/TypeTreeVisitor
instanceKlass sun/reflect/generics/factory/CoreReflectionFactory
instanceKlass sun/reflect/generics/factory/GenericsFactory
instanceKlass sun/reflect/generics/scope/AbstractScope
instanceKlass sun/reflect/generics/scope/Scope
instanceKlass sun/reflect/generics/tree/ClassTypeSignature
instanceKlass sun/reflect/generics/tree/SimpleClassTypeSignature
instanceKlass sun/reflect/generics/tree/FieldTypeSignature
instanceKlass sun/reflect/generics/tree/BaseType
instanceKlass sun/reflect/generics/tree/TypeSignature
instanceKlass sun/reflect/generics/tree/ReturnType
instanceKlass sun/reflect/generics/tree/TypeArgument
instanceKlass sun/reflect/generics/tree/TypeTree
instanceKlass sun/reflect/generics/tree/Tree
instanceKlass sun/reflect/generics/parser/SignatureParser
instanceKlass java/lang/SecurityManager
instanceKlass java/util/ResourceBundle
instanceKlass java/lang/System$Logger
instanceKlass java/nio/channels/Channel
instanceKlass java/io/Console
instanceKlass com/sun/javafx/SecurityUtil
instanceKlass jdk/internal/misc/PreviewFeatures
instanceKlass jdk/internal/misc/MethodFinder
instanceKlass com/sun/javafx/application/ModuleAccess
instanceKlass javafx/application/Preloader$PreloaderNotification
instanceKlass javafx/application/Application$Parameters
instanceKlass com/sun/javafx/application/PlatformImpl$FinishListener
instanceKlass com/sun/javafx/application/LauncherImpl
instanceKlass sun/launcher/LauncherHelper$FXHelper
instanceKlass javafx/application/Application
instanceKlass jdk/internal/module/ModulePatcher$PatchedModuleReader
instanceKlass java/util/concurrent/locks/ReentrantReadWriteLock$WriteLock
instanceKlass java/util/concurrent/locks/ReentrantReadWriteLock$ReadLock
instanceKlass java/util/concurrent/locks/ReentrantReadWriteLock
instanceKlass java/util/concurrent/locks/ReadWriteLock
instanceKlass jdk/internal/module/ModuleReferences$SafeCloseModuleReader
instanceKlass java/lang/module/ModuleReader
instanceKlass jdk/internal/loader/BuiltinClassLoader$2
instanceKlass java/security/SecureClassLoader$DebugHolder
instanceKlass java/security/PermissionCollection
instanceKlass java/security/SecureClassLoader$1
instanceKlass java/io/FileInputStream$1
instanceKlass sun/nio/ByteBuffered
instanceKlass java/lang/Package$VersionInfo
instanceKlass java/lang/NamedPackage
instanceKlass jdk/internal/loader/Resource
instanceKlass jdk/internal/loader/URLClassPath$Loader
instanceKlass sun/net/util/URLUtil
instanceKlass sun/nio/cs/ArrayDecoder
instanceKlass java/nio/charset/CharsetDecoder
instanceKlass sun/launcher/LauncherHelper
instanceKlass sun/usagetracker/UsageTrackerClient
instanceKlass jdk/internal/util/EnvUtils
instanceKlass jdk/internal/vm/PostVMInitHook
instanceKlass jdk/internal/vm/ContinuationSupport
instanceKlass jdk/internal/module/ModuleBootstrap$SafeModuleFinder
instanceKlass java/lang/ModuleLayer$Controller
instanceKlass java/util/concurrent/CopyOnWriteArrayList
instanceKlass jdk/internal/module/ServicesCatalog$ServiceProvider
instanceKlass jdk/internal/loader/AbstractClassLoaderValue$Memoizer
instanceKlass java/util/ArrayList$Itr
instanceKlass java/util/SequencedMap
instanceKlass java/util/SequencedSet
instanceKlass java/util/HashMap$HashMapSpliterator
instanceKlass java/util/stream/ForEachOps$ForEachOp
instanceKlass java/util/stream/ForEachOps
instanceKlass  @bci java/lang/module/ModuleFinder$2 findAll ()Ljava/util/Set; 50 <appendix> member <vmtarget> ; # java/lang/module/ModuleFinder$2$$Lambda+0x800000012
instanceKlass  @bci java/lang/module/ModuleFinder$2 findAll ()Ljava/util/Set; 38 <appendix> argL0 ; # java/lang/module/ModuleFinder$2$$Lambda+0x800000013
instanceKlass java/io/RandomAccessFile$1
instanceKlass java/util/WeakHashMap$HashIterator
instanceKlass jdk/internal/module/ModuleReferences$2
instanceKlass jdk/internal/module/ModuleReferences$1
instanceKlass java/net/URI$Parser
instanceKlass sun/nio/fs/WindowsUriSupport
instanceKlass jdk/internal/module/ModuleReferences
instanceKlass jdk/internal/module/ModuleInfo$Attributes
instanceKlass java/util/Collections$UnmodifiableCollection$1
instanceKlass jdk/internal/module/Checks
instanceKlass  @bci jdk/internal/module/ModulePath jarPackages (Ljava/util/jar/JarFile;)Ljava/util/Set; 35 <appendix> argL0 ; # jdk/internal/module/ModulePath$$Lambda+0x800000056
instanceKlass  @bci jdk/internal/module/ModulePath jarPackages (Ljava/util/jar/JarFile;)Ljava/util/Set; 25 <appendix> member <vmtarget> ; # jdk/internal/module/ModulePath$$Lambda+0x800000058
instanceKlass  @bci jdk/internal/module/ModulePath jarPackages (Ljava/util/jar/JarFile;)Ljava/util/Set; 14 <appendix> argL0 ; # jdk/internal/module/ModulePath$$Lambda+0x800000057
instanceKlass  @bci jdk/internal/module/ModulePath jarPackages (Ljava/util/jar/JarFile;)Ljava/util/Set; 4 <appendix> argL0 ; # jdk/internal/module/ModulePath$$Lambda+0x0000022a46042aa8
instanceKlass  @bci java/util/zip/ZipFile jarStream ()Ljava/util/stream/Stream; 25 <appendix> member <vmtarget> ; # java/util/zip/ZipFile$$Lambda+0x80000004e
instanceKlass java/util/function/IntFunction
instanceKlass java/util/Spliterators$AbstractSpliterator
instanceKlass java/lang/module/ModuleDescriptor$Builder
instanceKlass jdk/internal/module/ModuleInfo$ConstantPool$Entry
instanceKlass jdk/internal/module/ModuleInfo$ConstantPool
instanceKlass java/lang/invoke/VarHandle$AccessDescriptor
instanceKlass java/lang/invoke/VarForm
instanceKlass java/lang/invoke/VarHandleGuards
instanceKlass java/lang/invoke/VarHandles
instanceKlass jdk/internal/util/ByteArray
instanceKlass jdk/internal/module/ModuleInfo$CountingDataInput
instanceKlass jdk/internal/module/ModuleInfo
instanceKlass  @bci jdk/internal/module/ModulePath readJar (Ljava/nio/file/Path;)Ljava/lang/module/ModuleReference; 99 <appendix> member <vmtarget> ; # jdk/internal/module/ModulePath$$Lambda+0x0000022a46041668
instanceKlass java/lang/invoke/TypeConvertingMethodAdapter
instanceKlass java/lang/invoke/InnerClassLambdaMetafactory$6
instanceKlass java/lang/invoke/InnerClassLambdaMetafactory$3
instanceKlass java/lang/classfile/Interfaces
instanceKlass java/util/ImmutableCollections$Access$1
instanceKlass jdk/internal/access/JavaUtilCollectionAccess
instanceKlass java/util/ImmutableCollections$Access
instanceKlass java/lang/invoke/InnerClassLambdaMetafactory$1
instanceKlass sun/security/util/Debug
instanceKlass sun/security/util/SignatureFileVerifier
instanceKlass java/util/zip/ZipFile$InflaterCleanupAction
instanceKlass java/util/zip/Inflater$InflaterZStreamRef
instanceKlass java/util/zip/Inflater
instanceKlass java/util/zip/ZipEntry
instanceKlass jdk/internal/perf/PerfCounter$CoreCounters
instanceKlass sun/util/locale/LocaleUtils
instanceKlass java/util/Locale
instanceKlass java/nio/file/attribute/FileTime
instanceKlass java/util/zip/ZipUtils
instanceKlass java/util/zip/ZipFile$Source$End
instanceKlass java/io/RandomAccessFile$2
instanceKlass jdk/internal/access/JavaIORandomAccessFileAccess
instanceKlass java/io/RandomAccessFile
instanceKlass java/io/DataInput
instanceKlass java/io/DataOutput
instanceKlass java/util/zip/ZipFile$Source$Key
instanceKlass java/util/zip/ZipFile$Source
instanceKlass java/util/zip/ZipCoder
instanceKlass java/util/zip/ZipFile$CleanableResource
instanceKlass sun/nio/fs/WindowsNativeDispatcher$CompletionStatus
instanceKlass sun/nio/fs/WindowsNativeDispatcher$AclInformation
instanceKlass sun/nio/fs/WindowsNativeDispatcher$Account
instanceKlass sun/nio/fs/WindowsNativeDispatcher$DiskFreeSpace
instanceKlass sun/nio/fs/WindowsNativeDispatcher$VolumeInformation
instanceKlass sun/nio/fs/WindowsNativeDispatcher$FirstStream
instanceKlass sun/nio/fs/WindowsNativeDispatcher$FirstFile
instanceKlass java/util/Enumeration
instanceKlass java/util/concurrent/ConcurrentHashMap$Traverser
instanceKlass jdk/internal/loader/NativeLibraries$2
instanceKlass jdk/internal/loader/NativeLibrary
instanceKlass java/util/ArrayDeque$DeqIterator
instanceKlass jdk/internal/loader/NativeLibraries$NativeLibraryContext$1
instanceKlass jdk/internal/loader/NativeLibraries$NativeLibraryContext
instanceKlass jdk/internal/loader/NativeLibraries$1
instanceKlass jdk/internal/loader/NativeLibraries$LibraryPaths
instanceKlass sun/nio/fs/WindowsNativeDispatcher
instanceKlass sun/nio/fs/NativeBuffer$Deallocator
instanceKlass java/lang/ref/Cleaner$Cleanable
instanceKlass jdk/internal/ref/CleanerImpl$CleanableList$Node
instanceKlass jdk/internal/ref/CleanerImpl$CleanableList
instanceKlass jdk/internal/ref/CleanerImpl
instanceKlass java/lang/ref/Cleaner$1
instanceKlass java/lang/ref/Cleaner
instanceKlass jdk/internal/ref/CleanerFactory$1
instanceKlass java/util/concurrent/ThreadFactory
instanceKlass jdk/internal/ref/CleanerFactory
instanceKlass sun/nio/fs/NativeBuffer
instanceKlass java/lang/ThreadLocal$ThreadLocalMap
instanceKlass java/lang/ThreadLocal
instanceKlass sun/nio/fs/NativeBuffers
instanceKlass sun/nio/fs/WindowsFileAttributes
instanceKlass java/nio/file/attribute/DosFileAttributes
instanceKlass sun/nio/fs/AbstractBasicFileAttributeView
instanceKlass sun/nio/fs/DynamicFileAttributeView
instanceKlass sun/nio/fs/WindowsFileAttributeViews
instanceKlass sun/nio/fs/Util
instanceKlass java/nio/file/attribute/BasicFileAttributeView
instanceKlass java/nio/file/attribute/FileAttributeView
instanceKlass java/nio/file/attribute/AttributeView
instanceKlass java/nio/file/Files
instanceKlass java/nio/file/CopyOption
instanceKlass java/nio/file/attribute/BasicFileAttributes
instanceKlass java/util/Spliterators$EmptySpliterator
instanceKlass java/lang/module/ModuleFinder$1
instanceKlass java/lang/module/Resolver
instanceKlass  @bci jdk/internal/module/DefaultRoots exportsAPI (Ljava/lang/module/ModuleDescriptor;)Z 9 <appendix> argL0 ; # jdk/internal/module/DefaultRoots$$Lambda+0x800000053
instanceKlass  @bci java/lang/module/ModuleFinder$2 find (Ljava/lang/String;)Ljava/util/Optional; 62 <appendix> member <vmtarget> ; # java/lang/module/ModuleFinder$2$$Lambda+0x800000011
instanceKlass  @bci java/util/stream/MatchOps makeRef (Ljava/util/function/Predicate;Ljava/util/stream/MatchOps$MatchKind;)Ljava/util/stream/TerminalOp; 20 <appendix> member <vmtarget> ; # java/util/stream/MatchOps$$Lambda+0x800000005
instanceKlass java/util/stream/MatchOps$BooleanTerminalSink
instanceKlass java/util/stream/MatchOps$MatchOp
instanceKlass java/util/stream/MatchOps
instanceKlass java/util/stream/Streams
instanceKlass java/util/stream/Stream$Builder
instanceKlass java/util/stream/Streams$AbstractStreamBuilderImpl
instanceKlass java/util/stream/ReferencePipeline$7$1FlatMap
instanceKlass java/util/stream/FindOps$FindOp
instanceKlass  @bci java/util/stream/FindOps$FindSink$OfRef <clinit> ()V 6 <appendix> argL0 ; # java/util/stream/FindOps$FindSink$OfRef$$Lambda+0x80000004c
instanceKlass  @bci java/util/stream/FindOps$FindSink$OfRef <clinit> ()V 0 <appendix> argL0 ; # java/util/stream/FindOps$FindSink$OfRef$$Lambda+0x80000004d
instanceKlass java/util/stream/FindOps$FindSink
instanceKlass java/util/stream/FindOps
instanceKlass  @bci java/lang/module/ModuleFinder$2 find (Ljava/lang/String;)Ljava/util/Optional; 43 <appendix> argL0 ; # java/lang/module/ModuleFinder$2$$Lambda+0x800000014
instanceKlass  @bci java/lang/module/ModuleFinder$2 find (Ljava/lang/String;)Ljava/util/Optional; 33 <appendix> member <vmtarget> ; # java/lang/module/ModuleFinder$2$$Lambda+0x800000015
instanceKlass java/util/AbstractList$RandomAccessSpliterator
instanceKlass java/util/stream/Sink$ChainedReference
instanceKlass java/util/stream/ReduceOps$AccumulatingSink
instanceKlass java/util/stream/TerminalSink
instanceKlass java/util/stream/Sink
instanceKlass java/util/stream/ReduceOps$Box
instanceKlass java/util/stream/ReduceOps$ReduceOp
instanceKlass java/util/stream/TerminalOp
instanceKlass java/util/stream/ReduceOps
instanceKlass  @bci java/util/stream/Collectors castingIdentity ()Ljava/util/function/Function; 0 <appendix> argL0 ; # java/util/stream/Collectors$$Lambda+0x800000046
instanceKlass  @bci java/util/stream/Collectors toSet ()Ljava/util/stream/Collector; 14 <appendix> argL0 ; # java/util/stream/Collectors$$Lambda+0x800000044
instanceKlass java/util/function/BinaryOperator
instanceKlass  @bci java/util/stream/Collectors toSet ()Ljava/util/stream/Collector; 9 <appendix> argL0 ; # java/util/stream/Collectors$$Lambda+0x80000003c
instanceKlass java/util/function/BiConsumer
instanceKlass  @bci java/util/stream/Collectors toSet ()Ljava/util/stream/Collector; 4 <appendix> argL0 ; # java/util/stream/Collectors$$Lambda+0x800000049
instanceKlass java/util/stream/Collector
instanceKlass java/util/Collections$UnmodifiableCollection
instanceKlass java/util/stream/Collectors
instanceKlass  @bci jdk/internal/module/DefaultRoots compute (Ljava/lang/module/ModuleFinder;Ljava/lang/module/ModuleFinder;)Ljava/util/Set; 42 <appendix> argL0 ; # jdk/internal/module/DefaultRoots$$Lambda+0x800000050
instanceKlass  @bci jdk/internal/module/DefaultRoots compute (Ljava/lang/module/ModuleFinder;Ljava/lang/module/ModuleFinder;)Ljava/util/Set; 32 <appendix> member <vmtarget> ; # jdk/internal/module/DefaultRoots$$Lambda+0x800000054
instanceKlass  @bci jdk/internal/module/DefaultRoots compute (Ljava/lang/module/ModuleFinder;Ljava/lang/module/ModuleFinder;)Ljava/util/Set; 21 <appendix> argL0 ; # jdk/internal/module/DefaultRoots$$Lambda+0x800000051
instanceKlass  @bci controller/ReportController susunLaporan (Ljava/util/List;Ljava/time/LocalDate;Ljava/time/LocalDate;)Lmodel/LaporanProduksi; 137 <appendix> form vmentry <vmtarget> ; # java/lang/invoke/LambdaForm$MH+0x0000022a46000800
instanceKlass  @bci jdk/internal/module/DefaultRoots compute (Ljava/lang/module/ModuleFinder;Ljava/lang/module/ModuleFinder;)Ljava/util/Set; 11 <appendix> argL0 ; # jdk/internal/module/DefaultRoots$$Lambda+0x800000052
instanceKlass java/lang/invoke/LambdaProxyClassArchive
instanceKlass java/lang/invoke/InfoFromMemberName
instanceKlass java/lang/invoke/MethodHandleInfo
instanceKlass java/lang/invoke/AbstractValidatingLambdaMetafactory
instanceKlass java/lang/invoke/BootstrapMethodInvoker
instanceKlass java/util/function/Predicate
instanceKlass java/lang/invoke/LambdaMetafactory
# instanceKlass java/lang/invoke/LambdaForm$MH+0x0000022a46000400
instanceKlass jdk/internal/util/ModifiedUtf
instanceKlass java/lang/StringCoding
instanceKlass jdk/internal/classfile/impl/ClassReaderImpl
instanceKlass java/lang/classfile/ClassReader
instanceKlass jdk/internal/classfile/impl/ClassHierarchyImpl$CachedClassHierarchyResolver$1
instanceKlass java/lang/classfile/ClassHierarchyResolver$ClassHierarchyInfo
instanceKlass jdk/internal/classfile/impl/ClassHierarchyImpl$CachedClassHierarchyResolver
instanceKlass jdk/internal/classfile/impl/ClassHierarchyImpl$ClassLoadingClassHierarchyResolver$1
instanceKlass jdk/internal/classfile/impl/ClassHierarchyImpl$ClassLoadingClassHierarchyResolver
instanceKlass java/lang/classfile/ClassHierarchyResolver
instanceKlass jdk/internal/classfile/impl/ClassHierarchyImpl
instanceKlass jdk/internal/classfile/impl/RawBytecodeHelper$1
instanceKlass jdk/internal/classfile/impl/RawBytecodeHelper
instanceKlass jdk/internal/classfile/impl/StackMapGenerator$Frame
instanceKlass jdk/internal/classfile/impl/StackMapGenerator
instanceKlass java/util/ImmutableCollections$ListItr
instanceKlass java/util/ListIterator
instanceKlass jdk/internal/classfile/impl/AnnotationReader
instanceKlass java/lang/classfile/CustomAttribute
instanceKlass jdk/internal/classfile/impl/TerminalFieldBuilder
instanceKlass java/lang/classfile/FieldBuilder
instanceKlass java/lang/invoke/InvokerBytecodeGenerator$2
instanceKlass jdk/internal/classfile/impl/BytecodeHelpers
instanceKlass java/lang/classfile/constantpool/MethodRefEntry
instanceKlass sun/invoke/empty/Empty
instanceKlass sun/invoke/util/VerifyType
instanceKlass jdk/internal/classfile/impl/DirectCodeBuilder$8
instanceKlass java/lang/classfile/instruction/LabelTarget
instanceKlass java/lang/classfile/Label
instanceKlass jdk/internal/classfile/impl/BufWriterImpl
instanceKlass java/lang/classfile/BufWriter
instanceKlass java/lang/classfile/instruction/ExceptionCatch
instanceKlass java/lang/classfile/instruction/LocalVariableType
instanceKlass java/lang/classfile/instruction/LocalVariable
instanceKlass java/lang/classfile/instruction/CharacterRange
instanceKlass java/lang/classfile/PseudoInstruction
instanceKlass java/lang/classfile/CodeElement
instanceKlass jdk/internal/classfile/impl/TerminalCodeBuilder
instanceKlass jdk/internal/classfile/impl/LabelContext
instanceKlass java/lang/classfile/CodeBuilder
instanceKlass java/lang/invoke/InvokerBytecodeGenerator$4$1
instanceKlass java/lang/classfile/constantpool/FieldRefEntry
instanceKlass java/lang/classfile/constantpool/MemberRefEntry
instanceKlass java/lang/classfile/constantpool/NameAndTypeEntry
instanceKlass jdk/internal/classfile/impl/TerminalMethodBuilder
instanceKlass jdk/internal/classfile/impl/MethodInfo
instanceKlass java/lang/classfile/MethodBuilder
instanceKlass java/lang/invoke/InvokerBytecodeGenerator$4
instanceKlass java/lang/classfile/attribute/SourceFileAttribute
instanceKlass java/lang/classfile/Superclass
instanceKlass jdk/internal/classfile/impl/AttributeHolder
instanceKlass java/lang/classfile/ClassBuilder
instanceKlass java/lang/classfile/ClassFileBuilder
instanceKlass jdk/internal/classfile/impl/AbstractDirectBuilder
instanceKlass java/lang/invoke/InvokerBytecodeGenerator$1
instanceKlass jdk/internal/classfile/impl/ClassFileImpl
instanceKlass java/lang/classfile/ClassFile
instanceKlass java/lang/invoke/InvokerBytecodeGenerator$3
instanceKlass java/util/function/Consumer
instanceKlass java/lang/classfile/constantpool/ClassEntry
instanceKlass java/lang/classfile/constantpool/LoadableConstantEntry
instanceKlass jdk/internal/classfile/impl/Util
instanceKlass jdk/internal/classfile/impl/EntryMap
instanceKlass jdk/internal/classfile/impl/BootstrapMethodEntryImpl
instanceKlass java/lang/classfile/BootstrapMethodEntry
instanceKlass jdk/internal/classfile/impl/SplitConstantPool
instanceKlass java/lang/invoke/LambdaFormEditor$Transform
instanceKlass java/lang/invoke/LambdaFormBuffer
instanceKlass java/lang/invoke/LambdaFormEditor$TransformKey
instanceKlass java/lang/invoke/LambdaFormEditor
instanceKlass java/lang/invoke/Invokers$Holder
instanceKlass java/lang/invoke/DelegatingMethodHandle$Holder
instanceKlass java/lang/invoke/DirectMethodHandle$2
instanceKlass java/lang/invoke/ClassSpecializer$Factory
instanceKlass java/lang/invoke/ClassSpecializer$SpeciesData
instanceKlass java/lang/invoke/ClassSpecializer$1
instanceKlass jdk/internal/vm/annotation/Stable
instanceKlass java/lang/invoke/ClassSpecializer
instanceKlass java/lang/invoke/InvokerBytecodeGenerator$8
instanceKlass jdk/internal/classfile/impl/AbstractAttributeMapper
instanceKlass java/lang/classfile/AttributeMapper
instanceKlass java/lang/classfile/Attributes
instanceKlass jdk/internal/classfile/impl/Util$Writable
instanceKlass jdk/internal/classfile/impl/AbstractElement
instanceKlass java/lang/classfile/attribute/RuntimeVisibleAnnotationsAttribute
instanceKlass java/lang/classfile/FieldElement
instanceKlass java/lang/classfile/MethodElement
instanceKlass java/lang/classfile/ClassElement
instanceKlass java/lang/classfile/Attribute
instanceKlass java/lang/classfile/ClassFileElement
instanceKlass java/lang/classfile/constantpool/Utf8Entry
instanceKlass java/lang/classfile/constantpool/AnnotationConstantValueEntry
instanceKlass java/lang/classfile/constantpool/PoolEntry
instanceKlass jdk/internal/classfile/impl/AbstractPoolEntry
instanceKlass jdk/internal/classfile/impl/TemporaryConstantPool
instanceKlass java/lang/classfile/constantpool/ConstantPoolBuilder
instanceKlass java/lang/classfile/constantpool/ConstantPool
instanceKlass java/lang/classfile/Annotation
instanceKlass java/lang/classfile/AnnotationElement
instanceKlass java/lang/invoke/InvokerBytecodeGenerator
instanceKlass java/lang/invoke/LambdaForm$Holder
instanceKlass java/lang/invoke/LambdaForm$Name
instanceKlass java/lang/reflect/Array
instanceKlass java/lang/invoke/Invokers
instanceKlass sun/invoke/util/ValueConversions
instanceKlass java/lang/invoke/DirectMethodHandle$Holder
instanceKlass java/lang/constant/DynamicConstantDesc
instanceKlass jdk/internal/constant/DirectMethodHandleDescImpl$1
instanceKlass jdk/internal/constant/DirectMethodHandleDescImpl
instanceKlass java/lang/constant/DirectMethodHandleDesc
instanceKlass java/lang/constant/MethodHandleDesc$1
instanceKlass java/lang/constant/MethodHandleDesc
instanceKlass jdk/internal/constant/MethodTypeDescImpl
instanceKlass java/lang/constant/MethodTypeDesc
instanceKlass jdk/internal/constant/ConstantUtils
instanceKlass jdk/internal/constant/ArrayClassDescImpl
instanceKlass jdk/internal/constant/ClassOrInterfaceDescImpl
instanceKlass java/lang/constant/ClassDesc
instanceKlass java/lang/constant/ConstantDescs
instanceKlass sun/invoke/util/Wrapper$Format
instanceKlass java/lang/invoke/MethodHandleImpl$1
instanceKlass jdk/internal/access/JavaLangInvokeAccess
instanceKlass java/lang/invoke/LambdaForm$NamedFunction
instanceKlass java/lang/invoke/MethodHandleImpl
instanceKlass jdk/internal/reflect/MethodHandleAccessorFactory$LazyStaticHolder
instanceKlass java/lang/invoke/MethodTypeForm
instanceKlass jdk/internal/util/StrongReferenceKey
instanceKlass jdk/internal/util/ReferenceKey
instanceKlass jdk/internal/util/ReferencedKeyMap
instanceKlass java/lang/invoke/MethodType$1
instanceKlass sun/reflect/annotation/AnnotationParser
instanceKlass java/lang/PublicMethods$Key
instanceKlass java/lang/PublicMethods$MethodList
instanceKlass java/util/EnumMap$1
instanceKlass java/util/stream/StreamOpFlag$MaskBuilder
instanceKlass java/util/stream/Stream
instanceKlass java/util/stream/BaseStream
instanceKlass java/util/stream/PipelineHelper
instanceKlass java/util/stream/StreamSupport
instanceKlass java/util/Spliterators$IteratorSpliterator
instanceKlass java/util/Spliterator
instanceKlass java/util/Spliterators
instanceKlass jdk/internal/module/DefaultRoots
instanceKlass java/lang/module/ModuleFinder$2
instanceKlass jdk/internal/loader/BuiltinClassLoader$LoadedModule
instanceKlass java/lang/Module$EnableNativeAccess
instanceKlass jdk/internal/loader/BootLoader
instanceKlass jdk/internal/module/ModuleResolution
instanceKlass jdk/internal/module/ModuleHashes$Builder
instanceKlass java/util/ImmutableCollections$Set12$1
instanceKlass java/lang/reflect/AccessFlag$18
instanceKlass java/lang/reflect/AccessFlag$17
instanceKlass java/lang/reflect/AccessFlag$16
instanceKlass java/lang/reflect/AccessFlag$15
instanceKlass java/lang/reflect/AccessFlag$14
instanceKlass java/lang/reflect/AccessFlag$13
instanceKlass java/lang/reflect/AccessFlag$12
instanceKlass java/lang/reflect/AccessFlag$11
instanceKlass java/lang/reflect/AccessFlag$10
instanceKlass java/lang/reflect/AccessFlag$9
instanceKlass java/lang/reflect/AccessFlag$8
instanceKlass java/lang/reflect/AccessFlag$7
instanceKlass java/lang/reflect/AccessFlag$6
instanceKlass java/lang/reflect/AccessFlag$5
instanceKlass java/lang/reflect/AccessFlag$4
instanceKlass java/lang/reflect/AccessFlag$3
instanceKlass java/lang/reflect/AccessFlag$2
instanceKlass java/lang/reflect/AccessFlag$1
instanceKlass java/util/ImmutableCollections$SetN$SetNIterator
instanceKlass jdk/internal/module/Builder
instanceKlass jdk/internal/module/SystemModules$all
instanceKlass jdk/internal/module/SystemModules
instanceKlass jdk/internal/module/SystemModulesMap
instanceKlass jdk/internal/module/SystemModuleFinders
instanceKlass jdk/internal/loader/AbstractClassLoaderValue
instanceKlass jdk/internal/module/ServicesCatalog
instanceKlass java/util/Deque
instanceKlass java/util/Queue
instanceKlass sun/net/util/IPAddressUtil$MASKS
instanceKlass sun/net/util/IPAddressUtil
instanceKlass java/net/URLStreamHandler
instanceKlass sun/net/www/ParseUtil
instanceKlass java/net/URL$1
instanceKlass jdk/internal/access/JavaNetURLAccess
instanceKlass java/net/URL$DefaultFactory
instanceKlass java/net/URLStreamHandlerFactory
instanceKlass jdk/internal/loader/URLClassPath
instanceKlass java/util/concurrent/ConcurrentHashMap$CollectionView
instanceKlass jdk/internal/loader/ClassLoaderHelper
instanceKlass jdk/internal/loader/NativeLibraries
instanceKlass java/security/Principal
instanceKlass java/lang/ClassLoader$ParallelLoaders
instanceKlass java/security/cert/Certificate
instanceKlass jdk/internal/loader/ArchivedClassLoaders
instanceKlass java/net/URI$1
instanceKlass jdk/internal/access/JavaNetUriAccess
instanceKlass java/util/Optional
instanceKlass java/lang/Runtime$Version
instanceKlass java/util/jar/JavaUtilJarAccessImpl
instanceKlass jdk/internal/access/JavaUtilJarAccess
instanceKlass java/util/zip/ZipFile$1
instanceKlass jdk/internal/access/JavaUtilZipFileAccess
instanceKlass java/util/BitSet
instanceKlass java/util/zip/ZipFile
instanceKlass java/util/zip/ZipConstants
instanceKlass java/nio/Bits$1
instanceKlass jdk/internal/misc/VM$BufferPool
instanceKlass java/nio/Bits
instanceKlass sun/nio/ch/DirectBuffer
instanceKlass jdk/internal/perf/Perf
instanceKlass jdk/internal/perf/PerfCounter
instanceKlass jdk/internal/module/ModulePath
instanceKlass sun/nio/fs/WindowsPath
instanceKlass sun/nio/fs/WindowsPathParser$Result
instanceKlass sun/nio/fs/WindowsPathParser
instanceKlass java/nio/file/FileSystem
instanceKlass java/nio/file/OpenOption
instanceKlass java/nio/file/spi/FileSystemProvider
instanceKlass sun/nio/fs/DefaultFileSystemProvider
instanceKlass java/nio/file/FileSystems
instanceKlass java/nio/file/Path
instanceKlass java/nio/file/Watchable
instanceKlass jdk/internal/module/ArchivedBootLayer
instanceKlass jdk/internal/module/ModuleBootstrap$Counters
instanceKlass jdk/internal/module/ModuleLoaderMap$Modules
instanceKlass jdk/internal/module/ModuleLoaderMap
instanceKlass jdk/internal/module/ModulePatcher
instanceKlass jdk/internal/util/DecimalDigits
instanceKlass java/io/FileSystem
instanceKlass java/io/DefaultFileSystem
instanceKlass java/io/File
instanceKlass java/lang/module/ModuleDescriptor$1
instanceKlass jdk/internal/access/JavaLangModuleAccess
instanceKlass sun/invoke/util/VerifyAccess
instanceKlass java/util/KeyValueHolder
instanceKlass java/util/ImmutableCollections$MapN$MapNIterator
instanceKlass java/lang/StrictMath
instanceKlass java/lang/invoke/MethodHandles$Lookup
instanceKlass java/lang/invoke/MemberName$Factory
instanceKlass java/lang/invoke/MethodHandles
instanceKlass jdk/internal/module/ModuleBootstrap
instanceKlass java/util/HexFormat
instanceKlass jdk/internal/util/ClassFileDumper
instanceKlass java/lang/CharacterData
instanceKlass java/lang/invoke/MethodHandleStatics
instanceKlass java/util/Collections
instanceKlass java/lang/Thread$ThreadIdentifiers
instanceKlass sun/io/Win32ErrorMode
instanceKlass jdk/internal/misc/OSEnvironment
instanceKlass jdk/internal/misc/Signal$NativeHandler
instanceKlass java/util/Hashtable$Entry
instanceKlass jdk/internal/misc/Signal
instanceKlass java/lang/Terminator$1
instanceKlass jdk/internal/misc/Signal$Handler
instanceKlass java/lang/Terminator
instanceKlass java/nio/ByteOrder
instanceKlass java/nio/Buffer$2
instanceKlass jdk/internal/access/JavaNioAccess
instanceKlass java/nio/Buffer$1
instanceKlass jdk/internal/misc/ScopedMemoryAccess
instanceKlass java/nio/charset/CodingErrorAction
instanceKlass sun/nio/cs/SingleByte
instanceKlass java/lang/StringUTF16
instanceKlass sun/nio/cs/MS1252$Holder
instanceKlass sun/nio/cs/ArrayEncoder
instanceKlass java/nio/charset/CharsetEncoder
instanceKlass java/io/Writer
instanceKlass java/io/OutputStream
instanceKlass java/io/Flushable
instanceKlass java/io/FileDescriptor$1
instanceKlass jdk/internal/access/JavaIOFileDescriptorAccess
instanceKlass java/io/FileDescriptor
instanceKlass jdk/internal/util/StaticProperty
instanceKlass jdk/internal/reflect/MethodHandleAccessorFactory
instanceKlass java/lang/reflect/Modifier
instanceKlass jdk/internal/reflect/Reflection
instanceKlass java/lang/Class$Atomic
instanceKlass java/lang/Class$ReflectionData
instanceKlass java/nio/charset/StandardCharsets
instanceKlass sun/nio/cs/HistoricallyNamedCharset
instanceKlass java/util/Arrays
instanceKlass jdk/internal/util/Preconditions$3
instanceKlass jdk/internal/util/Preconditions$2
instanceKlass jdk/internal/util/Preconditions$4
instanceKlass java/util/function/BiFunction
instanceKlass jdk/internal/util/Preconditions$1
instanceKlass jdk/internal/util/Preconditions
instanceKlass java/nio/charset/spi/CharsetProvider
instanceKlass java/nio/charset/Charset
instanceKlass java/util/HashMap$HashIterator
instanceKlass java/util/concurrent/locks/LockSupport
instanceKlass java/util/concurrent/ConcurrentHashMap$Node
instanceKlass java/util/concurrent/ConcurrentHashMap$CounterCell
instanceKlass java/util/concurrent/locks/ReentrantLock
instanceKlass java/util/concurrent/locks/Lock
instanceKlass java/lang/Runtime
instanceKlass java/lang/VersionProps
instanceKlass java/lang/StringConcatHelper
instanceKlass jdk/internal/util/ArraysSupport
instanceKlass java/lang/StringLatin1
instanceKlass jdk/internal/util/SystemProps$Raw
instanceKlass jdk/internal/util/SystemProps
instanceKlass java/lang/System$1
instanceKlass jdk/internal/access/JavaLangAccess
instanceKlass java/lang/ref/ReferenceQueue$Lock
instanceKlass java/lang/ref/ReferenceQueue
instanceKlass java/lang/ref/Reference$1
instanceKlass jdk/internal/access/JavaLangRefAccess
instanceKlass java/lang/Math
instanceKlass java/io/ObjectStreamClass
instanceKlass jdk/internal/reflect/ReflectionFactory
instanceKlass jdk/internal/access/SharedSecrets
instanceKlass java/lang/reflect/ReflectAccess
instanceKlass jdk/internal/access/JavaLangReflectAccess
instanceKlass java/util/Objects
instanceKlass jdk/internal/misc/CDS
instanceKlass java/lang/Module$ArchivedData
instanceKlass jdk/internal/misc/VM
instanceKlass java/lang/String$CaseInsensitiveComparator
instanceKlass java/util/Comparator
instanceKlass java/io/ObjectStreamField
instanceKlass jdk/internal/math/FDBigInteger
instanceKlass java/lang/ModuleLayer
instanceKlass java/util/ImmutableCollections
instanceKlass jdk/internal/module/ModuleLoaderMap$Mapper
instanceKlass java/util/function/Function
instanceKlass java/lang/module/ResolvedModule
instanceKlass java/lang/module/Configuration
instanceKlass java/util/HashMap$Node
instanceKlass java/util/Map$Entry
instanceKlass java/util/Collections$UnmodifiableMap
instanceKlass jdk/internal/module/ModuleHashes
instanceKlass jdk/internal/module/ModuleTarget
instanceKlass java/lang/module/ModuleDescriptor$Provides
instanceKlass java/lang/module/ModuleDescriptor$Opens
instanceKlass jdk/internal/module/SystemModuleFinders$2
instanceKlass jdk/internal/module/ModuleHashes$HashSupplier
instanceKlass jdk/internal/module/SystemModuleFinders$1
instanceKlass java/util/function/Supplier
instanceKlass java/net/URI
instanceKlass java/lang/module/ModuleDescriptor$Exports
instanceKlass java/lang/module/ModuleDescriptor$Requires
instanceKlass java/lang/module/ModuleDescriptor$Version
instanceKlass java/lang/module/ModuleDescriptor
instanceKlass java/lang/module/ModuleReference
instanceKlass java/util/Set
instanceKlass jdk/internal/module/SystemModuleFinders$SystemModuleFinder
instanceKlass java/lang/module/ModuleFinder
instanceKlass jdk/internal/module/ArchivedModuleGraph
instanceKlass sun/util/locale/BaseLocale
instanceKlass java/util/jar/Attributes$Name
instanceKlass java/lang/Character$CharacterCache
instanceKlass java/lang/Short$ShortCache
instanceKlass java/lang/Byte$ByteCache
instanceKlass java/lang/Long$LongCache
instanceKlass java/lang/Integer$IntegerCache
instanceKlass jdk/internal/vm/FillerObject
instanceKlass jdk/internal/vm/vector/VectorSupport$VectorPayload
instanceKlass jdk/internal/vm/vector/VectorSupport
instanceKlass java/lang/reflect/RecordComponent
instanceKlass java/util/Iterator
instanceKlass java/lang/Void
instanceKlass java/lang/Number
instanceKlass java/lang/Character
instanceKlass java/lang/Boolean
instanceKlass java/util/concurrent/locks/AbstractOwnableSynchronizer
instanceKlass java/lang/LiveStackFrame
instanceKlass java/lang/ClassFrameInfo
instanceKlass java/lang/StackWalker$StackFrame
instanceKlass java/lang/StackStreamFactory$AbstractStackWalker
instanceKlass java/lang/StackWalker
instanceKlass java/nio/Buffer
instanceKlass java/lang/StackTraceElement
instanceKlass java/util/RandomAccess
instanceKlass java/util/List
instanceKlass java/util/SequencedCollection
instanceKlass java/util/AbstractCollection
instanceKlass java/util/Collection
instanceKlass java/lang/Iterable
instanceKlass java/util/concurrent/ConcurrentMap
instanceKlass java/util/AbstractMap
instanceKlass java/security/CodeSource
instanceKlass jdk/internal/loader/ClassLoaders
instanceKlass java/util/jar/Manifest
instanceKlass java/lang/Enum
instanceKlass java/net/URL
instanceKlass java/io/InputStream
instanceKlass java/io/Closeable
instanceKlass java/lang/AutoCloseable
instanceKlass jdk/internal/module/Modules
instanceKlass jdk/internal/misc/Unsafe
instanceKlass jdk/internal/misc/UnsafeConstants
instanceKlass java/lang/AbstractStringBuilder
instanceKlass java/lang/Appendable
instanceKlass java/lang/AssertionStatusDirectives
instanceKlass jdk/internal/foreign/abi/ABIDescriptor
instanceKlass jdk/internal/foreign/abi/NativeEntryPoint
instanceKlass java/lang/invoke/CallSite
instanceKlass java/lang/invoke/MethodType
instanceKlass java/lang/invoke/TypeDescriptor$OfMethod
instanceKlass java/lang/invoke/LambdaForm
instanceKlass java/lang/invoke/MethodHandleNatives
instanceKlass java/lang/invoke/ResolvedMethodName
instanceKlass java/lang/invoke/MemberName
instanceKlass java/lang/invoke/VarHandle
instanceKlass java/lang/invoke/MethodHandle
instanceKlass jdk/internal/reflect/ConstructorAccessorImpl
instanceKlass jdk/internal/reflect/ConstructorAccessor
instanceKlass jdk/internal/reflect/CallerSensitive
instanceKlass java/lang/annotation/Annotation
instanceKlass jdk/internal/reflect/ConstantPool
instanceKlass jdk/internal/reflect/MethodAccessorImpl
instanceKlass jdk/internal/reflect/MethodAccessor
instanceKlass jdk/internal/vm/StackChunk
instanceKlass jdk/internal/vm/Continuation
instanceKlass jdk/internal/vm/ContinuationScope
instanceKlass java/lang/reflect/Parameter
instanceKlass java/lang/reflect/Member
instanceKlass java/lang/reflect/AccessibleObject
instanceKlass java/lang/Module
instanceKlass java/util/Map
instanceKlass java/util/Dictionary
instanceKlass java/lang/ThreadGroup
instanceKlass java/lang/Thread$UncaughtExceptionHandler
instanceKlass java/lang/Thread$Constants
instanceKlass java/lang/Thread$FieldHolder
instanceKlass java/lang/Thread
instanceKlass java/lang/Runnable
instanceKlass java/lang/ref/Reference
instanceKlass java/lang/Record
instanceKlass java/security/ProtectionDomain
instanceKlass java/lang/Throwable
instanceKlass java/lang/System
instanceKlass java/lang/ClassLoader
instanceKlass java/lang/Cloneable
instanceKlass java/lang/Class
instanceKlass java/lang/invoke/TypeDescriptor$OfField
instanceKlass java/lang/invoke/TypeDescriptor
instanceKlass java/lang/reflect/Type
instanceKlass java/lang/reflect/GenericDeclaration
instanceKlass java/lang/reflect/AnnotatedElement
instanceKlass java/lang/String
instanceKlass java/lang/constant/ConstantDesc
instanceKlass java/lang/constant/Constable
instanceKlass java/lang/CharSequence
instanceKlass java/lang/Comparable
instanceKlass java/io/Serializable
ciInstanceKlass java/lang/Object 1 1 115 7 1 10 12 1 1 10 7 12 1 1 1 10 7 12 1 1 1 10 12 1 1 8 1 10 12 1 1 10 7 12 1 1 1 10 12 1 10 12 1 1 100 1 8 1 10 12 1 10 7 12 1 1 1 7 1 10 12 1 7 1 10 12 1 1 8 1 3 8 1 100 1 5 0 1 1 1 1 1 1 1 1 1 1 1 1 1 1 1 1 100 1 1 1 1 1 1 1 1 1 1 1 1 1 100 1 1 1 1 1 1 3 1 1
ciMethod java/lang/Object equals (Ljava/lang/Object;)Z 1024 0 25651 0 -1
ciInstanceKlass java/io/Serializable 1 0 7 100 1 100 1 1 1
ciInstanceKlass java/lang/System 1 1 591 10 100 12 1 1 1 10 7 12 1 1 1 10 12 1 1 10 12 1 9 12 1 1 10 7 12 1 1 1 11 100 12 1 1 1 10 100 12 1 1 1 10 12 1 1 100 1 8 1 10 12 1 9 12 1 1 9 12 1 1 10 7 12 1 1 1 10 7 12 1 1 1 10 12 1 1 10 12 1 10 7 12 1 1 1 10 12 1 10 12 1 1 7 1 10 12 1 1 100 1 8 1 10 10 12 1 1 100 1 8 1 10 10 7 12 1 1 10 12 10 7 12 1 1 10 7 12 1 1 1 100 1 8 1 10 10 7 12 1 1 1 10 7 12 1 1 1 100 1 10 100 12 1 1 1 10 12 1 1 10 7 12 1 1 1 10 12 1 1 10 12 1 10 12 1 8 1 10 12 1 1 10 12 1 1 8 1 10 12 1 7 1 7 1 10 12 1 9 7 12 1 1 1 10 7 12 1 1 1 10 12 1 10 12 1 10 7 12 1 1 1 100 1 8 1 10 9 12 1 1 9 12 1 10 12 1 10 100 12 1 1 10 12 1 10 12 1 1 100 1 10 8 1 10 12 1 1 10 12 1 10 12 1 1 10 12 1 1 8 1 11 7 12 1 1 10 12 11 12 1 1 11 7 12 1 1 1 11 7 12 1 1 11 12 1 1 7 1 11 12 1 10 12 1 8 1 10 12 1 1 8 1 8 1 8 1 8 1 11 12 1 10 12 1 1 10 12 1 10 12 1 8 1 10 12 1 1 8 1 9 12 1 8 1 10 7 12 1 1 8 1 7 1 9 7 12 1 1 1 10 12 1 7 1 9 12 10 9 12 7 1 10 12 9 12 1 1 8 1 10 12 1 1 8 1 9 12 1 10 7 12 1 1 10 12 1 10 12 1 1 11 7 12 1 1 10 12 10 7 12 1 1 1 9 12 1 1 100 1 100 1 8 1 10 12 1 1 10 12 1 8 1 8 1 10 8 1 8 1 8 1 8 1 8 1 10 8 1 10 7 12 1 1 1 10 7 12 1 1 1 10 12 1 1 7 1 10 10 12 1 10 12 1 9 12 1 1 1 1 1 1 1 1 1 1 1 1 100 1 1 7 1 1 1 1 1 1 1 1 1 1 3 1 1 1 1 1 1 1 1 1 1 1 1 1 1 1 1 1 1 1 1 1 1 1 1 1 1 1 1 1 1 1 1 1 1 1 1 1 1 1 1 1 1 1 1 1 1 1 1 1 1 1 100 1 1 1 1 1 1 1 1 1 1 1 1 1 1 1 1 1 1 1 1 1 1 1 1 1 100 1 100 1 1 1 1 1 1 1 1
staticfield java/lang/System in Ljava/io/InputStream; java/io/BufferedInputStream
staticfield java/lang/System out Ljava/io/PrintStream; java/io/PrintStream
staticfield java/lang/System err Ljava/io/PrintStream; java/io/PrintStream
instanceKlass java/security/Security$1
instanceKlass java/security/Provider
ciInstanceKlass java/util/Properties 1 1 690 10 7 12 1 1 1 100 1 10 7 12 1 1 7 1 10 12 1 9 12 1 1 9 12 1 1 9 12 1 1 10 7 12 1 1 1 10 12 1 1 8 1 10 7 12 1 1 1 7 1 10 12 1 10 12 1 1 8 1 10 12 1 7 1 10 12 10 12 1 1 9 12 1 1 10 12 1 1 7 1 10 12 1 10 12 1 10 12 1 1 100 1 8 1 10 12 1 10 12 1 10 12 1 1 10 12 1 100 1 3 10 10 100 12 1 1 1 10 12 1 10 12 1 1 8 1 10 12 1 10 12 1 1 8 1 10 100 12 1 1 10 12 1 1 10 12 1 10 12 1 1 100 1 10 12 1 10 12 1 1 100 1 9 100 12 1 1 1 10 12 1 10 12 1 1 10 12 1 1 10 12 1 1 100 1 9 12 1 1 7 1 100 1 10 12 1 100 1 11 7 12 1 1 1 11 12 1 1 11 100 12 1 1 1 11 7 12 1 1 1 11 12 1 1 11 12 1 11 12 1 10 12 1 1 8 1 10 12 1 10 100 12 1 1 10 12 1 100 1 10 10 12 1 10 12 1 100 1 10 10 12 1 1 10 100 12 1 1 9 100 12 1 1 10 12 1 1 10 100 12 1 1 1 100 1 100 1 100 1 10 8 1 8 1 10 12 1 10 12 1 10 12 1 1 10 10 12 1 1 10 12 1 1 7 1 10 10 12 1 11 7 12 1 1 10 7 12 1 1 1 8 1 10 100 12 1 1 11 11 7 1 8 1 10 100 1 11 10 12 1 10 10 12 1 10 12 1 1 10 12 1 1 10 12 1 1 10 12 1 10 12 1 10 10 12 1 10 12 1 10 12 1 10 10 12 1 1 10 12 1 1 10 10 12 1 10 12 1 10 12 1 10 12 1 10 12 1 1 10 12 1 1 10 12 1 10 12 1 10 12 1 1 10 12 10 12 1 1 10 12 1 1 10 12 1 10 12 1 1 10 12 1 1 10 12 10 11 12 1 4 11 10 12 1 1 10 100 12 1 1 11 12 1 10 12 1 1 10 100 12 1 1 10 12 1 100 1 8 1 10 12 1 10 10 100 12 1 1 1 100 1 6 0 10 12 1 1 11 100 12 1 1 1 10 12 1 10 12 1 1 1 1 1 5 0 1 1 1 1 1 1 1 1 1 1 1 1 1 1 1 1 1 1 1 1 1 1 1 1 1 1 1 1 1 1 1 1 1 1 1 1 1 1 1 100 1 1 1 1 1 1 1 1 1 1 1 1 1 1 1 1 1 1 1 1 100 1 1 1 1 1 1 1 1 1 1 1 1 100 1 100 1 1 1 1 1 100 1 1 1 1 1 1 1 1 1 1 1 1 1 1 1 1 1 1 1 1 1 1 1 1 1 1 1 1 1 1 1 1 1 1 1 1 1 1 1 1 1 1 1 1 1 1 1 1 1 1 1 1 1 1 1 1 1 1 1 1 1 1 1 1 1 1 1 1 1 1 1 1 1 1 1 1 1 100 1 1 1 1 1 1 1 1 1 1 1 100 1 1
staticfield java/util/Properties UNSAFE Ljdk/internal/misc/Unsafe; jdk/internal/misc/Unsafe
instanceKlass java/util/Hashtable
ciInstanceKlass java/util/Dictionary 1 1 36 10 7 12 1 1 1 100 1 1 1 1 1 1 1 1 1 1 1 1 1 1 1 1 1 1 1 1 1 1 1 1 1 1 1 1
instanceKlass java/util/Properties
ciInstanceKlass java/util/Hashtable 1 1 516 100 1 10 7 12 1 1 1 9 7 12 1 1 1 100 1 100 1 10 8 1 10 12 1 1 10 12 1 10 12 1 1 10 12 1 10 7 12 1 1 1 8 1 10 12 1 9 12 1 1 7 1 9 12 1 1 4 10 7 12 1 1 1 9 12 1 4 10 12 1 11 100 12 1 1 1 10 12 1 1 10 12 1 1 9 12 1 10 12 1 1 100 1 10 9 12 1 1 10 7 12 1 1 1 9 12 1 1 10 12 1 10 12 1 3 9 12 1 9 12 1 3 10 12 1 10 12 1 10 12 1 1 11 12 1 1 11 100 12 1 1 1 11 100 12 1 1 1 11 12 1 100 1 11 12 1 11 12 1 10 12 1 1 10 12 1 1 10 12 1 9 12 1 1 9 12 9 12 1 1 10 100 1 100 1 10 12 1 10 8 1 10 10 12 1 8 1 10 8 1 10 100 12 1 1 1 7 1 10 12 1 10 12 1 100 1 10 12 1 10 12 1 1 100 1 10 100 1 10 10 12 1 1 11 12 1 1 11 12 1 100 1 10 10 10 100 12 1 1 11 100 12 1 1 1 100 1 10 11 100 12 1 1 11 100 12 1 10 12 1 10 12 1 1 10 100 12 1 1 10 12 1 1 10 12 1 1 10 12 1 1 10 100 12 1 1 1 8 10 100 12 1 1 100 1 8 1 10 4 4 10 12 1 1 10 12 1 8 1 4 10 12 10 100 12 1 1 1 100 1 11 100 12 1 1 1 10 100 12 1 1 1 10 12 1 10 12 1 1 10 100 1 100 1 1 1 1 1 1 5 0 1 1 1 1 1 3 1 3 1 3 1 1 1 1 1 1 1 1 1 1 1 1 1 1 1 1 1 1 1 1 1 1 1 1 1 100 1 1 1 1 1 1 1 1 1 1 1 1 1 1 1 1 1 1 1 1 1 1 1 1 1 1 1 1 1 100 1 1 1 1 1 1 1 1 1 1 1 1 1 1 100 1 1 1 1 1 1 1 1 1 1 1 1 1 1 1 1 1 1 1 1 1 1 1 1 1 1 1 1 1 1 1 1 1 1 1 1 1 1 1 1 1 1 1 1 100 1 1 1 100 1 1 1 1 1 100 1 1 1 1 1 1 1 1 1 1 1 1 1 1 1 1 1 1
ciInstanceKlass java/util/Map 1 1 263 11 7 12 1 1 1 11 12 1 1 10 7 12 1 1 11 12 1 1 11 100 12 1 1 1 11 100 12 1 1 1 11 12 1 1 7 1 11 12 1 11 12 1 100 1 100 1 10 12 1 1 11 100 12 1 1 1 11 100 12 1 1 1 11 12 1 11 12 1 10 12 1 1 11 12 1 11 7 12 1 9 7 12 1 1 1 7 1 10 12 7 1 7 1 10 12 1 7 1 10 7 1 11 12 1 11 12 1 1 11 12 1 1 100 1 11 12 1 1 1 1 1 1 1 1 1 1 1 1 1 1 1 1 1 1 1 1 1 1 1 1 1 1 1 1 1 1 1 1 1 1 1 1 1 1 1 1 1 1 1 1 1 1 1 1 1 1 1 1 1 1 1 1 1 1 1 1 1 1 1 1 1 1 1 1 1 1 1 1 1 1 1 1 1 1 1 1 1 1 1 1 1 1 1 1 1 1 1 1 1 1 1 1 1 1 1 1 1 1 1 1 1 1 1 1 1 1 1 1 1 1 1 1 1 1 1 1 1 1 1 1 1 1 100 1 1 1 1 1 1 1 1 1 1 1 1 1 1 1 1 1 1
ciInstanceKlass java/lang/String 1 1 1471 10 7 12 1 1 1 8 1 9 7 12 1 1 1 9 12 1 1 9 12 1 1 9 12 1 1 10 12 1 10 12 1 1 10 12 1 1 9 12 1 10 7 12 1 1 1 10 12 1 1 10 12 1 10 7 12 1 1 1 10 12 1 1 10 12 1 1 10 12 1 10 12 1 1 10 12 1 10 7 12 1 1 1 7 1 9 7 12 1 1 1 10 7 12 1 1 1 10 12 1 1 10 12 1 1 10 7 12 1 1 1 10 12 1 1 9 7 12 1 1 10 12 9 7 12 1 1 10 12 1 1 3 10 12 1 1 7 1 11 12 1 1 11 12 1 11 12 1 1 10 7 12 1 1 1 10 12 1 1 9 7 12 1 1 1 10 12 1 1 10 12 1 11 12 1 1 10 12 1 10 12 10 12 1 1 100 1 100 1 10 12 1 10 12 1 10 7 12 1 1 1 10 12 1 1 100 1 10 12 1 1 100 1 10 12 1 1 10 12 1 1 10 12 1 10 10 12 1 100 1 100 1 100 1 10 12 1 10 12 1 1 10 12 1 1 10 12 1 10 12 1 1 10 12 1 1 10 100 12 1 1 100 1 11 10 7 12 1 1 11 12 1 11 12 1 10 12 1 10 12 1 10 12 10 12 1 1 10 10 7 12 1 1 1 10 7 12 1 1 10 12 1 1 10 7 12 1 1 10 12 1 10 12 1 1 10 12 1 1 10 12 1 10 12 1 10 12 1 1 100 1 10 12 1 1 10 12 10 12 1 10 12 1 1 10 12 1 1 10 100 12 1 1 1 10 12 1 10 12 1 1 10 12 1 10 12 1 3 3 10 12 1 1 10 12 1 10 12 1 1 10 12 1 1 10 12 1 1 10 12 1 10 12 1 1 10 12 1 1 10 12 1 10 12 1 10 12 1 10 12 1 1 10 12 1 10 12 1 10 12 1 10 12 1 10 12 1 10 12 1 10 100 1 10 8 1 10 12 1 1 10 12 1 8 1 10 12 1 1 10 12 10 12 1 8 1 10 10 12 1 1 10 12 1 1 7 1 5 0 100 1 8 1 10 10 12 1 1 5 0 5 0 5 0 10 12 1 1 10 100 1 10 10 12 1 10 12 1 10 12 1 10 10 12 1 10 12 1 10 12 1 10 12 1 10 12 1 10 12 1 10 12 1 1 10 12 1 1 10 12 1 1 10 10 12 1 1 10 10 12 1 100 1 10 9 100 12 1 1 1 11 100 12 1 1 1 10 12 1 1 10 12 1 1 10 7 1 10 12 1 10 12 1 10 7 12 1 1 1 10 12 1 10 12 1 1 10 12 1 11 7 1 11 12 10 12 1 10 12 1 1 10 12 1 1 10 10 12 1 10 12 1 9 12 1 1 11 7 12 1 1 1 10 12 10 10 12 1 10 12 1 1 10 10 12 1 10 12 1 10 12 1 1 10 12 1 1 10 10 12 1 1 10 10 7 12 1 1 1 10 12 1 10 12 1 10 12 10 10 12 10 10 12 1 10 12 1 10 10 12 10 12 1 1 10 12 10 10 12 10 12 1 10 12 10 12 10 10 12 1 10 12 1 1 10 12 1 1 10 10 12 1 10 7 12 1 1 1 10 12 1 1 10 10 7 12 1 1 1 11 10 12 1 10 12 1 1 10 12 1 1 10 7 12 1 1 1 10 12 1 10 12 1 10 12 1 10 12 1 10 12 1 10 12 1 100 1 10 10 12 1 10 12 1 1 8 1 10 12 1 3 3 10 12 1 10 12 1 1 10 12 7 1 10 10 12 1 1 10 12 10 12 1 10 12 1 10 12 1 1 10 12 1 1 11 7 12 1 1 1 7 1 10 12 1 10 12 1 1 8 1 10 12 1 1 10 12 1 11 100 12 1 1 1 11 100 12 1 1 11 12 1 10 12 1 10 12 1 1 10 10 7 12 1 1 1 10 12 1 10 12 1 10 10 12 10 12 1 1 10 10 12 1 10 10 12 1 10 10 12 1 10 10 12 1 10 12 1 1 10 10 12 1 8 1 10 12 1 1 18 12 1 1 11 100 12 1 1 1 3 18 12 1 18 12 1 8 1 10 100 12 1 1 1 11 12 1 1 10 12 10 10 12 1 10 11 12 1 1 10 12 1 1 11 12 1 18 3 11 10 11 11 10 12 1 10 12 1 1 8 1 10 12 1 10 12 1 10 12 1 1 10 10 12 1 11 100 12 1 7 1 100 1 10 12 100 1 10 10 7 12 1 1 1 100 1 10 7 1 10 10 12 1 10 10 12 1 8 1 10 10 12 1 8 1 8 1 10 12 1 10 12 1 10 10 12 10 7 12 1 1 10 100 12 1 1 10 100 12 1 1 8 1 10 12 1 10 12 1 10 9 12 1 10 12 9 7 12 1 1 1 10 12 1 10 12 1 10 12 1 10 12 10 12 1 10 12 1 8 1 10 100 12 1 1 1 10 12 10 12 1 1 10 12 10 12 10 12 7 1 9 12 1 1 7 1 10 100 1 100 1 100 1 100 1 1 1 1 1 1 5 0 1 1 1 1 1 3 1 3 1 1 1 1 1 1 1 1 1 1 1 1 1 1 1 100 1 1 1 1 1 1 1 1 1 1 1 1 1 1 1 1 1 1 1 1 1 1 1 1 1 1 1 1 1 1 1 100 1 1 1 1 1 1 1 1 1 1 1 1 100 1 1 1 1 1 1 1 1 1 1 1 1 1 1 1 1 1 1 1 1 1 1 1 1 1 1 1 1 1 1 1 1 1 1 1 1 1 1 1 1 1 1 1 1 1 1 1 1 1 1 1 1 1 1 1 1 1 1 1 1 1 1 1 1 1 1 1 1 1 1 1 1 1 1 1 1 1 1 1 1 1 1 1 1 1 1 1 1 1 1 1 1 1 1 1 1 1 1 1 1 1 1 1 1 1 1 1 1 1 1 1 1 1 1 1 1 1 1 1 1 1 1 1 1 1 1 1 1 1 1 1 1 1 1 1 1 1 1 1 1 1 1 1 1 1 1 1 1 1 1 1 1 1 1 1 1 1 1 1 1 1 1 1 1 1 1 1 1 1 1 1 1 1 1 1 1 1 1 1 100 1 1 1 1 1 1 1 1 1 1 1 1 1 1 1 1 1 1 1 1 1 1 1 100 1 1 1 1 1 1 1 1 1 1 1 1 1 1 1 100 1 1 1 1 1 1 1 1 1 1 1 1 1 1 1 16 15 10 12 16 15 10 12 15 10 12 15 10 12 15 10 100 12 1 1 1 1 100 1 1 1 1 1 100 1 100 1 1 1
staticfield java/lang/String COMPACT_STRINGS Z 1
staticfield java/lang/String serialPersistentFields [Ljava/io/ObjectStreamField; 0 [Ljava/io/ObjectStreamField;
staticfield java/lang/String CASE_INSENSITIVE_ORDER Ljava/util/Comparator; java/lang/String$CaseInsensitiveComparator
ciInstanceKlass java/lang/Comparable 1 0 12 100 1 100 1 1 1 1 1 1 1 1
ciInstanceKlass java/lang/CharSequence 1 1 131 11 7 12 1 1 1 18 12 1 1 100 1 10 100 12 1 1 1 18 10 100 12 1 1 1 11 12 1 1 11 100 1 11 12 1 1 10 100 12 1 1 1 11 12 1 1 100 1 10 12 1 1 10 100 12 1 1 1 100 1 10 10 12 1 1 100 1 1 1 1 1 1 1 1 1 1 1 1 1 1 1 1 1 1 1 1 1 1 1 1 1 1 1 1 1 1 1 1 1 16 1 15 11 12 16 15 11 12 15 10 100 12 1 1 1 1 1 100 1 100 1 1 100 1 1 100 1 100 1 1
ciMethod java/lang/String isEmpty ()Z 1024 0 132554 0 -1
ciInstanceKlass java/lang/constant/Constable 1 0 11 100 1 100 1 1 1 1 1 1 1
ciInstanceKlass java/lang/constant/ConstantDesc 1 0 37 100 1 100 1 1 1 1 100 1 1 1 1 100 1 100 1 100 1 100 1 100 1 100 1 100 1 100 1 100 1 1 100 1 100 1 1
ciInstanceKlass java/io/PrintStream 1 1 354 100 1 10 12 1 1 8 1 10 7 12 1 1 1 10 100 12 1 1 1 100 1 100 1 100 1 10 10 7 12 1 1 9 12 1 1 9 12 1 9 12 1 10 12 1 1 10 12 1 9 12 1 7 1 10 12 1 9 12 1 1 7 1 10 12 1 9 12 1 1 10 12 1 10 12 1 8 1 7 1 10 12 1 10 12 1 100 1 10 10 12 1 8 10 12 1 9 12 1 1 100 1 8 1 10 10 12 1 1 10 12 1 10 12 1 10 10 10 12 1 1 10 12 1 1 100 1 10 100 12 1 1 1 10 12 1 10 12 1 10 10 12 1 10 12 1 10 10 12 1 10 12 10 7 12 1 1 1 10 12 1 1 10 10 12 1 10 12 1 10 12 1 10 12 1 10 12 1 10 10 12 1 10 10 7 12 1 1 1 10 12 1 10 12 1 1 10 12 1 10 12 10 12 1 10 12 1 10 12 1 10 12 10 12 10 12 10 12 1 1 10 12 1 9 12 1 1 10 7 12 1 1 1 9 7 12 1 1 1 10 7 12 1 1 1 10 12 1 10 12 1 10 12 1 8 1 11 7 12 1 1 1 10 12 1 1 10 12 1 10 12 1 100 1 100 1 1 1 1 1 1 1 1 1 1 1 1 1 1 1 1 100 1 1 1 1 1 1 1 1 100 1 1 1 1 1 1 1 1 1 100 1 1 1 1 1 1 1 1 1 1 1 1 1 1 1 1 1 1 1 1 1 1 1 1 1 100 1 1 1 1 1 1 1 1 1 1 1 1 1 1 1 1
ciMethod java/io/PrintStream println (Ljava/lang/String;)V 6 0 139 0 -1
ciMethod java/io/PrintStream println ()V 0 0 1 0 -1
ciInstanceKlass java/lang/AutoCloseable 1 0 12 100 1 100 1 1 1 1 100 1 1 1
ciInstanceKlass java/io/Closeable 1 0 14 100 1 100 1 100 1 1 1 1 100 1 1 1
ciInstanceKlass java/lang/Appendable 1 0 14 100 1 100 1 1 1 1 100 1 1 1 1 1
ciInstanceKlass java/util/Set 1 1 144 100 1 10 7 12 1 1 1 9 7 12 1 1 1 7 1 10 12 1 1 10 12 1 7 1 7 1 10 12 1 7 1 7 1 11 7 12 1 1 1 11 12 1 1 7 1 10 12 1 10 12 1 1 11 12 1 1 1 1 1 1 1 1 1 1 1 1 1 1 1 1 1 1 1 1 1 1 1 1 1 1 1 1 1 1 1 1 1 1 1 1 1 1 1 1 1 1 1 1 1 1 1 1 1 1 1 1 1 1 1 1 1 1 1 1 1 1 1 1 1 1 1 1 1 1 1 1 1 1 1 1 1 1 1 1 1 1 1 1 1 1 1 1
ciInstanceKlass java/util/Iterator 1 1 53 100 1 8 1 10 12 1 1 10 7 12 1 1 1 11 7 12 1 1 1 11 12 1 1 11 7 12 1 1 1 100 1 1 1 1 1 1 1 1 1 1 1 1 1 1 1 1 1 1 1 1 1
instanceKlass org/postgresql/util/ReaderInputStream
instanceKlass sun/nio/ch/NioSocketImpl$1
instanceKlass java/net/Socket$SocketInputStream
instanceKlass org/postgresql/core/VisibleBufferedInputStream
instanceKlass org/postgresql/gss/GSSInputStream
instanceKlass com/sun/javafx/iio/png/PNGIDATChunkInputStream
instanceKlass java/io/SequenceInputStream
instanceKlass com/sun/org/apache/xerces/internal/impl/XMLEntityManager$RewindableInputStream
instanceKlass sun/nio/ch/ChannelInputStream
instanceKlass java/util/zip/ZipFile$ZipFileInputStream
instanceKlass java/io/FilterInputStream
instanceKlass java/io/FileInputStream
instanceKlass java/io/ByteArrayInputStream
ciInstanceKlass java/io/InputStream 1 1 197 100 1 10 7 12 1 1 1 100 1 10 10 7 12 1 1 1 10 7 12 1 1 1 10 12 1 100 1 100 1 3 10 12 1 1 100 1 8 1 10 12 1 10 7 12 1 1 1 3 100 1 8 1 10 10 7 12 1 1 1 7 1 10 11 7 12 1 1 1 10 12 1 1 11 12 1 1 11 7 12 1 1 1 11 12 1 1 7 1 10 7 12 1 1 1 5 0 10 12 1 10 12 1 1 100 1 10 8 1 10 8 1 8 1 10 12 1 1 10 100 12 1 1 1 100 1 5 0 10 12 1 100 1 100 1 1 1 1 3 1 3 1 1 1 1 1 1 1 1 1 1 1 1 1 1 1 1 1 1 1 1 1 1 1 1 1 1 1 1 1 1 1 1 1 1 1 1 1 1 1 1 1 1 1 1 1 1 1 1 1 1 1 1 1 1 1
instanceKlass java/security/SecureClassLoader
ciInstanceKlass java/lang/ClassLoader 1 1 1057 9 7 12 1 1 1 10 7 12 1 1 1 9 12 1 1 10 7 12 1 1 1 7 1 10 12 1 1 10 12 1 1 9 12 1 1 10 12 1 1 100 1 10 12 1 10 12 1 1 10 7 12 1 1 1 100 1 8 1 10 12 1 10 7 1 10 7 1 7 1 7 1 10 12 1 10 12 1 9 12 1 1 10 10 7 12 1 1 1 9 12 1 1 9 12 1 9 12 1 1 9 12 1 9 12 1 1 9 12 1 1 7 1 10 12 1 9 12 1 1 10 12 1 1 10 7 12 1 1 1 9 12 1 9 12 1 1 9 12 1 10 12 1 1 9 12 10 12 1 1 7 1 10 8 1 10 12 1 1 10 12 1 10 7 1 7 1 10 7 12 1 1 1 10 7 12 1 1 1 8 1 10 12 1 10 12 1 10 12 1 1 10 12 1 1 10 12 1 1 10 12 1 1 10 12 1 1 10 12 1 100 1 10 12 1 10 100 12 1 1 1 10 12 1 1 10 12 1 10 12 1 10 12 1 10 12 1 10 12 1 1 10 10 12 1 10 12 1 10 10 12 1 1 10 12 1 1 100 1 8 1 10 8 1 10 12 1 10 12 1 100 1 8 1 10 12 1 1 10 12 1 1 10 10 12 1 1 10 12 1 1 10 12 1 1 10 7 1 10 12 1 10 12 1 1 10 12 1 1 10 12 1 1 10 12 1 1 10 12 1 1 10 12 1 1 10 12 1 1 10 7 12 1 1 1 10 12 1 10 12 1 10 12 1 1 10 12 1 10 12 1 10 12 1 10 12 1 1 10 12 1 10 12 1 1 8 1 9 12 1 10 12 1 1 8 1 8 1 10 7 12 1 1 100 1 10 10 12 10 12 1 10 12 1 10 12 1 10 12 1 1 10 7 12 1 1 10 12 1 10 7 1 7 1 10 12 1 1 10 12 1 10 7 1 10 12 1 100 1 18 12 1 10 100 12 1 1 1 10 100 12 1 1 1 10 7 12 1 1 10 12 1 10 12 1 100 1 10 12 1 8 1 10 10 12 1 1 10 12 1 10 12 1 1 100 1 10 12 1 1 10 100 12 1 1 10 12 1 10 7 12 1 1 10 12 1 8 1 100 1 10 10 12 1 9 12 1 10 7 12 1 1 10 12 1 100 1 8 1 10 12 1 10 8 1 8 1 10 12 1 1 10 12 1 1 10 12 1 1 10 100 12 1 1 100 1 100 1 10 12 1 1 100 1 100 1 10 100 12 1 1 10 12 1 10 12 1 10 12 1 10 12 1 10 12 1 1 10 12 1 8 1 7 1 18 12 1 1 10 12 1 1 10 12 1 10 12 1 10 12 1 8 1 10 12 1 10 12 1 18 12 1 11 100 12 1 1 1 100 1 10 12 1 1 10 12 1 10 11 12 1 1 10 18 10 12 1 1 11 100 12 1 18 12 1 11 12 1 1 10 12 1 10 12 1 1 10 12 1 1 7 1 8 1 10 10 12 1 8 1 8 1 10 100 12 1 1 10 12 1 100 1 10 10 12 1 8 1 8 1 8 1 10 12 1 10 12 1 10 12 1 1 10 12 1 1 10 12 1 10 100 12 1 1 1 11 100 12 1 1 100 1 10 11 10 12 1 10 12 1 10 12 1 1 9 100 12 1 1 9 12 1 1 9 12 9 12 1 9 12 1 9 12 1 8 10 12 1 1 10 7 12 1 1 1 10 12 1 1 10 12 1 1 10 12 1 10 10 12 1 11 12 1 1 10 100 12 1 1 1 100 1 10 12 1 10 12 1 10 12 1 1 1 1 1 1 1 1 1 1 1 1 1 1 1 1 1 1 1 1 1 1 1 1 1 1 100 1 1 1 1 1 1 1 1 1 1 1 1 1 1 1 1 1 1 1 1 1 1 1 1 1 100 1 1 1 1 1 1 1 1 1 1 1 1 1 1 1 1 1 1 1 1 1 1 1 1 1 1 1 1 1 1 1 1 1 1 1 1 1 1 1 1 1 1 1 100 1 1 1 1 1 1 1 1 1 1 1 1 1 1 1 1 1 1 1 1 1 100 1 1 1 1 1 1 1 1 1 1 1 1 1 1 1 1 1 1 1 1 1 1 1 1 1 1 1 1 1 1 1 1 1 1 1 1 1 1 1 1 1 1 1 1 100 1 1 1 1 1 1 1 1 1 1 1 1 1 1 1 1 1 1 1 1 1 1 1 1 1 1 1 1 1 1 1 1 1 1 1 1 1 1 1 1 1 1 1 1 1 1 1 1 1 1 1 16 1 15 10 12 16 1 16 15 10 12 16 1 16 1 15 10 12 16 15 10 12 16 15 10 12 16 15 10 7 12 1 1 1 1 1 100 1 100 1 1
staticfield java/lang/ClassLoader nocerts [Ljava/security/cert/Certificate; 0 [Ljava/security/cert/Certificate;
staticfield java/lang/ClassLoader $assertionsDisabled Z 1
instanceKlass com/sun/scenario/effect/ImageData$1
instanceKlass com/sun/scenario/effect/impl/ImagePool$1
instanceKlass com/sun/prism/impl/PrismTrace$1
instanceKlass java/util/logging/LogManager$Cleaner
instanceKlass com/sun/glass/ui/InvokeLaterDispatcher
instanceKlass java/util/concurrent/ForkJoinWorkerThread
instanceKlass com/sun/javafx/tk/quantum/QuantumToolkit$1
instanceKlass jdk/internal/misc/InnocuousThread
instanceKlass java/lang/ref/Finalizer$FinalizerThread
instanceKlass java/lang/ref/Reference$ReferenceHandler
instanceKlass java/lang/BaseVirtualThread
ciInstanceKlass java/lang/Thread 1 1 759 10 7 12 1 1 1 9 12 1 1 10 7 12 1 1 10 12 1 10 100 12 1 1 100 1 8 1 10 12 1 1 9 12 1 1 9 12 1 9 12 1 1 100 1 10 12 1 1 10 12 1 100 1 10 12 10 12 1 1 9 12 1 1 10 12 1 100 1 10 12 1 10 12 1 1 10 12 1 1 10 12 1 10 12 1 1 100 1 8 1 10 9 100 12 1 1 1 10 12 1 1 10 3 8 1 100 1 5 0 10 7 12 1 1 1 9 12 1 10 12 1 1 10 7 1 100 1 8 1 10 7 1 10 12 1 9 12 1 1 10 12 1 1 10 12 1 1 10 7 12 1 1 10 12 1 10 12 1 10 7 12 1 1 5 0 9 12 1 10 7 12 1 1 1 10 12 1 1 9 12 1 1 9 12 1 1 10 100 12 1 1 10 100 12 1 1 1 10 12 1 10 12 1 1 9 12 1 1 10 7 12 1 1 9 12 1 8 1 9 100 12 1 1 1 5 0 100 1 10 100 1 10 100 1 10 7 1 10 8 1 10 12 1 1 10 7 12 1 10 12 1 10 12 1 100 1 8 1 10 10 12 1 10 12 1 1 10 100 12 1 1 1 10 100 12 1 1 1 10 12 1 7 1 9 12 1 1 100 1 10 10 12 1 9 12 1 1 10 12 1 1 10 12 1 1 10 12 1 10 12 1 9 12 1 1 10 10 12 1 1 10 12 1 1 11 7 12 1 1 10 7 12 1 1 9 12 1 9 12 1 1 9 12 1 1 10 100 12 1 1 10 12 1 1 9 7 12 1 1 1 10 7 12 1 1 10 12 1 10 12 1 100 1 10 9 12 1 1 10 12 1 11 100 12 1 1 11 12 1 10 12 1 10 12 1 10 12 1 9 12 1 10 10 12 1 10 12 1 1 9 12 1 9 12 10 12 1 8 1 10 12 1 10 12 1 10 12 1 10 12 1 10 12 1 1 10 12 1 10 12 1 1 10 100 12 1 1 10 12 1 10 12 1 10 12 1 10 12 1 1 9 7 12 1 1 1 8 1 10 9 12 1 10 12 1 7 1 8 1 10 10 12 1 8 1 10 12 1 1 9 12 8 1 10 10 12 1 10 12 1 8 1 10 12 1 10 8 1 9 12 1 1 10 12 1 1 10 10 12 1 10 12 1 100 10 7 12 1 1 1 10 12 1 1 10 12 1 1 10 100 12 1 1 1 11 100 12 1 1 1 10 12 1 1 9 12 1 10 12 1 10 12 1 1 11 100 12 1 1 1 10 12 1 1 1 1 3 1 3 1 3 1 3 1 1 1 1 1 1 1 1 1 1 1 1 1 1 1 1 1 1 1 1 1 1 100 1 1 1 1 1 1 1 1 1 1 1 1 1 1 1 1 1 1 100 1 1 1 1 1 1 1 1 1 1 1 1 1 1 1 100 1 1 1 1 1 1 1 1 1 1 1 1 1 1 1 1 1 1 1 1 1 1 1 1 1 1 1 1 1 1 1 1 1 1 1 1 1 1 1 1 1 1 1 1 1 1 1 1 1 1 1 1 1 1 1 1 1 1 1 1 1 1 1 1 1 1 1 1 1 1 100 100 1 1 1 1 1 1 1 1 1 1 1 1 1 1 1 1 1 1 1 1 1 1 1 100 1 100 1 100 1 1 100 1 1 1 1 1 1 1 1 1 1 1 1 1 1
staticfield java/lang/Thread NEW_THREAD_BINDINGS Ljava/lang/Object; java/lang/Class
staticfield java/lang/Thread EMPTY_STACK_TRACE [Ljava/lang/StackTraceElement; 0 [Ljava/lang/StackTraceElement;
ciInstanceKlass java/lang/Runnable 1 1 11 100 1 100 1 1 1 1 1 1 1
ciInstanceKlass java/lang/Class 1 1 1647 10 7 12 1 1 1 10 7 12 1 1 9 12 1 1 9 12 1 1 10 12 1 1 8 1 10 12 1 8 1 8 1 10 12 1 1 10 7 12 1 1 1 10 12 1 7 1 10 10 12 1 10 12 1 1 10 12 1 1 10 12 1 1 10 7 12 1 1 10 12 1 10 12 1 10 12 1 1 10 12 1 8 1 10 12 1 8 1 10 12 1 8 1 8 1 10 12 1 1 10 7 12 1 1 1 18 12 1 1 11 7 12 1 1 1 8 1 8 1 8 1 10 7 12 1 1 1 11 12 1 1 8 1 10 12 1 10 10 12 1 1 10 12 1 8 1 10 12 1 1 8 1 10 12 1 10 12 1 1 11 100 12 1 1 1 11 100 12 1 1 1 11 8 1 18 8 1 10 12 1 10 7 12 1 1 10 12 1 1 10 7 12 1 1 1 10 12 1 1 10 12 1 1 10 7 12 1 1 1 10 7 12 1 10 12 1 1 10 7 1 10 12 1 8 1 10 8 1 8 1 8 1 8 1 8 1 8 1 8 1 8 1 9 100 12 1 1 9 100 1 9 100 1 9 100 1 9 100 1 9 100 1 9 100 1 9 100 1 9 100 1 9 12 1 1 7 1 8 1 10 12 1 10 12 1 1 100 1 10 12 1 1 10 7 12 1 1 1 10 7 12 1 1 1 7 1 7 1 10 10 12 1 1 10 12 1 1 100 1 10 100 12 1 1 1 10 12 1 1 10 12 1 1 9 12 1 1 10 12 1 9 12 1 1 9 12 1 1 10 12 1 1 10 7 1 10 12 1 10 12 1 1 10 9 12 1 10 12 1 8 1 10 12 1 1 10 12 1 1 10 12 1 10 12 1 10 12 1 1 10 12 1 9 7 12 1 1 1 10 7 12 1 1 10 12 1 10 12 1 10 12 1 10 12 1 9 100 12 1 1 1 9 12 1 10 12 1 10 100 12 1 1 1 9 12 1 1 10 7 10 12 1 1 10 100 12 1 1 10 12 1 10 12 1 1 10 100 12 1 1 1 10 12 1 10 12 1 1 10 12 1 10 12 1 10 12 1 1 10 7 1 10 10 12 1 1 10 12 1 1 10 12 10 10 12 1 1 100 1 8 1 10 10 12 1 1 10 12 1 100 1 11 12 1 10 12 1 10 12 1 10 100 12 1 1 10 10 12 1 1 8 1 10 12 1 8 1 9 12 1 10 12 1 10 12 1 10 12 1 10 12 100 1 9 12 1 10 12 1 9 12 1 10 12 1 10 12 1 10 12 1 10 10 12 1 10 12 1 10 12 1 10 12 1 10 12 1 10 12 1 7 1 10 10 12 1 10 12 1 11 100 12 1 1 11 12 1 1 10 12 1 1 10 12 1 1 10 12 1 1 10 12 1 1 10 12 1 1 10 12 1 1 7 1 10 10 12 1 1 10 12 1 1 10 12 1 1 10 10 12 1 10 12 1 1 10 12 1 1 10 12 1 1 10 12 1 1 10 12 10 12 1 1 10 7 12 1 1 1 10 12 1 10 12 1 1 10 12 1 10 7 12 1 1 1 10 12 1 1 10 10 12 1 1 7 1 10 10 12 1 1 10 100 12 1 1 1 100 1 100 1 10 12 1 1 10 12 1 10 10 12 1 1 10 12 1 10 12 1 10 12 1 10 100 12 1 1 1 11 7 12 1 1 10 12 1 10 12 1 10 12 1 1 10 12 1 9 7 12 1 1 1 8 1 10 12 1 10 12 1 10 12 1 10 12 1 1 9 12 1 9 12 1 1 10 7 12 1 1 9 12 1 10 12 1 1 10 10 12 1 10 7 12 1 1 1 10 7 12 1 1 10 7 12 1 1 9 12 1 1 10 12 1 9 12 1 10 12 1 10 12 1 1 9 12 1 1 9 12 1 10 12 1 10 12 1 1 9 12 1 100 1 10 10 12 1 1 7 1 10 100 11 100 1 9 12 1 1 9 12 1 10 12 1 9 12 1 1 9 12 1 10 12 1 10 12 1 1 9 12 1 7 1 10 10 12 1 1 10 10 12 1 10 12 10 10 12 1 9 12 1 10 12 1 1 10 12 1 8 10 7 8 1 18 8 1 8 1 10 12 1 9 12 1 9 12 1 1 10 12 1 7 1 100 1 10 12 1 9 12 1 1 10 10 12 1 9 12 1 8 1 10 12 1 10 10 12 1 1 100 1 100 1 9 12 1 100 1 8 1 10 10 7 12 1 1 1 10 12 11 7 12 1 1 1 10 12 1 10 12 1 1 10 8 1 10 12 1 8 1 10 12 1 1 9 7 12 1 1 11 12 7 1 11 100 12 1 1 9 12 1 10 100 12 1 1 1 10 7 12 1 1 10 12 1 1 9 12 1 9 10 12 1 1 10 12 1 1 10 12 1 1 10 12 1 1 10 12 1 1 11 12 1 11 12 1 1 11 7 12 1 1 11 12 1 7 1 11 12 1 10 7 12 1 1 1 10 12 1 11 12 1 10 7 12 1 1 1 10 12 1 10 7 12 1 1 1 11 12 1 11 12 1 1 10 12 1 10 12 1 1 9 12 1 1 10 12 1 10 100 12 1 1 1 10 12 1 1 10 12 1 10 12 1 10 12 1 10 7 12 1 1 1 10 12 1 8 1 10 12 1 10 12 1 10 12 1 8 1 8 1 10 7 12 1 1 10 100 12 1 1 100 1 10 12 10 7 12 1 1 1 10 7 12 1 1 1 10 12 1 1 10 12 1 18 12 1 1 11 12 1 1 18 11 12 1 18 12 1 11 12 1 10 12 1 10 12 1 10 12 1 10 12 10 12 1 8 1 10 12 1 7 1 9 12 1 1 100 1 100 1 100 1 100 1 1 1 3 1 3 1 3 1 1 1 1 1 1 1 1 1 5 0 1 1 1 1 1 1 1 1 1 1 1 1 1 1 1 1 1 1 1 1 1 1 1 1 1 100 1 1 1 1 1 1 1 1 1 1 1 100 1 1 1 1 1 7 1 1 1 1 1 1 1 1 1 1 1 1 1 1 1 1 1 1 1 1 1 1 1 1 1 1 1 1 1 1 1 1 1 1 1 100 1 1 1 1 1 1 1 1 1 1 1 1 1 1 1 1 1 1 1 1 1 1 1 1 1 1 1 1 1 1 1 100 1 1 1 1 1 1 1 1 1 1 1 1 1 1 1 1 1 1 1 1 1 1 1 1 1 1 1 1 1 1 1 1 1 1 1 1 1 1 1 1 1 1 1 1 1 1 1 1 1 1 1 1 1 1 1 1 1 1 1 1 1 100 1 100 1 1 1 1 1 1 1 100 1 1 1 1 1 1 1 1 1 1 1 1 1 1 1 1 1 1 1 1 1 1 1 1 1 1 1 1 1 1 1 1 1 1 1 1 1 1 1 1 1 1 1 1 1 1 1 1 1 1 1 1 1 1 1 1 1 1 1 1 1 1 1 1 1 1 1 1 1 1 1 1 1 1 1 1 1 1 1 1 1 1 1 1 1 1 1 1 1 1 1 1 1 1 1 1 1 1 1 1 1 1 1 1 1 1 1 1 1 1 1 1 1 1 16 15 10 12 16 15 11 12 16 1 15 10 12 16 16 15 10 12 16 15 16 1 15 10 12 16 15 10 7 12 1 1 1 1 1 1 1 1 1 1 1 1 100 1 1 100 1 100 1 1 100 1 100 1 1
staticfield java/lang/Class EMPTY_CLASS_ARRAY [Ljava/lang/Class; 0 [Ljava/lang/Class;
staticfield java/lang/Class serialPersistentFields [Ljava/io/ObjectStreamField; 0 [Ljava/io/ObjectStreamField;
ciInstanceKlass java/lang/reflect/AnnotatedElement 1 1 165 11 7 12 1 1 1 11 12 1 1 100 1 10 100 12 1 1 1 10 12 1 1 10 12 1 1 10 12 1 10 100 12 1 1 1 11 12 1 1 11 100 12 1 1 10 100 12 1 1 1 10 12 1 10 100 12 1 1 1 18 12 1 1 11 100 12 1 1 18 12 1 18 12 1 1 10 100 12 1 1 1 11 100 12 1 1 1 100 1 10 100 12 1 1 1 1 1 1 1 1 1 1 1 1 1 1 1 1 1 1 1 1 1 1 1 1 1 1 100 1 1 1 1 1 1 1 1 1 1 1 16 15 16 1 16 1 15 11 12 16 16 1 15 10 100 12 1 1 1 16 1 15 10 100 12 1 1 1 1 100 1 100 1 1
ciInstanceKlass java/lang/reflect/Type 1 1 17 11 100 12 1 1 1 100 1 1 1 1 1 1 1 1 1
ciInstanceKlass java/lang/invoke/TypeDescriptor 1 0 17 100 1 100 1 1 1 1 1 1 100 1 100 1 1 1 1
ciInstanceKlass java/lang/invoke/TypeDescriptor$OfField 1 0 21 100 1 100 1 100 1 1 1 1 1 1 1 1 1 1 1 1 1 1 1
ciInstanceKlass java/lang/reflect/GenericDeclaration 1 0 30 100 1 100 1 100 1 1 1 1 1 1 1 1 100 1 8 1 1 12 10 1 1 1 8 1 1 1 8 1
ciMethod java/lang/Class getName ()Ljava/lang/String; 512 0 22009 0 -1
ciMethod java/lang/Class getSuperclass ()Ljava/lang/Class; 256 0 128 0 -1
ciMethod java/lang/Class getSimpleName ()Ljava/lang/String; 46 0 37 0 -1
ciInstanceKlass java/lang/Module 1 1 1068 10 7 12 1 1 1 9 7 12 1 1 1 10 7 12 1 1 1 9 12 1 9 12 1 1 9 12 1 1 10 12 1 1 10 12 1 10 12 1 1 10 7 12 1 1 1 7 1 10 7 12 1 1 1 10 12 1 1 11 7 12 1 1 1 10 12 1 1 10 12 1 8 1 10 7 12 1 1 1 10 7 12 1 1 1 10 7 12 1 1 1 10 12 1 1 10 12 1 9 12 1 1 10 7 12 1 1 1 9 7 12 1 1 1 7 1 10 8 1 10 12 1 1 10 12 1 10 12 8 1 10 7 12 1 1 1 10 7 12 1 1 1 10 7 12 1 1 1 8 1 10 12 1 8 1 9 12 1 100 1 8 1 10 12 1 10 8 1 8 1 8 1 10 7 12 1 1 1 8 1 10 7 12 1 1 1 8 1 10 12 1 9 12 1 1 11 12 1 9 7 12 1 1 10 7 12 1 1 1 10 7 12 1 1 1 10 12 1 1 8 1 10 12 1 1 10 12 1 10 12 1 1 9 7 12 1 1 1 10 12 1 1 10 12 1 1 9 12 1 10 12 1 10 12 1 9 12 1 1 11 7 12 1 1 10 12 1 1 9 12 1 9 12 1 10 12 1 10 12 1 100 1 8 1 10 10 12 1 1 10 12 1 8 1 10 12 1 1 8 1 8 1 10 12 1 1 10 12 1 10 12 1 1 18 12 1 1 10 12 1 1 11 12 1 9 12 1 11 12 10 12 1 100 1 8 1 10 11 12 1 1 10 7 12 1 1 1 10 12 1 10 12 1 1 11 12 1 1 11 7 12 1 1 11 12 1 1 9 12 1 11 12 1 10 12 1 1 10 12 1 1 9 12 1 10 12 10 7 12 1 1 10 7 1 18 12 1 1 11 100 12 1 1 1 18 12 1 11 12 1 1 10 100 12 1 1 1 11 12 1 1 10 7 12 1 1 7 1 11 12 1 7 1 7 1 10 12 1 10 7 12 1 1 1 10 7 12 1 1 1 10 11 7 12 1 8 1 10 10 12 1 1 10 7 12 1 1 10 12 1 10 12 1 7 1 10 12 1 10 11 12 1 1 10 12 10 12 1 1 9 12 1 1 100 1 10 10 12 1 1 11 100 1 10 12 1 1 11 12 1 10 10 12 1 11 10 12 1 1 10 12 1 1 10 12 1 1 10 7 12 1 1 10 12 1 10 12 1 1 10 10 12 1 1 10 12 1 18 12 1 11 12 1 18 12 1 10 12 1 10 12 1 10 12 7 1 10 12 1 10 12 1 10 12 1 9 12 1 7 1 10 10 10 10 12 1 10 12 1 10 12 1 10 12 1 1 10 12 1 1 10 12 1 9 12 1 10 12 1 100 1 8 1 10 12 1 1 10 12 1 10 100 12 1 1 100 1 10 12 1 1 100 1 8 1 100 1 9 100 12 1 1 1 11 100 12 1 1 10 12 1 1 11 12 1 1 18 12 1 1 11 12 1 1 100 1 10 12 1 10 12 1 1 100 1 100 1 10 12 8 1 10 12 1 1 10 12 1 1 10 7 12 1 1 10 12 1 1 10 12 1 10 12 10 12 1 1 7 1 10 10 12 1 1 10 100 12 1 1 1 100 1 10 100 12 1 1 1 10 100 12 1 1 8 1 18 12 1 1 100 1 100 1 9 12 1 1 9 12 1 9 12 1 11 100 12 1 1 1 100 1 11 12 1 1 100 1 10 12 1 8 1 10 12 1 10 12 10 12 1 8 1 10 10 100 12 1 1 7 1 10 10 12 1 10 7 12 1 1 9 12 1 9 12 1 9 12 1 9 12 1 10 12 11 12 1 10 12 1 100 1 1 1 1 1 1 1 1 1 1 1 1 1 1 1 1 1 1 1 1 1 1 1 1 1 1 1 1 1 1 1 1 1 1 1 1 1 1 1 1 1 1 1 1 1 1 1 1 1 1 1 1 1 1 1 1 1 1 1 1 1 1 1 1 1 1 1 1 1 1 1 1 1 1 1 1 1 1 1 1 1 1 1 1 1 1 1 1 1 1 1 1 1 1 1 1 1 1 1 1 1 1 1 1 1 1 1 1 1 1 1 1 1 1 100 100 1 1 1 1 1 1 1 1 1 1 1 1 1 1 1 1 1 1 1 1 1 1 1 1 1 1 100 1 7 1 1 1 1 1 1 1 1 1 1 1 1 1 1 1 1 1 1 100 1 1 1 1 1 1 1 1 1 1 1 1 1 1 1 1 1 1 1 1 1 1 1 16 15 10 12 16 16 15 10 12 16 16 15 10 16 1 15 10 12 16 1 15 10 12 16 1 16 1 15 10 12 16 15 10 7 12 1 1 1 15 10 100 12 1 1 1 1 1 1 1 1 1 1 1 1 1 100 1 100 1 1
staticfield java/lang/Module ALL_UNNAMED_MODULE Ljava/lang/Module; java/lang/Module
staticfield java/lang/Module ALL_UNNAMED_MODULE_SET Ljava/util/Set; java/util/ImmutableCollections$Set12
staticfield java/lang/Module EVERYONE_MODULE Ljava/lang/Module; java/lang/Module
staticfield java/lang/Module EVERYONE_SET Ljava/util/Set; java/util/ImmutableCollections$Set12
staticfield java/lang/Module $assertionsDisabled Z 1
ciInstanceKlass java/lang/Math 1 1 460 7 1 7 1 10 100 12 1 1 1 10 7 12 1 1 1 10 12 1 10 12 1 10 12 1 10 12 1 10 12 1 6 0 6 0 10 12 1 10 12 1 10 12 1 10 12 1 10 12 1 10 12 1 1 10 12 1 10 12 1 10 12 1 10 12 1 10 12 1 10 7 12 1 1 1 100 1 3 3 3 10 12 1 1 100 1 5 0 5 0 5 0 5 0 5 0 9 100 12 1 1 1 10 100 12 1 1 1 100 1 8 1 10 12 1 8 1 10 12 1 1 10 12 1 1 100 1 5 0 5 0 100 1 3 5 0 3 5 0 10 12 1 10 12 1 10 12 1 10 12 1 10 12 1 8 1 10 12 1 8 1 10 12 1 1 10 12 1 1 9 12 1 1 9 12 1 100 1 100 1 10 10 12 1 1 8 1 10 12 1 10 12 1 1 10 10 12 1 10 12 1 10 12 1 10 12 1 1 8 1 8 1 10 12 1 1 10 12 1 10 12 10 12 10 12 1 10 12 1 10 12 1 10 12 1 10 12 6 0 10 12 1 9 12 1 1 100 1 10 10 12 1 100 1 10 12 1 10 12 1 1 10 12 1 10 12 1 10 12 10 12 1 1 10 12 1 1 10 12 1 1 10 12 6 0 10 12 1 1 10 12 10 12 1 4 10 12 1 10 12 1 10 12 10 12 1 10 12 1 10 12 1 10 12 1 10 12 1 10 12 1 5 0 6 0 4 6 0 4 6 0 4 10 12 1 6 0 6 0 10 12 1 10 12 10 7 12 1 1 1 4 6 0 1 1 1 6 0 1 6 0 1 6 0 1 1 1 1 1 1 1 1 1 1 1 1 1 1 1 1 1 1 1 1 1 1 1 1 1 1 1 1 1 1 1 1 1 1 1 1 1 1 1 1 1 1 1 1 1 1 1 1 1 1 1 1 1 1 1 1 1 1 1 1 1 1 1 1 1 1 1 1 1 1 1 1 1 1 1 1 1 1 1 1 1 1 1 1 1 1 1 1 1 1 1 1 1 1 1
staticfield java/lang/Math negativeZeroFloatBits J -2147483648
staticfield java/lang/Math negativeZeroDoubleBits J -9223372036854775808
staticfield java/lang/Math $assertionsDisabled Z 1
ciInstanceKlass jdk/internal/misc/Unsafe 1 1 1245 10 7 12 1 1 1 10 7 12 1 1 9 12 1 1 9 12 1 1 10 12 1 1 10 7 12 1 1 1 10 12 1 1 10 12 1 1 10 12 1 1 10 12 1 1 10 12 1 1 10 12 1 1 10 12 1 1 10 12 1 1 10 12 1 1 10 12 1 1 10 12 1 1 10 12 1 1 10 12 1 1 10 12 1 10 12 1 100 1 10 10 12 1 1 10 12 1 1 5 0 10 12 1 1 10 12 1 1 10 7 12 1 1 1 10 12 1 1 10 12 1 10 12 1 10 12 1 1 10 12 1 1 10 12 1 10 12 1 100 1 100 1 10 8 1 10 12 1 1 10 12 1 8 1 10 12 1 1 10 12 1 10 12 1 10 12 1 1 10 12 1 10 12 1 1 10 12 1 1 10 12 1 10 12 1 10 12 1 10 12 1 1 10 12 1 10 12 1 10 12 1 1 10 12 1 5 0 5 0 5 0 10 12 1 10 12 1 10 12 1 10 12 1 10 12 1 10 12 1 10 12 1 10 12 1 10 12 1 1 10 12 1 10 12 1 100 1 8 1 10 100 1 10 10 12 1 1 10 12 1 1 10 12 1 10 12 1 1 10 12 1 1 10 12 1 10 12 1 1 10 12 1 9 7 12 1 1 9 12 1 100 1 10 10 12 1 1 8 1 10 8 1 8 1 10 12 1 1 9 7 12 1 1 1 9 100 1 9 100 1 9 7 1 9 9 100 1 9 7 1 9 100 1 10 12 1 1 10 12 1 1 10 12 1 1 10 12 1 1 5 0 5 0 9 12 1 1 10 12 1 10 12 1 10 12 1 1 10 12 1 1 10 12 1 8 1 3 10 12 1 1 10 12 1 1 10 12 1 10 12 1 1 10 12 1 1 10 12 1 10 12 1 10 12 1 10 12 1 10 12 1 10 12 1 1 10 12 1 1 10 12 1 10 12 1 10 12 1 10 12 1 10 12 1 10 12 1 1 10 12 1 1 10 12 1 10 12 1 10 12 1 10 12 1 10 12 1 10 12 1 1 10 12 1 1 10 12 1 1 10 12 1 1 10 12 1 10 12 1 10 12 1 10 12 1 10 12 1 10 12 1 10 12 1 1 10 12 1 1 10 12 1 10 12 1 10 12 1 10 12 1 10 12 1 10 12 1 10 12 1 1 10 12 1 1 10 12 1 10 12 1 10 12 1 10 12 1 10 12 1 10 12 1 10 12 1 10 12 1 1 10 12 1 10 12 1 10 12 1 10 12 1 10 12 1 1 10 12 1 10 12 1 10 12 1 10 12 1 10 12 1 10 12 1 10 12 1 10 12 1 1 10 12 1 10 12 1 10 12 1 10 12 1 10 12 1 10 12 1 1 10 12 1 10 12 1 10 12 1 1 10 12 1 10 12 1 10 12 1 10 12 1 10 12 1 10 12 1 10 12 1 10 12 1 10 12 1 10 12 1 10 12 1 10 12 1 10 12 1 10 12 1 10 12 1 10 12 1 10 12 1 10 12 1 10 12 1 10 12 1 10 12 1 10 12 1 10 12 1 100 1 10 100 1 10 9 12 1 5 0 10 12 1 1 5 0 10 12 1 5 0 10 12 1 10 12 1 10 12 1 1 10 12 1 1 10 12 1 10 12 1 10 12 1 10 12 1 1 10 12 1 10 12 1 10 12 1 10 12 1 10 12 1 1 10 12 1 10 12 1 10 12 1 10 12 1 1 10 12 1 10 12 1 10 12 1 1 10 12 1 10 12 1 10 12 1 10 12 1 1 10 12 1 10 10 12 1 1 10 12 1 10 12 1 1 10 12 1 10 12 5 0 5 0 5 0 10 12 1 1 10 12 1 10 12 1 10 12 10 100 12 1 1 8 1 100 1 11 12 1 1 8 1 11 12 1 1 10 100 12 1 1 10 12 1 10 7 1 10 12 1 9 12 1 7 1 9 12 1 7 1 9 12 1 7 1 9 12 1 7 1 9 12 1 7 1 9 12 1 7 1 9 12 1 7 1 9 12 1 7 1 9 12 1 10 12 1 9 12 1 9 12 1 9 12 1 9 12 1 9 12 1 9 12 1 9 12 1 9 12 1 9 12 1 9 12 1 1 1 3 1 1 1 1 1 1 1 1 1 1 1 1 1 1 1 1 1 1 1 1 1 1 1 1 1 1 1 1 1 1 1 1 1 1 1 1 1 1 1 1 1 1 1 1 1 1 1 1 1 1 1 1 1 1 1 1 1 1 1 1 1 1 1 1 1 1 1 1 1 1 1 1 1 1 1 1 1 1 1 1 1 1 1 1 1 1 1 1 1 1 100 1 1 1 1 1 1 1 1 1 1 1 1 1 1 1 1 1 1 1 1 1 1 1 1 1 1 1 1 1 1 1 1 1 1 1 1 1 1 1 1 1 1 1 1 1 1 1 1 1 1 1 1 1 1 1 1 1 1 1 1 1 1 1 1 1 1 1 1 1 1 1 1 1 1 1 1 1 1 1 1 1 1 1 1 1 1 1 1 1 1 1 1 1 1 1 1 1 1 1 1 1 1 1 1 1 1 1 1 1 1 1 1 1 1 1 1 1 1 1 1 1 1 1 1 1 1 1 1 1 1 1 1 1 1 1 1 1 1 1 1 1 1 1 1 1 1 1 1 1 1 1 1 1 1 1 1 1 1 1 1 1 1 1 1 1 1 1 1 1 1 1 1 1 1 1 1 1 1 1 1 1 1 1 1 1 1 1 1 1 1 1 1 1 1 1 1 1 1 1 1 1 1 1 1 1 1 1 1 1 1 1 1 1
staticfield jdk/internal/misc/Unsafe theUnsafe Ljdk/internal/misc/Unsafe; jdk/internal/misc/Unsafe
staticfield jdk/internal/misc/Unsafe ARRAY_BOOLEAN_BASE_OFFSET I 16
staticfield jdk/internal/misc/Unsafe ARRAY_BYTE_BASE_OFFSET I 16
staticfield jdk/internal/misc/Unsafe ARRAY_SHORT_BASE_OFFSET I 16
staticfield jdk/internal/misc/Unsafe ARRAY_CHAR_BASE_OFFSET I 16
staticfield jdk/internal/misc/Unsafe ARRAY_INT_BASE_OFFSET I 16
staticfield jdk/internal/misc/Unsafe ARRAY_LONG_BASE_OFFSET I 16
staticfield jdk/internal/misc/Unsafe ARRAY_FLOAT_BASE_OFFSET I 16
staticfield jdk/internal/misc/Unsafe ARRAY_DOUBLE_BASE_OFFSET I 16
staticfield jdk/internal/misc/Unsafe ARRAY_OBJECT_BASE_OFFSET I 16
staticfield jdk/internal/misc/Unsafe ARRAY_BOOLEAN_INDEX_SCALE I 1
staticfield jdk/internal/misc/Unsafe ARRAY_BYTE_INDEX_SCALE I 1
staticfield jdk/internal/misc/Unsafe ARRAY_SHORT_INDEX_SCALE I 2
staticfield jdk/internal/misc/Unsafe ARRAY_CHAR_INDEX_SCALE I 2
staticfield jdk/internal/misc/Unsafe ARRAY_INT_INDEX_SCALE I 4
staticfield jdk/internal/misc/Unsafe ARRAY_LONG_INDEX_SCALE I 8
staticfield jdk/internal/misc/Unsafe ARRAY_FLOAT_INDEX_SCALE I 4
staticfield jdk/internal/misc/Unsafe ARRAY_DOUBLE_INDEX_SCALE I 8
staticfield jdk/internal/misc/Unsafe ARRAY_OBJECT_INDEX_SCALE I 4
staticfield jdk/internal/misc/Unsafe ADDRESS_SIZE I 8
ciInstanceKlass java/lang/Thread$FieldHolder 1 1 48 10 7 12 1 1 1 9 7 12 1 1 1 9 12 1 1 9 12 1 1 9 12 1 1 9 12 1 1 1 1 1 1 1 1 1 1 100 1 100 1 1 1 1 100 1 1 1
ciInstanceKlass java/lang/Thread$Constants 0 0 47 100 1 10 100 12 1 1 1 10 12 1 1 10 12 1 1 10 100 12 1 1 8 1 10 12 1 9 100 12 1 1 1 1 1 1 1 1 1 1 1 1 1 1 1 1 1
ciInstanceKlass java/lang/ThreadGroup 1 1 383 10 7 12 1 1 1 9 7 12 1 1 1 8 1 9 12 1 1 100 1 9 12 1 1 9 12 1 1 10 7 12 1 1 1 10 12 1 1 10 12 1 10 12 1 1 10 12 1 1 10 12 1 10 12 1 10 12 1 10 100 12 1 1 1 10 12 1 1 18 12 1 1 11 100 12 1 1 1 10 12 1 1 10 12 1 1 10 12 1 1 10 100 12 1 1 1 10 12 1 11 12 1 1 11 100 12 1 1 11 12 1 1 10 12 1 1 10 12 1 10 12 1 11 12 1 11 12 1 1 10 12 1 100 1 10 18 12 1 1 11 100 12 1 1 1 11 12 1 1 9 100 12 1 1 1 10 12 1 1 8 1 10 100 12 1 1 1 10 100 12 1 1 1 10 12 1 1 11 12 10 12 1 1 10 12 1 1 11 100 1 9 12 1 100 1 10 8 1 10 12 1 1 10 12 1 1 8 1 10 12 1 10 100 12 1 1 1 10 12 1 1 10 7 1 8 1 10 8 1 10 12 1 10 12 1 8 1 9 12 1 1 9 12 1 10 100 12 1 1 1 100 9 12 1 1 7 1 9 12 1 10 12 10 12 1 1 100 10 12 9 12 1 10 12 1 100 1 10 11 12 1 1 100 1 10 10 12 1 10 12 1 1 1 1 1 1 1 1 1 1 1 1 1 1 1 1 3 1 1 1 1 1 1 1 1 1 1 1 100 1 1 1 1 1 1 1 1 1 1 1 1 1 1 1 1 1 1 1 1 1 1 1 1 1 1 1 1 1 1 1 1 1 1 1 1 1 1 1 16 15 10 12 16 16 15 10 12 16 15 10 100 12 1 1 1 1 1 100 1 100 1 1
staticfield java/lang/ThreadGroup $assertionsDisabled Z 1
ciInstanceKlass java/lang/Thread$UncaughtExceptionHandler 1 0 16 100 1 100 1 1 1 1 1 1 1 1 100 1 1 1
instanceKlass java/lang/ThreadBuilders$BoundVirtualThread
instanceKlass java/lang/VirtualThread
ciInstanceKlass java/lang/BaseVirtualThread 0 0 36 10 100 12 1 1 1 100 1 1 1 1 1 1 1 1 1 1 1 1 1 1 1 1 1 1 1 1 100 1 100 1 1 100 1 1
ciInstanceKlass java/lang/VirtualThread 0 0 990 9 100 12 1 1 1 9 12 1 1 10 100 12 1 1 1 9 12 1 1 10 100 12 1 1 1 10 100 12 1 1 1 10 100 12 1 1 1 9 12 1 1 100 1 10 12 1 9 12 1 1 18 12 1 1 9 12 1 1 10 12 1 1 100 1 10 12 1 10 12 1 1 10 12 1 1 10 12 1 10 12 1 1 9 12 1 1 10 12 1 10 100 12 1 10 12 1 10 12 1 10 12 1 10 12 1 9 12 1 1 11 100 12 1 1 1 10 10 12 1 11 100 12 1 1 1 10 12 1 100 1 10 12 1 1 100 1 9 12 1 1 5 0 10 100 12 1 1 1 9 12 1 100 1 100 1 10 10 100 12 1 1 1 10 100 12 1 1 1 10 12 1 1 10 12 1 10 12 1 1 10 12 1 10 12 10 12 1 100 1 10 10 12 1 10 12 1 1 9 12 1 1 10 12 1 1 9 12 1 1 10 12 1 9 12 1 10 100 12 1 1 10 9 10 10 12 1 1 10 12 1 1 10 100 12 1 1 10 100 1 10 9 10 100 1 10 12 1 1 10 12 1 10 10 12 1 1 9 12 1 10 12 1 10 12 1 9 12 1 1 10 12 1 10 12 1 10 12 1 1 9 12 1 1 10 12 1 10 12 1 1 10 12 1 10 12 1 1 9 12 1 18 9 100 12 1 1 1 10 12 1 1 9 12 1 10 12 1 10 12 1 1 10 12 1 9 12 1 1 18 12 1 9 12 1 9 12 1 10 12 9 12 1 1 10 100 12 1 1 10 12 1 10 12 1 1 10 100 12 1 1 10 12 1 100 1 8 1 10 12 1 10 12 1 1 10 12 1 10 12 1 10 12 1 10 100 12 1 1 10 12 1 10 12 1 10 12 1 10 12 1 10 100 12 1 1 8 1 10 12 1 10 12 1 10 12 1 10 12 1 1 10 12 1 10 12 10 12 1 100 1 10 10 12 1 10 12 1 1 10 12 1 1 10 12 1 10 12 1 10 12 1 1 10 12 1 1 11 100 12 1 1 11 12 1 10 12 9 100 12 1 1 1 9 12 1 10 12 1 1 9 12 1 9 12 1 9 12 1 9 12 1 100 1 10 10 12 1 1 10 12 1 100 1 100 1 10 8 1 10 12 1 1 10 12 1 10 12 1 10 10 12 1 8 1 10 10 12 1 10 12 1 10 100 12 1 1 8 1 8 1 10 12 1 1 10 10 9 100 12 1 1 1 10 12 1 1 10 12 1 10 10 12 9 12 1 10 12 1 1 10 12 1 9 12 1 10 12 1 1 9 12 1 10 12 1 1 9 12 1 10 12 1 1 18 12 1 1 8 1 10 12 1 1 8 1 8 1 10 100 12 1 1 1 10 100 12 1 1 1 10 12 1 10 12 1 1 10 12 1 18 12 1 1 18 12 1 1 5 0 9 12 1 10 12 1 10 11 100 12 1 1 8 1 10 12 1 1 100 1 8 1 8 1 10 10 100 1 18 12 1 10 100 12 1 1 1 100 1 10 12 1 10 12 1 1 9 12 1 9 12 1 1 10 12 1 1 10 12 1 8 1 10 100 12 1 1 10 12 1 10 12 10 12 1 1 10 100 12 1 1 10 12 1 1 100 1 8 1 10 10 12 1 10 12 1 1 8 10 12 1 1 8 8 9 12 1 8 8 10 12 1 10 12 1 1 8 1 18 12 1 10 12 1 3 1 3 1 3 1 3 1 3 1 3 1 3 1 3 1 3 1 3 1 3 1 3 1 3 3 1 3 3 1 3 3 1 3 3 1 3 1 1 1 1 1 1 1 1 1 1 1 1 1 1 1 1 1 1 1 1 100 1 1 1 1 1 1 1 1 1 1 1 1 1 1 1 1 1 1 1 1 100 1 1 1 1 1 1 1 1 1 1 1 1 1 1 1 1 1 1 1 1 1 1 1 1 1 1 1 1 1 1 1 1 100 1 1 1 1 1 1 1 1 1 1 1 1 1 1 1 1 1 1 1 1 1 1 1 1 1 1 1 100 1 1 1 1 1 1 1 1 1 1 1 1 1 1 1 100 1 1 1 1 1 1 1 1 1 1 1 1 1 1 1 1 1 1 1 100 1 1 16 15 10 12 15 15 10 12 16 15 10 12 16 15 10 12 16 15 10 12 16 16 15 10 12 15 10 12 15 10 100 12 1 1 1 1 1 1 1 100 1 1 100 1 100 1 1
ciInstanceKlass java/lang/ThreadBuilders$BoundVirtualThread 0 0 132 10 100 12 1 1 1 9 100 12 1 1 1 10 100 12 1 1 1 9 12 1 1 10 12 1 1 10 12 1 1 9 12 1 1 10 100 12 1 1 1 10 12 1 1 100 1 8 1 10 12 1 10 12 1 1 10 12 1 1 10 12 1 1 10 100 12 1 1 1 8 1 10 12 1 8 1 10 12 1 1 10 100 12 1 1 9 100 12 1 1 1 10 12 1 1 10 10 12 1 1 1 1 1 1 1 1 1 1 1 1 1 1 1 1 1 1 1 1 1 1 1 1 1 1 1 1 100 1 1 1 1
instanceKlass java/lang/Exception
instanceKlass java/lang/Error
ciInstanceKlass java/lang/Throwable 1 1 403 10 7 12 1 1 1 9 7 12 1 1 1 9 12 1 1 9 12 1 9 12 1 1 9 12 1 10 12 1 1 9 12 1 1 10 12 1 1 10 100 12 1 1 1 9 12 1 1 10 12 1 1 10 12 1 100 1 7 1 10 8 1 10 12 1 1 8 1 10 100 12 1 1 10 10 12 1 100 1 8 1 10 10 7 12 1 1 10 12 1 8 1 9 100 12 1 1 1 10 12 1 1 7 1 10 12 10 12 1 7 1 10 10 7 12 1 1 1 11 7 12 1 1 1 10 7 12 1 1 1 10 12 1 1 10 12 1 1 8 1 10 12 1 10 12 1 1 8 1 8 1 10 12 1 1 10 12 1 8 1 8 1 9 12 1 10 100 12 1 1 100 1 10 11 12 1 8 1 8 1 10 7 12 1 1 8 1 10 12 1 8 1 100 1 10 12 1 9 12 1 1 10 12 1 10 7 12 1 9 12 1 1 10 12 1 1 100 1 8 1 10 12 1 10 100 12 1 1 10 12 1 1 100 1 10 100 12 1 1 1 10 12 1 11 100 12 1 1 1 11 100 12 1 1 1 11 12 1 8 1 10 12 1 1 8 1 10 10 9 100 12 1 1 1 8 1 10 12 1 1 11 10 100 1 8 1 10 11 12 1 1 8 1 9 12 1 10 100 12 1 1 11 9 12 1 1 11 12 1 1 100 10 12 1 10 12 1 1 100 1 1 1 1 5 0 1 1 1 1 1 1 1 1 1 1 1 1 100 1 1 1 1 1 1 1 1 1 1 1 1 1 1 1 1 1 1 1 1 1 1 1 1 1 1 1 1 1 1 1 1 1 1 1 1 1 1 1 1 1 1 1 100 1 100 1 1 1 1 1 1 1 1 1 1 1 1 1 1 1 1 1 1
staticfield java/lang/Throwable UNASSIGNED_STACK [Ljava/lang/StackTraceElement; 0 [Ljava/lang/StackTraceElement;
staticfield java/lang/Throwable SUPPRESSED_SENTINEL Ljava/util/List; java/util/Collections$EmptyList
staticfield java/lang/Throwable EMPTY_THROWABLE_ARRAY [Ljava/lang/Throwable; 0 [Ljava/lang/Throwable;
staticfield java/lang/Throwable $assertionsDisabled Z 1
ciInstanceKlass jdk/internal/vm/ContinuationScope 0 0 50 10 100 12 1 1 1 10 100 12 1 1 1 100 1 9 100 12 1 1 1 10 12 1 1 10 100 12 1 1 1 10 12 1 1 10 12 1 1 1 1 1 1 1 1 1 1 1 1 1
ciInstanceKlass jdk/internal/vm/StackChunk 1 1 32 10 100 12 1 1 1 9 100 12 1 1 1 9 12 1 1 9 12 1 1 1 1 1 1 1 1 1 1 1 1 1
ciInstanceKlass java/lang/Boolean 1 1 148 10 7 12 1 1 1 9 7 12 1 1 1 10 12 1 1 10 12 1 8 1 10 7 12 1 1 9 12 1 1 9 12 1 10 12 1 1 10 12 1 1 10 12 1 1 10 12 1 10 7 12 1 1 1 10 12 1 1 9 100 12 1 1 9 12 10 100 12 1 1 1 10 12 1 1 8 1 10 7 12 1 1 1 9 12 1 1 100 1 100 1 100 1 1 1 1 1 1 5 0 1 1 1 1 1 1 1 1 1 1 3 1 1 1 1 1 1 1 1 1 1 1 1 1 1 1 1 1 1 1 1 1 1 1 1 1 1 100 1 1 1 1 1 1 1 1 1
staticfield java/lang/Boolean TRUE Ljava/lang/Boolean; java/lang/Boolean
staticfield java/lang/Boolean FALSE Ljava/lang/Boolean; java/lang/Boolean
staticfield java/lang/Boolean TYPE Ljava/lang/Class; java/lang/Class
ciInstanceKlass java/lang/Character 1 1 604 7 1 100 1 100 1 9 12 1 1 8 1 9 12 1 1 100 1 9 12 1 1 10 100 12 1 1 1 10 100 12 1 1 1 10 100 12 1 1 1 10 7 12 1 1 1 9 7 12 1 1 1 10 12 1 10 12 1 1 10 12 1 1 10 7 12 1 1 10 12 1 1 3 3 3 3 3 10 12 1 1 10 12 1 3 11 7 12 1 1 1 11 12 1 1 10 12 1 1 10 12 1 1 100 1 10 10 12 1 3 10 12 1 1 10 12 1 10 12 1 1 100 1 8 1 10 12 1 1 10 12 1 10 12 1 10 12 1 10 100 12 1 1 1 10 12 1 10 12 1 10 12 1 1 10 12 1 10 7 12 1 1 10 10 12 1 10 10 12 1 10 12 1 1 10 12 1 10 10 12 1 10 12 1 10 12 1 10 12 1 10 12 1 10 12 1 10 12 1 10 12 10 10 12 10 10 12 1 10 10 12 1 10 10 12 1 10 10 12 1 10 12 1 10 12 1 10 12 1 10 12 1 10 12 1 10 12 1 10 10 12 1 10 10 12 1 10 10 12 1 1 10 10 12 1 10 5 0 10 12 1 10 12 1 10 10 12 1 10 10 12 1 1 10 10 12 1 10 10 12 1 9 12 1 1 100 1 10 10 12 1 10 12 1 1 3 10 100 12 1 1 1 10 12 1 10 100 12 1 1 100 1 10 10 12 1 1 10 12 1 1 10 12 1 1 8 1 10 12 1 9 100 12 1 1 1 10 12 1 10 10 12 1 10 12 1 1 10 12 1 10 10 12 1 1 10 10 12 1 1 100 1 8 1 10 12 1 1 10 7 12 1 1 1 8 1 10 12 1 1 9 12 1 1 100 1 100 1 100 1 1 1 1 3 1 3 1 3 1 3 1 1 1 1 1 3 1 1 3 1 3 1 3 1 3 1 3 1 3 1 3 1 3 1 3 1 3 1 3 1 3 1 3 1 3 1 3 1 3 1 3 1 3 1 3 1 3 1 3 1 3 1 3 1 3 1 3 1 3 1 3 1 3 1 1 1 1 1 1 1 1 1 1 1 1 1 1 1 1 1 1 1 3 1 1 1 1 1 1 1 3 1 1 3 1 1 1 1 1 3 1 1 5 0 1 1 1 1 1 1 1 1 1 1 1 1 1 1 1 1 1 1 1 1 1 1 1 1 1 1 1 1 1 1 1 1 1 1 1 1 1 1 1 1 1 1 1 1 1 1 1 1 1 1 1 1 1 1 1 1 1 1 1 1 1 1 1 1 1 1 1 1 1 1 1 1 1 1 1 1 1 1 1 1 1 1 1 1 1 1 1 1 1 1 100 1 100 1 1 1 1 1 1
staticfield java/lang/Character TYPE Ljava/lang/Class; java/lang/Class
staticfield java/lang/Character $assertionsDisabled Z 1
ciInstanceKlass java/lang/Float 1 1 279 7 1 100 1 10 7 12 1 1 1 10 7 12 1 1 1 4 100 1 10 12 1 1 10 12 1 1 8 1 8 1 10 100 12 1 1 1 10 12 1 1 10 12 1 1 10 7 1 4 10 7 12 1 1 9 12 1 1 10 12 1 1 10 12 1 10 10 12 1 1 10 12 1 10 12 1 3 3 100 1 4 4 4 3 10 12 1 1 9 12 1 1 100 1 10 3 3 4 4 10 12 1 3 3 3 10 12 1 1 10 12 1 1 10 12 1 10 100 12 1 1 1 10 12 1 1 10 12 1 1 10 7 12 1 1 1 8 1 10 12 1 1 9 12 1 1 100 1 100 1 100 1 1 1 1 4 1 4 1 1 1 4 1 1 3 1 3 1 3 1 3 1 3 1 1 1 1 5 0 1 1 1 1 1 1 1 1 1 1 100 1 1 1 1 1 1 1 1 1 1 1 1 1 3 1 1 1 1 1 1 1 1 1 1 1 1 1 1 1 1 1 1 1 1 1 1 1 1 1 1 1 1 1 1 1 1 1 1 1 1 1 1 1 1 1 1 1 1 1 1 1 1 1 1 1 1 1 1 1 1 1 1 1 1 1 100 1 1 1 1 1 1 1 100 1 100 1 1
staticfield java/lang/Float TYPE Ljava/lang/Class; java/lang/Class
staticfield java/lang/Float $assertionsDisabled Z 1
instanceKlass java/util/concurrent/atomic/Striped64
instanceKlass java/math/BigDecimal
instanceKlass java/math/BigInteger
instanceKlass java/util/concurrent/atomic/AtomicLong
instanceKlass java/util/concurrent/atomic/AtomicInteger
instanceKlass java/lang/Long
instanceKlass java/lang/Integer
instanceKlass java/lang/Short
instanceKlass java/lang/Byte
instanceKlass java/lang/Double
instanceKlass java/lang/Float
ciInstanceKlass java/lang/Number 1 1 37 10 7 12 1 1 1 10 100 12 1 1 1 100 1 1 1 1 5 0 1 1 1 1 1 1 1 1 1 1 1 1 1 1 1 1 1
ciInstanceKlass java/lang/Double 1 1 290 7 1 100 1 10 7 12 1 1 1 10 12 1 1 10 100 1 10 12 1 1 10 7 12 1 1 1 6 0 8 1 10 12 1 1 8 1 10 12 1 1 8 1 6 0 10 12 1 1 100 1 5 0 5 0 8 1 8 1 10 7 12 1 1 1 10 100 12 1 1 1 8 1 10 12 1 1 8 1 8 1 8 1 10 12 1 1 10 12 1 10 12 1 1 10 12 1 10 12 1 10 12 1 1 10 12 1 10 7 1 6 0 10 7 12 1 1 9 12 1 1 10 12 1 10 12 1 10 12 1 10 12 1 10 12 1 5 0 10 12 1 1 10 12 1 10 12 1 10 100 12 1 1 1 10 12 1 1 10 12 1 1 8 1 10 7 12 1 1 1 9 12 1 1 100 1 100 1 100 1 1 1 6 0 1 6 0 1 6 0 1 1 1 6 0 1 1 3 1 3 1 3 1 3 1 3 1 1 1 1 5 0 1 1 1 1 1 1 1 1 1 1 1 1 1 1 1 1 100 1 1 1 1 1 1 1 1 1 1 1 1 3 1 1 1 1 1 1 1 1 1 1 1 1 1 1 1 1 1 1 1 1 1 1 1 1 1 1 1 1 1 1 1 1 1 1 100 1 1 1 1 1 1 1 100 1 100 1 1
staticfield java/lang/Double TYPE Ljava/lang/Class; java/lang/Class
ciInstanceKlass java/lang/Byte 1 1 213 7 1 100 1 10 7 12 1 1 1 9 12 1 1 8 1 9 12 1 1 100 1 10 12 1 1 10 12 1 1 10 100 12 1 1 1 10 100 12 1 1 1 9 7 12 1 1 1 10 12 1 1 100 1 100 1 10 12 1 1 8 1 10 12 1 1 8 1 10 12 1 10 12 1 10 12 1 10 12 1 1 10 12 1 10 12 1 10 12 1 1 10 8 1 8 1 10 7 1 9 12 1 1 10 12 1 1 10 12 1 1 10 12 1 1 10 12 1 5 0 10 12 1 1 8 1 10 7 12 1 1 1 9 12 1 1 100 1 100 1 1 1 3 1 3 1 1 1 1 3 1 3 1 1 5 0 1 1 1 1 1 1 1 1 1 1 1 1 1 1 1 1 1 1 1 1 1 1 1 1 1 1 1 1 1 1 1 1 1 1 1 1 1 1 1 1 1 1 1 1 1 1 1 1 1 1 1 1 1 1 1 1
staticfield java/lang/Byte TYPE Ljava/lang/Class; java/lang/Class
ciInstanceKlass java/lang/Short 1 1 222 7 1 100 1 100 1 10 7 12 1 1 1 10 12 1 1 100 1 100 1 10 12 1 1 8 1 10 12 1 1 8 1 10 12 1 10 12 1 10 12 1 10 12 1 1 10 12 1 1 10 12 1 9 12 1 1 8 1 9 12 1 1 100 1 10 12 1 1 10 12 1 10 100 12 1 1 1 10 100 12 1 1 1 9 7 12 1 1 1 10 12 1 10 12 1 1 10 8 1 8 1 10 7 1 9 12 1 1 10 12 1 1 10 12 1 1 10 12 1 1 10 12 1 3 3 5 0 10 12 1 1 8 1 10 7 12 1 1 1 9 12 1 1 100 1 100 1 1 1 3 1 3 1 1 1 1 3 1 3 1 1 5 0 1 1 1 1 1 1 1 1 1 1 1 1 1 1 1 1 1 1 1 1 1 1 1 1 1 1 1 3 1 1 1 1 1 1 1 1 1 1 1 1 1 1 1 1 1 1 1 1 1 1 1 1 1 1 1 1 1 1
staticfield java/lang/Short TYPE Ljava/lang/Class; java/lang/Class
ciInstanceKlass java/lang/Integer 1 1 436 7 1 100 1 7 1 7 1 10 12 1 1 9 12 1 1 9 12 1 1 10 7 12 1 1 1 10 12 1 1 10 100 12 1 1 1 10 10 12 1 1 10 100 12 1 1 1 10 12 1 10 12 1 1 10 7 12 1 1 1 10 12 1 1 10 12 1 1 10 12 1 10 7 12 1 1 10 12 1 1 10 10 12 1 7 1 8 1 10 12 1 8 1 100 1 10 12 1 1 10 12 1 1 8 1 10 12 1 1 8 1 10 12 1 1 10 12 1 1 10 12 1 1 3 3 10 7 12 1 1 1 11 7 1 10 12 1 1 11 10 12 1 1 10 12 1 1 8 1 10 12 1 10 12 1 8 1 100 1 10 12 1 8 1 10 12 1 1 10 12 1 8 1 10 12 1 10 12 1 7 1 9 12 1 1 9 12 1 1 10 12 1 10 7 1 9 12 1 10 12 1 10 12 1 10 12 1 1 10 12 1 1 10 7 12 1 1 1 10 12 1 1 8 1 8 1 10 12 1 1 8 1 8 1 8 1 8 1 8 1 8 1 10 12 1 10 12 1 10 12 1 5 0 3 3 3 3 10 12 1 10 12 1 3 10 12 1 10 100 12 1 1 1 10 12 1 1 10 12 1 1 8 1 10 7 12 1 1 1 9 12 1 1 100 1 100 1 100 1 1 1 1 3 1 1 1 3 1 3 1 1 5 0 1 1 1 1 1 1 1 1 1 1 100 1 1 1 1 1 1 1 1 1 1 1 1 1 1 1 1 1 1 1 1 1 1 1 1 1 1 1 1 1 1 1 1 1 1 3 1 1 1 1 1 1 1 1 1 1 1 1 1 1 1 1 1 1 1 1 1 1 1 1 1 1 1 1 1 1 1 1 1 1 1 1 1 1 1 1 1 1 1 1 1 1 1 1 1 1 1 1 1 1 1 1 1 1 1 1 1 100 1 1 1 1 1 1 1 1 1 100 1 100 1 1
staticfield java/lang/Integer TYPE Ljava/lang/Class; java/lang/Class
staticfield java/lang/Integer digits [C 36
ciInstanceKlass java/lang/Long 1 1 499 7 1 100 1 7 1 7 1 10 12 1 1 9 12 1 1 9 7 12 1 1 1 10 7 12 1 1 1 10 12 1 1 10 100 12 1 1 1 10 10 12 10 12 1 10 12 1 10 12 1 5 0 5 0 7 1 10 12 1 1 10 12 1 1 10 12 1 10 12 1 10 12 1 10 12 1 1 10 100 12 1 1 10 12 1 10 12 1 1 10 12 1 1 10 12 1 1 10 12 1 1 10 7 12 1 1 1 10 12 1 1 10 12 1 10 12 1 10 7 12 1 1 10 12 1 1 10 10 12 1 100 1 8 1 10 12 1 8 1 100 1 10 12 1 10 12 1 1 8 1 10 12 1 1 8 1 10 12 1 1 10 12 1 1 10 12 1 1 5 0 5 0 10 100 12 1 1 1 11 100 1 10 12 1 1 11 10 12 1 1 10 12 1 1 8 1 5 0 10 12 1 1 10 12 1 1 8 1 8 1 10 12 1 8 1 10 12 1 10 12 1 5 0 5 0 9 7 12 1 1 1 10 12 1 10 12 1 1 8 1 8 1 10 12 1 1 8 1 8 1 8 1 8 1 8 1 8 1 10 12 1 10 12 1 10 7 1 9 12 1 1 10 12 1 10 12 1 1 10 12 1 1 10 7 12 1 1 1 10 12 1 1 10 12 1 10 12 1 10 12 1 5 0 5 0 5 0 10 12 1 1 10 12 1 5 0 5 0 10 12 10 12 1 10 100 12 1 1 1 10 12 1 1 10 12 1 1 8 1 10 7 12 1 1 1 9 12 1 1 100 1 100 1 100 1 1 1 1 5 0 1 1 1 1 3 1 3 1 5 0 1 1 1 1 1 1 1 1 1 1 100 1 1 1 1 1 1 1 1 1 1 1 1 1 1 1 1 1 1 1 1 1 1 1 1 1 1 1 1 1 1 1 1 1 1 1 1 1 1 1 1 1 1 3 1 1 1 1 1 1 1 1 1 1 1 1 1 1 1 1 1 1 1 1 1 1 1 1 1 1 1 1 1 1 1 1 1 1 1 1 1 1 1 1 1 1 1 1 1 1 1 1 1 1 1 1 1 1 1 1 1 1 1 100 1 1 1 1 1 1 1 1 1 100 1 100 1 1
staticfield java/lang/Long TYPE Ljava/lang/Class; java/lang/Class
ciInstanceKlass java/lang/Void 1 1 31 10 100 12 1 1 1 8 1 10 7 12 1 1 1 9 7 12 1 1 1 1 1 1 1 1 1 1 1 1 1
staticfield java/lang/Void TYPE Ljava/lang/Class; java/lang/Class
ciInstanceKlass jdk/internal/vm/vector/VectorSupport 0 0 618 100 1 10 100 12 1 1 1 9 12 1 1 10 12 1 1 100 1 10 12 1 11 100 12 1 1 1 11 100 12 1 1 1 11 100 12 1 1 11 100 12 1 1 11 100 12 1 1 11 100 12 1 1 1 11 100 12 1 1 11 100 12 1 1 11 100 12 1 1 11 100 12 1 1 11 100 12 1 1 11 100 12 1 1 11 100 12 1 1 11 100 12 1 1 1 11 100 12 1 1 11 100 12 1 1 1 11 100 12 1 1 1 11 100 12 1 1 11 100 12 1 1 1 11 100 12 1 1 100 1 10 12 1 1 11 100 12 1 1 11 100 12 1 1 11 100 12 1 1 11 100 1 11 100 12 1 1 11 100 12 1 1 11 100 12 1 1 9 12 1 1 10 100 12 1 1 11 100 12 1 1 10 12 1 1 10 100 12 1 1 1 10 12 1 10 12 1 1 10 12 1 1 1 1 1 3 1 3 1 3 1 3 1 3 1 3 1 3 1 3 1 3 1 3 1 3 1 3 1 3 1 3 1 3 1 3 1 3 1 3 1 3 1 3 1 3 1 3 1 3 1 3 1 3 1 3 1 3 1 3 1 3 1 3 1 3 1 3 1 3 1 3 1 3 1 3 1 3 1 3 1 3 1 3 1 3 1 3 1 3 1 3 1 3 1 3 1 3 1 3 1 3 1 3 1 3 1 3 1 3 1 3 1 3 1 3 1 3 1 3 1 3 1 1 1 1 1 1 1 1 1 1 1 1 1 1 1 1 1 1 1 1 1 1 1 1 1 1 1 1 1 1 1 1 1 1 1 1 1 1 1 1 1 1 1 1 1 1 1 1 1 1 1 1 1 1 1 1 1 1 1 1 1 1 1 1 1 1 1 1 1 1 1 1 1 1 1 1 1 1 1 1 1 1 1 1 1 1 1 1 1 1 1 1 1 1 1 1 1 1 1 1 1 1 1 1 1 1 1 1 1 1 1 1 1 1 1 1 1 1 1 1 1 1 1 1 1 1 1 1 1 1 1 1 1 1 1 1 1 1 1 1 1 1 1 1 1 1 1 1 1 1 1 1 1 1 1 1 1 1 1 1 1 1 1 1 1 1 1 1 1 1 1 1 1 1 1 1 1 1 1 1 1 1 1 1 1 1 1 1 1 1 1 1 1 1 1 1 1 1 1 1 1 1 1 1 1 1 1 1 1 1 1 1 1 1 1 1 1 1 1 1 1 1 1 1 1 1 1 1 1 1 1 1 1 1 1 1 1 1 1 1 1 1 1 1 1 1 1 1 1 1 1 1 100 1 100 1 100 1 100 1 100 1 1 1 1 1 1 1 1 1 1 1 1 1 1 1 1 1 1 1 1 1 1 1 1 1 1 1 1 1 1 1 1 1 1
instanceKlass jdk/internal/vm/vector/VectorSupport$VectorShuffle
instanceKlass jdk/internal/vm/vector/VectorSupport$VectorMask
instanceKlass jdk/internal/vm/vector/VectorSupport$Vector
ciInstanceKlass jdk/internal/vm/vector/VectorSupport$VectorPayload 0 0 32 10 100 12 1 1 1 9 100 12 1 1 1 10 100 12 1 1 1 1 1 1 1 1 1 1 1 1 1 1 1 1
ciInstanceKlass jdk/internal/vm/vector/VectorSupport$Vector 0 0 28 10 100 12 1 1 1 100 1 1 1 1 1 1 1 1 1 1 1 1 1 1 1 100 1 1 1 1
ciInstanceKlass jdk/internal/vm/vector/VectorSupport$VectorMask 0 0 28 10 100 12 1 1 1 100 1 1 1 1 1 1 1 1 1 1 1 1 1 1 1 100 1 1 1 1
ciInstanceKlass jdk/internal/vm/vector/VectorSupport$VectorShuffle 0 0 28 10 100 12 1 1 1 100 1 1 1 1 1 1 1 1 1 1 1 1 1 1 1 100 1 1 1 1
ciInstanceKlass jdk/internal/vm/FillerObject 0 0 16 10 100 12 1 1 1 100 1 1 1 1 1 1 1 1
instanceKlass java/lang/ref/PhantomReference
instanceKlass java/lang/ref/FinalReference
instanceKlass java/lang/ref/WeakReference
instanceKlass java/lang/ref/SoftReference
ciInstanceKlass java/lang/ref/Reference 1 1 193 9 7 12 1 1 1 9 7 12 1 1 10 12 1 1 10 12 1 1 9 12 1 1 10 12 1 1 9 12 1 1 9 12 1 1 7 1 10 12 1 10 7 12 1 1 10 12 1 10 12 1 1 10 12 1 7 1 8 1 10 12 1 1 7 1 10 12 1 1 10 12 1 1 10 12 1 9 12 1 10 12 1 1 10 12 1 10 12 1 10 12 1 9 12 1 100 1 100 1 10 12 9 12 1 9 12 1 100 1 10 10 12 1 10 10 7 12 1 1 7 1 10 10 7 12 1 1 1 1 1 1 1 1 1 1 1 1 1 1 1 1 1 1 1 100 1 1 1 100 1 1 1 1 1 1 1 1 1 1 1 1 1 1 1 1 1 1 1 1 1 1 1 1 1 1 1 1 1 1 1 1 1 1 1 100 1 100 1 100 1 1 1
staticfield java/lang/ref/Reference processPendingLock Ljava/lang/Object; java/lang/Object
staticfield java/lang/ref/Reference $assertionsDisabled Z 1
instanceKlass sun/util/locale/provider/LocaleResources$ResourceReference
instanceKlass sun/util/resources/Bundles$BundleReference
instanceKlass org/postgresql/core/AsciiStringInterner$StringReference
instanceKlass java/util/ResourceBundle$BundleReference
instanceKlass jdk/internal/util/SoftReferenceKey
ciInstanceKlass java/lang/ref/SoftReference 1 1 47 10 7 12 1 1 1 9 7 12 1 1 1 9 12 1 10 12 1 10 12 1 1 1 1 1 1 1 1 1 1 1 1 1 1 1 1 1 1 1 1 100 1 1 1 1 1
instanceKlass com/sun/util/reentrant/ReentrantContextProvider$HardReference
instanceKlass com/sun/javafx/util/WeakReferenceQueue$ListEntry
instanceKlass javax/crypto/JceSecurity$WeakIdentityWrapper
instanceKlass java/util/logging/LogManager$LoggerWeakRef
instanceKlass java/util/logging/Level$KnownLevel
instanceKlass java/util/ResourceBundle$KeyElementReference
instanceKlass java/lang/WeakPairMap$WeakRefPeer
instanceKlass java/lang/ClassValue$Entry
instanceKlass java/lang/ThreadLocal$ThreadLocalMap$Entry
instanceKlass jdk/internal/util/WeakReferenceKey
instanceKlass java/util/WeakHashMap$Entry
ciInstanceKlass java/lang/ref/WeakReference 1 1 31 10 7 12 1 1 1 10 12 1 100 1 1 1 1 1 1 1 1 1 1 1 1 1 1 1 1 1 1 1 1
instanceKlass java/lang/ref/Finalizer
ciInstanceKlass java/lang/ref/FinalReference 1 1 50 10 100 12 1 1 1 10 100 12 1 1 1 10 12 1 1 100 1 8 1 10 12 1 1 1 1 1 1 1 1 1 1 1 1 1 1 1 1 1 1 1 1 1 1 1 1 1 100 1
instanceKlass org/postgresql/util/LazyCleaner$Node
instanceKlass jdk/internal/ref/PhantomCleanable
instanceKlass jdk/internal/ref/Cleaner
ciInstanceKlass java/lang/ref/PhantomReference 1 1 44 10 7 12 1 1 1 10 12 1 1 10 7 12 1 1 1 1 1 1 1 1 1 1 1 1 1 1 1 1 1 1 1 1 1 1 1 1 1 1 1 1 1 1
ciInstanceKlass java/lang/ref/Finalizer 1 1 177 9 7 12 1 1 1 10 100 12 1 1 1 9 12 1 1 9 12 1 1 9 12 1 9 12 1 9 12 1 1 10 12 1 100 1 8 1 10 12 1 10 12 1 1 9 12 1 100 1 10 12 1 100 1 11 100 12 1 1 10 12 1 100 1 10 12 1 10 7 12 1 1 1 10 12 1 1 10 100 12 1 1 8 1 10 12 1 10 12 1 10 12 1 100 1 10 12 1 10 100 12 1 1 1 100 1 10 10 12 1 1 7 1 10 12 1 10 12 1 1 10 12 1 1 10 7 12 1 1 1 7 1 10 7 1 10 10 12 1 1 1 1 1 1 1 1 1 1 1 1 1 1 1 1 1 1 1 1 1 1 1 1 1 1 100 1 1 1 1 1 1 1 1 1 1 1
staticfield java/lang/ref/Finalizer lock Ljava/lang/Object; java/lang/Object
staticfield java/lang/ref/Finalizer ENABLED Z 1
staticfield java/lang/ref/Finalizer $assertionsDisabled Z 1
instanceKlass java/lang/reflect/Executable
instanceKlass java/lang/reflect/Field
ciInstanceKlass java/lang/reflect/AccessibleObject 1 1 374 10 7 12 1 1 1 10 100 12 1 1 1 10 7 12 1 1 1 10 12 1 1 9 12 1 1 7 1 10 7 12 1 1 1 11 12 1 100 1 10 12 1 7 1 100 1 10 12 1 1 10 12 1 1 10 12 1 1 10 12 1 1 10 12 1 1 7 1 10 7 12 1 1 1 10 12 1 1 11 10 7 12 1 1 1 10 12 1 1 10 12 1 10 12 1 10 12 1 1 10 12 1 8 1 100 1 100 1 10 10 12 1 1 8 1 10 12 1 10 12 1 8 1 8 1 8 1 8 1 8 1 8 1 8 1 8 1 8 1 100 1 10 12 1 10 12 1 9 100 12 1 1 1 10 12 1 1 10 12 1 10 100 1 100 1 8 1 10 8 1 10 12 1 8 1 10 12 1 10 12 1 1 10 100 1 8 1 10 11 7 12 1 1 1 10 12 1 1 10 12 1 1 10 12 1 1 9 12 1 1 100 1 10 12 1 7 1 10 12 1 10 12 1 1 10 100 1 10 12 1 10 12 10 12 1 10 12 1 10 12 1 1 10 12 1 9 12 1 10 100 12 1 1 8 1 10 12 1 1 8 1 10 100 12 1 1 1 9 12 1 100 1 10 7 1 10 10 7 12 1 1 1 10 7 12 1 1 1 9 12 1 1 1 1 1 1 1 1 1 1 1 1 1 1 1 1 1 1 1 1 1 1 1 1 1 1 1 1 1 1 1 1 1 1 1 1 1 1 1 1 1 1 1 1 1 1 1 1 1 1 1 1 1 1 1 1 1 1 1 1 1 1 1 1 1 1 1 1 1 1 1 1 1 1 1 1 1 1 1 1 1 1 1
staticfield java/lang/reflect/AccessibleObject reflectionFactory Ljdk/internal/reflect/ReflectionFactory; jdk/internal/reflect/ReflectionFactory
ciInstanceKlass java/lang/reflect/Method 1 1 468 9 7 12 1 1 1 10 7 12 1 1 1 10 7 12 1 1 9 12 1 1 9 12 1 1 10 12 1 1 10 12 1 1 10 12 1 1 10 7 12 1 1 10 7 12 1 1 1 9 12 1 1 9 12 1 9 12 1 1 9 12 1 9 12 1 9 12 1 1 9 12 1 9 12 1 1 9 12 1 9 12 1 100 1 8 1 10 12 1 10 12 1 9 12 1 1 10 7 12 1 1 1 10 12 1 1 10 12 1 1 10 12 1 10 12 1 1 9 100 12 1 1 1 10 12 1 1 10 12 10 7 12 1 1 10 12 1 1 10 12 1 10 12 1 10 12 1 10 7 12 1 1 1 10 12 1 1 9 12 1 10 7 1 10 100 12 1 1 1 10 7 12 1 1 10 12 1 1 10 12 1 1 10 12 1 10 7 12 1 1 1 10 12 1 10 8 1 10 12 1 10 12 1 7 1 8 1 8 1 8 1 10 12 1 10 12 1 1 10 12 1 1 10 10 12 1 1 10 12 1 11 100 1 10 12 1 9 12 1 1 10 12 1 1 10 12 1 10 12 1 1 10 12 1 1 11 7 12 1 1 1 11 12 1 9 12 1 1 10 12 1 10 12 1 10 12 1 10 12 1 10 12 1 10 12 1 9 12 1 1 10 7 12 1 1 1 10 7 12 1 1 10 12 1 1 10 7 12 1 1 1 10 7 12 1 1 1 10 7 12 1 1 1 11 7 12 1 1 1 10 7 12 1 1 1 7 1 100 1 100 1 10 12 1 10 12 1 1 10 12 1 100 1 8 1 10 12 1 10 10 12 1 1 10 12 1 1 10 12 1 1 10 12 1 1 8 1 10 12 1 1 1 1 1 1 1 1 1 1 1 1 1 1 1 1 1 1 1 1 1 1 1 1 1 1 1 1 1 1 1 1 1 1 1 1 1 1 1 1 1 1 1 1 1 1 1 1 1 1 1 1 1 100 1 100 1 100 1 1 1 1 1 1 1 1 1 1 1 1 1 1 1 1 1 1 1 1 1 1 1 1 1 1 1 1 1 1
ciInstanceKlass java/lang/reflect/Member 1 1 37 100 1 10 12 1 1 100 1 100 1 1 1 1 3 1 3 1 1 1 1 1 1 1 1 1 1 1 1 1 1 1 1 1 1 1 1
instanceKlass java/lang/reflect/Constructor
instanceKlass java/lang/reflect/Method
ciInstanceKlass java/lang/reflect/Executable 1 1 581 10 7 12 1 1 1 10 7 12 1 1 1 10 7 12 1 1 1 11 7 12 1 1 1 10 7 12 1 1 1 10 12 1 1 10 7 12 1 1 1 10 100 12 1 1 1 10 12 1 8 1 10 10 12 1 1 10 12 1 1 10 100 12 1 1 1 18 12 1 1 11 100 12 1 1 1 8 1 8 1 8 1 10 100 12 1 1 1 11 12 1 1 100 1 8 1 8 1 10 12 1 100 1 8 1 10 12 1 8 1 11 100 12 1 1 1 100 1 11 100 12 1 1 1 11 12 1 8 1 18 8 1 10 12 1 10 12 1 1 18 8 1 10 12 1 100 1 10 12 1 10 12 1 11 12 1 10 12 1 1 8 1 8 1 10 12 1 1 10 12 1 1 10 10 12 1 9 100 12 1 1 1 10 100 12 1 1 1 10 12 1 10 12 1 1 10 100 12 1 1 10 12 1 10 12 1 10 12 1 10 7 12 1 1 100 1 10 100 12 1 1 1 10 12 1 1 10 100 12 1 1 10 12 1 10 12 1 1 9 100 12 1 1 1 10 100 10 12 1 8 1 10 12 1 10 12 1 3 100 1 8 1 10 12 1 10 12 1 10 10 12 1 10 12 1 1 8 1 8 1 8 1 9 12 1 1 9 12 1 10 12 1 100 1 8 1 10 12 1 10 12 1 10 12 1 1 10 12 1 1 10 12 1 10 12 10 12 1 7 1 10 12 1 10 12 1 1 100 1 10 100 12 1 1 1 100 1 10 7 12 1 1 1 10 12 1 1 11 7 12 1 1 10 12 1 10 100 12 1 1 1 10 12 1 1 9 12 1 10 12 1 1 10 12 1 10 12 1 1 9 100 12 1 1 1 10 100 12 1 1 1 10 12 1 10 12 1 1 9 12 1 10 10 10 10 100 12 1 1 1 10 12 1 9 12 1 10 12 1 1 9 12 1 100 1 100 1 1 1 1 1 1 1 1 1 1 1 1 1 1 1 1 1 1 1 1 1 1 1 1 1 1 1 1 1 1 1 1 1 1 1 1 100 1 1 1 1 1 1 1 1 1 1 1 1 1 1 1 1 1 1 1 100 1 1 1 1 1 1 1 1 1 1 1 1 1 1 1 1 1 1 1 1 1 1 1 1 1 1 1 1 1 1 1 1 1 1 1 1 1 1 1 1 1 1 1 100 1 1 1 1 1 1 1 1 1 1 1 1 1 1 1 1 1 1 1 1 1 1 100 1 1 16 15 16 1 16 1 15 10 12 16 15 10 100 12 1 1 1 1 1 1 100 1 1 100 1 100 1 1
ciInstanceKlass java/lang/reflect/Constructor 1 1 437 10 100 12 1 1 1 10 100 12 1 1 9 7 12 1 1 1 9 12 1 1 10 12 1 1 10 12 1 1 10 12 1 1 10 100 12 1 1 10 7 12 1 1 1 9 12 1 1 9 12 1 1 9 12 1 9 12 1 1 9 12 1 9 12 1 1 9 12 1 1 9 12 1 100 1 8 1 10 12 1 10 12 1 9 12 1 1 10 7 12 1 1 1 10 12 1 1 10 12 1 1 10 12 1 7 1 100 1 8 1 10 10 12 1 10 12 1 10 12 1 1 9 100 12 1 1 1 10 7 12 1 1 10 12 1 1 10 12 1 10 12 1 1 10 7 12 1 1 1 10 100 12 1 1 10 12 1 1 10 12 1 10 100 12 1 1 1 8 1 10 10 12 1 100 1 8 1 10 12 1 10 12 1 1 10 12 1 1 10 12 1 10 12 1 10 12 1 1 10 12 1 1 9 12 1 1 10 12 1 1 10 12 1 1 10 12 1 1 11 7 12 1 1 1 10 12 1 1 10 12 1 10 12 1 10 12 1 8 1 9 12 1 1 10 7 12 1 1 1 10 7 12 1 1 10 12 1 1 10 12 1 1 10 12 1 1 10 12 1 1 10 12 1 9 100 12 1 1 10 12 1 10 12 1 10 12 1 100 1 8 1 10 10 12 1 1 10 12 1 10 10 12 1 1 10 12 1 1 10 100 12 1 1 1 11 100 12 1 1 1 10 12 1 1 9 100 12 1 1 1 10 100 12 1 1 1 10 12 1 1 1 1 1 1 1 1 1 1 1 1 1 1 1 1 1 1 1 1 1 1 1 1 1 1 1 1 1 1 1 1 1 1 1 1 1 1 1 1 1 1 1 1 1 1 1 1 1 1 1 1 1 1 1 1 100 1 100 1 100 1 100 1 1 1 1 1 1 1 1 1 1 1 1 1 1 1 1 1 1 1 1 1 1 1 1 1 1 1 1 1 1 1 1 100 1 1
ciInstanceKlass java/lang/reflect/Field 1 1 454 9 7 12 1 1 1 10 12 1 1 10 100 12 1 1 1 10 100 12 1 1 9 12 1 1 9 12 1 1 10 12 1 1 10 12 1 1 10 12 1 1 10 100 12 1 1 10 7 12 1 1 1 9 12 1 1 9 12 1 9 12 1 9 12 1 1 9 12 1 1 9 12 1 9 12 1 1 100 1 8 1 10 12 1 10 12 1 9 12 1 1 9 12 1 10 7 12 1 1 10 12 1 1 10 12 1 1 10 12 1 10 12 1 1 9 100 12 1 1 1 10 100 12 1 1 1 7 1 10 12 1 1 10 12 1 1 10 12 1 10 12 1 10 7 1 10 100 12 1 1 100 1 10 8 1 10 12 1 1 10 12 1 1 8 1 10 12 10 12 1 8 1 8 1 10 11 100 1 9 12 1 10 12 1 1 10 12 1 1 11 7 12 1 1 1 10 12 1 11 12 1 1 11 12 1 1 11 12 1 1 11 12 1 1 11 12 1 1 11 12 1 1 11 12 1 1 11 12 1 1 11 12 1 1 11 12 1 1 11 12 1 1 11 12 1 1 11 12 1 1 11 12 1 1 11 12 1 1 11 12 1 1 11 12 1 1 10 12 1 10 100 12 1 1 10 12 1 10 12 1 10 12 1 9 12 1 1 10 7 12 1 1 1 10 12 1 1 10 12 1 10 7 12 1 1 10 12 1 1 11 7 1 10 12 1 7 1 10 100 12 1 1 1 10 7 12 1 1 1 9 12 1 10 7 12 1 1 1 11 7 12 1 1 1 10 12 1 1 10 12 1 1 9 100 12 1 1 10 100 12 1 1 1 10 12 1 1 100 1 1 1 1 1 1 1 1 1 1 1 1 1 1 1 1 1 1 1 1 1 1 1 1 1 1 1 1 1 1 1 1 1 1 1 1 1 1 1 100 1 1 1 1 1 1 1 1 1 1 1 1 1 1 1 1 1 1 1 1 1 1 1 1 1 1 1 1 1 1 1 1 100 1 1 1 1 1 1 1 1 1 100 1 1
ciInstanceKlass java/lang/reflect/Parameter 0 0 243 10 100 12 1 1 1 9 100 12 1 1 1 9 12 1 1 9 12 1 1 9 12 1 10 12 1 1 10 12 1 1 10 100 12 1 1 1 100 1 10 10 12 1 1 11 100 12 1 1 1 10 12 1 10 100 12 1 1 1 10 12 1 1 10 12 1 10 12 1 8 1 8 1 10 100 12 1 1 1 10 12 1 10 12 9 100 12 1 1 1 10 100 12 1 1 1 10 12 1 8 1 10 12 1 9 12 1 1 10 12 1 1 9 12 1 1 10 12 1 1 10 12 1 1 10 12 1 1 10 12 1 10 10 12 1 10 100 12 1 1 1 10 12 1 1 11 100 12 1 1 10 100 12 1 1 100 1 10 100 12 1 1 1 10 12 1 1 10 12 1 1 10 12 1 1 10 12 1 1 9 12 1 100 1 10 11 12 1 1 11 12 1 1 100 1 1 1 1 1 1 1 1 1 1 1 1 1 1 1 1 1 1 1 1 1 1 1 1 1 1 1 1 1 1 1 1 1 1 1 1 1 1 1 1 1 100 1 1 1 1 1 1
ciInstanceKlass java/lang/reflect/RecordComponent 0 0 196 10 100 12 1 1 1 9 100 12 1 1 1 9 12 1 1 9 12 1 10 12 1 1 10 12 1 1 10 100 12 1 1 1 10 12 1 1 9 12 1 1 10 12 1 1 10 12 1 1 10 12 1 10 100 12 1 1 10 100 12 1 1 9 12 1 1 10 100 12 1 1 1 11 100 12 1 1 1 10 9 100 12 1 1 1 10 100 12 1 1 1 9 12 1 1 10 100 12 1 1 1 10 12 1 1 11 100 12 1 1 10 100 12 1 1 100 1 9 12 1 9 12 1 1 9 12 1 10 100 12 1 1 1 10 12 1 1 10 12 1 1 100 1 10 10 12 1 10 12 1 1 8 1 10 12 1 10 12 1 9 12 1 100 1 1 1 1 1 1 1 1 1 1 1 1 1 1 1 1 1 1 1 1 1 1 100 1 1 1 1 1 1 100 1 1
ciInstanceKlass java/lang/StringBuffer 1 1 487 10 7 12 1 1 1 10 12 1 10 12 1 10 12 1 1 9 7 12 1 1 1 10 12 1 1 10 12 1 10 12 1 1 9 12 1 1 10 12 1 10 12 1 1 10 12 1 1 10 12 1 10 12 1 1 10 12 1 10 12 1 1 10 12 1 1 10 7 12 1 1 1 10 12 1 1 10 12 1 10 12 1 10 12 1 10 12 1 10 12 1 10 12 1 10 12 1 10 12 1 10 12 1 10 12 1 10 12 1 10 12 1 10 12 1 10 12 1 1 10 12 1 10 12 1 1 10 12 1 1 10 10 12 1 1 10 12 1 10 12 1 10 12 1 10 12 1 10 12 1 10 12 1 10 12 10 12 1 10 12 1 10 12 1 10 12 1 1 10 12 1 10 12 1 10 10 12 1 1 10 12 1 10 12 1 10 12 1 8 1 10 12 1 10 10 100 12 1 1 1 10 10 12 1 1 9 12 1 1 10 100 12 1 1 10 100 1 8 10 100 12 1 1 1 8 10 12 1 8 1 10 12 1 10 12 1 10 100 12 1 1 1 10 100 12 1 1 1 7 1 10 12 100 1 8 1 10 10 12 1 1 10 12 1 1 10 12 1 10 12 1 10 12 1 1 10 12 1 10 12 1 10 12 1 10 12 1 10 12 1 10 12 10 12 1 10 12 1 10 12 1 10 12 1 10 12 1 10 12 1 10 12 1 10 12 1 10 12 1 10 12 1 10 12 10 12 10 12 1 10 12 1 10 12 1 10 12 10 12 1 10 12 1 10 12 1 10 12 1 10 12 1 10 12 1 10 12 1 10 12 1 10 12 1 10 12 1 10 12 1 7 1 10 12 1 9 7 12 1 1 1 9 7 1 9 12 1 1 100 1 100 1 100 1 100 1 1 1 1 5 0 1 1 1 1 1 1 1 1 1 1 1 1 1 1 1 1 1 1 1 1 1 1 1 1 1 1 1 1 1 1 1 1 1 1 1 1 1 1 1 1 1 1 1 1 1 1 1 1 1 1 1 1 1 1 1 1 1 1 1 1 100 1 1 1 1 1 100 1 1 1 1 1 1 1 1 1 1 1 1 1 1 1 1 1 1
staticfield java/lang/StringBuffer serialPersistentFields [Ljava/io/ObjectStreamField; 3 [Ljava/io/ObjectStreamField;
instanceKlass java/lang/StringBuilder
instanceKlass java/lang/StringBuffer
ciInstanceKlass java/lang/AbstractStringBuilder 1 1 619 7 1 10 7 12 1 1 1 9 7 12 1 1 1 9 12 1 9 12 1 1 9 12 1 1 10 7 12 1 1 1 10 12 1 1 100 1 3 3 10 12 1 10 12 1 1 11 7 1 100 1 100 1 10 8 1 10 12 1 10 12 1 10 12 1 1 10 12 1 10 12 1 9 12 1 10 12 1 9 12 1 1 10 12 1 1 10 7 12 1 1 1 10 10 12 1 10 12 1 10 12 1 1 10 12 1 1 10 7 12 1 1 1 10 7 12 1 1 1 100 1 8 1 10 10 12 1 1 100 1 10 12 10 12 1 1 10 10 12 1 1 10 12 1 1 10 12 1 1 10 12 1 1 10 10 7 12 1 1 1 10 12 1 100 1 10 10 7 12 1 1 1 9 12 1 1 9 12 1 10 12 1 1 10 10 12 1 1 10 12 10 12 1 10 12 1 1 10 12 1 1 10 12 1 1 10 12 1 10 12 1 1 10 12 1 1 10 12 1 10 12 1 1 8 1 10 12 1 1 10 12 1 10 12 1 10 12 1 10 7 12 1 1 10 12 1 10 12 1 10 12 1 10 12 1 10 12 1 100 1 9 12 1 1 9 12 1 10 12 1 1 100 1 9 12 1 9 12 10 12 1 10 12 1 10 12 1 1 10 12 1 10 12 1 1 10 12 1 10 12 1 1 10 12 1 1 10 10 7 12 1 1 1 10 12 1 10 12 1 10 12 1 1 10 12 1 10 12 1 10 12 1 10 12 1 10 12 1 10 12 1 10 12 1 10 12 1 10 12 1 1 10 12 1 10 12 1 10 12 10 12 1 1 18 12 1 1 100 1 10 100 12 1 1 1 18 10 12 1 1 10 12 1 1 10 12 1 10 12 1 1 11 12 1 1 10 12 1 10 12 1 10 12 10 12 1 10 10 10 12 1 10 5 0 10 10 12 1 1 100 1 8 1 10 10 12 1 1 10 100 12 1 1 1 10 12 1 10 12 1 1 100 1 10 12 100 1 10 100 1 10 100 1 1 1 1 1 1 1 1 1 1 1 100 1 1 1 1 1 1 1 1 1 1 1 1 1 1 1 1 1 1 1 1 1 1 1 1 1 1 1 1 1 1 1 1 1 1 1 1 1 1 1 1 1 1 1 1 1 1 1 1 1 1 1 1 1 1 1 1 1 1 1 1 1 1 1 1 1 1 1 1 1 1 1 1 1 1 1 1 1 1 1 1 1 1 1 1 1 1 1 1 1 1 1 1 1 1 1 1 1 1 1 100 1 1 1 1 1 1 1 1 1 1 1 1 100 1 1 1 1 1 1 100 1 1 1 1 1 1 100 1 1 16 1 15 10 12 16 15 10 12 15 10 100 12 1 1 1 1 1 1 1 100 1 100 1 1
staticfield java/lang/AbstractStringBuilder EMPTYVALUE [B 0
ciInstanceKlass java/lang/StringBuilder 1 1 425 10 7 12 1 1 1 10 12 1 10 12 1 10 12 1 1 10 7 12 1 1 1 10 7 12 1 1 1 10 12 1 10 12 1 10 12 1 10 12 1 10 12 1 10 12 1 10 12 1 10 12 1 10 12 1 10 12 1 10 12 1 10 12 1 10 12 1 10 12 1 1 10 12 1 10 12 1 1 10 12 1 1 10 12 1 10 12 1 10 12 1 10 12 1 10 12 1 10 12 1 10 12 1 10 12 10 12 1 10 12 1 10 12 1 10 12 1 1 10 12 1 10 12 1 10 12 10 12 1 1 10 12 1 10 12 1 10 12 1 1 8 1 10 12 1 10 100 12 1 1 1 9 12 1 1 10 12 1 10 12 1 10 12 1 1 9 12 1 1 10 100 12 1 1 1 10 100 1 10 12 1 1 10 100 12 1 1 10 12 1 10 12 1 1 100 1 100 1 8 1 10 10 12 1 1 10 12 1 10 12 1 10 12 1 1 10 12 1 10 12 1 10 12 1 10 12 1 10 12 1 10 12 10 12 1 10 12 1 10 12 1 10 12 1 10 12 1 10 12 1 10 12 1 10 12 1 10 12 1 1 10 12 1 1 10 12 1 10 12 1 10 12 1 10 12 10 12 10 12 1 10 12 1 10 12 1 10 12 10 12 1 10 12 1 10 12 1 10 12 1 10 12 1 10 12 1 10 12 1 10 12 1 10 12 1 1 10 12 1 10 12 1 1 10 12 1 10 12 1 1 10 12 1 10 12 1 1 10 12 1 10 12 1 10 12 1 10 10 10 12 1 100 1 100 1 100 1 100 1 1 1 1 5 0 1 1 1 1 1 1 1 1 1 1 1 1 1 1 1 1 1 1 1 1 1 1 1 1 1 1 1 1 1 1 1 1 1 1 1 1 1 1 1 1 1 1 1 1 100 1 1 1 100 1 1 1 1 1 1 1 1 1 1 1
ciInstanceKlass java/security/CodeSource 1 1 396 10 7 12 1 1 1 9 7 12 1 1 1 9 12 1 1 9 12 1 1 9 12 1 1 10 7 12 1 1 1 9 12 1 1 10 100 12 1 1 10 100 10 100 12 1 1 1 10 12 1 1 10 12 1 1 100 1 10 10 100 12 1 1 1 10 100 12 1 1 1 10 12 1 1 100 1 10 12 1 1 10 12 1 1 10 12 1 1 10 12 1 10 10 100 1 10 12 1 1 10 100 12 1 1 1 10 12 1 1 10 12 1 10 12 1 8 1 10 12 1 10 12 1 10 12 1 1 10 12 1 8 1 10 12 1 1 10 100 1 10 10 12 1 1 8 1 10 12 1 10 12 1 10 12 1 8 1 8 1 9 12 1 1 100 1 8 1 10 12 1 10 12 1 1 8 1 10 12 1 8 1 8 1 8 1 10 100 12 1 1 10 12 1 1 10 12 1 10 12 1 1 10 12 1 1 10 12 1 1 100 1 100 1 10 12 1 10 12 10 12 1 1 10 100 12 1 1 10 12 1 100 1 10 12 10 100 12 1 1 1 10 8 1 10 12 1 10 12 1 1 100 1 10 12 1 1 100 1 100 1 8 1 8 1 10 10 12 1 1 10 100 12 1 1 1 100 1 10 12 10 12 1 1 11 100 12 1 1 10 10 12 1 11 10 12 1 8 1 100 1 10 12 1 10 12 1 1 10 12 1 11 12 1 1 100 1 1 1 1 5 0 1 1 1 1 1 1 1 1 1 1 1 1 1 1 1 1 1 1 1 1 1 1 1 1 1 1 1 1 1 1 1 1 1 1 1 1 1 1 1 1 1 1 1 1 1 1 1 1 1 1 1 1 1 1 1 1 1 1 1 1 1 1 1 1 1 1 100 1 1 1 1 1 1 1
ciInstanceKlass java/security/ProtectionDomain 1 1 141 10 7 12 1 1 1 9 7 12 1 1 1 9 12 1 1 9 12 1 1 10 7 12 1 1 7 1 9 12 1 9 12 1 1 7 1 9 12 1 1 9 12 1 10 100 12 1 1 10 100 12 1 1 1 10 12 1 1 10 12 1 8 1 100 1 8 1 10 12 1 10 11 12 1 1 10 100 12 1 1 1 10 12 1 1 8 1 11 8 1 10 12 1 8 1 8 1 8 1 10 12 1 8 1 8 1 1 1 1 1 1 1 1 100 1 1 100 1 1 1 1 1 1 1 1 1 1 1 1 1 1 1 1 1 1 1 100 1 1 1
instanceKlass com/sun/javafx/reflect/MethodUtil
instanceKlass jdk/internal/loader/BuiltinClassLoader
instanceKlass java/net/URLClassLoader
ciInstanceKlass java/security/SecureClassLoader 1 1 102 10 7 12 1 1 1 7 1 10 12 1 9 7 12 1 1 1 10 12 1 10 12 1 10 12 1 1 10 12 1 1 10 12 1 7 1 10 7 1 10 12 1 7 1 10 12 1 11 7 12 1 1 1 7 1 11 12 1 10 12 1 1 1 1 1 1 1 1 1 1 1 1 1 1 1 1 1 1 1 1 1 1 1 1 1 1 1 1 1 1 1 1 1 1 1 1 100 1 1 1 1
ciInstanceKlass java/net/URL 1 1 721 10 7 12 1 1 1 10 12 1 10 7 12 1 1 9 12 1 1 9 12 1 10 12 1 1 9 12 1 1 10 7 12 1 1 1 8 1 10 12 1 1 7 1 10 10 12 1 1 8 1 10 12 1 1 9 12 1 7 1 8 1 10 12 1 10 12 1 8 1 9 12 1 10 12 1 1 9 12 1 10 12 1 10 12 1 9 12 1 9 12 1 8 1 9 12 1 10 12 1 1 8 1 9 12 1 1 10 12 1 1 10 7 12 1 1 1 8 1 10 12 1 7 1 10 12 1 10 12 1 10 12 1 10 12 1 1 10 12 1 1 8 1 10 12 1 1 10 12 1 8 1 9 12 1 8 1 10 12 1 10 7 12 1 1 1 100 1 10 12 1 10 12 1 1 10 7 12 1 1 1 100 1 8 1 10 10 12 1 8 1 10 12 1 1 10 12 1 10 12 1 10 12 1 10 12 1 10 12 1 10 12 1 8 1 10 12 1 8 1 10 10 100 1 10 10 12 1 8 1 10 7 12 1 1 1 10 12 1 9 12 1 1 10 12 1 10 100 12 1 1 1 100 1 10 12 1 10 12 1 10 12 1 10 12 1 10 12 1 10 12 10 10 12 1 10 12 1 10 12 1 1 8 1 9 100 12 1 1 1 10 100 12 1 1 1 10 12 1 10 12 1 10 7 12 1 1 1 10 12 1 1 10 12 1 9 12 1 1 9 12 1 1 100 1 8 1 10 9 12 1 1 10 7 12 1 1 8 1 10 7 12 1 1 8 1 10 12 1 1 10 12 1 8 1 8 1 10 7 12 1 1 1 100 1 10 7 12 1 1 1 10 12 1 10 12 1 9 7 12 1 1 1 10 7 12 1 1 10 12 1 1 10 12 1 8 1 7 1 10 7 12 1 1 1 10 12 1 1 11 7 12 1 1 11 12 1 10 12 1 10 12 1 8 9 7 12 1 1 1 10 12 1 1 10 12 1 10 12 1 1 10 7 12 1 1 11 7 1 10 12 1 10 12 1 9 12 1 10 12 1 1 10 100 12 1 1 10 100 12 1 1 1 8 10 100 12 1 1 100 1 10 8 8 10 12 1 8 8 8 100 1 10 12 1 9 12 1 1 10 12 1 10 12 1 1 10 12 1 10 12 10 12 1 1 10 12 1 1 10 10 10 12 1 10 12 1 10 12 1 10 12 1 10 12 1 10 10 12 1 100 1 8 1 10 10 10 12 1 1 10 12 1 10 12 1 1 8 1 7 1 10 10 7 1 10 12 1 9 7 12 1 1 1 9 12 1 1 7 1 10 10 7 12 1 1 1 100 1 1 1 1 1 5 0 1 1 1 1 1 1 1 1 1 1 1 1 1 1 1 1 1 1 1 1 1 1 1 1 1 1 1 1 1 1 1 1 1 1 1 1 1 1 1 1 1 1 1 1 1 1 100 1 1 1 1 1 1 1 1 1 1 1 1 1 1 1 1 1 1 1 1 1 1 1 1 1 1 1 1 1 1 1 1 1 1 1 1 100 1 1 1 1 1 1 1 1 1 1 1 1 1 1 1 1 1 1 1 1 1 1 1 100 1 1 1 1 1 1 1 1 1 1 1 1 1 1 1 1 1 1
staticfield java/net/URL defaultFactory Ljava/net/URLStreamHandlerFactory; java/net/URL$DefaultFactory
staticfield java/net/URL handlers Ljava/util/Hashtable; java/util/Hashtable
staticfield java/net/URL streamHandlerLock Ljava/lang/Object; java/lang/Object
staticfield java/net/URL serialPersistentFields [Ljava/io/ObjectStreamField; 7 [Ljava/io/ObjectStreamField;
ciInstanceKlass java/net/URLClassLoader 0 0 467 10 100 12 1 1 1 100 1 10 12 1 9 100 12 1 1 1 100 1 10 12 1 9 12 1 1 10 10 12 1 10 12 1 10 100 12 1 1 1 10 12 1 1 10 100 12 1 1 1 10 100 12 1 1 1 100 1 10 12 1 1 10 12 1 1 10 12 1 1 100 1 100 1 10 12 1 1 10 12 1 1 11 100 12 1 1 1 11 100 12 1 1 1 11 12 1 1 100 1 11 12 1 11 100 12 1 1 10 12 1 11 12 1 11 12 1 1 11 10 12 1 1 10 12 1 1 10 12 1 1 10 100 12 1 1 1 8 1 10 12 1 1 10 12 1 10 12 1 1 100 1 10 12 1 100 1 10 100 12 1 1 1 10 10 12 1 10 12 1 1 10 100 12 1 1 10 12 1 100 1 100 1 10 8 1 10 12 1 1 8 1 10 12 1 1 10 10 12 1 8 1 8 1 10 100 12 1 1 1 10 12 1 1 10 12 1 1 10 12 1 1 10 12 1 1 10 12 1 1 10 12 1 10 12 1 100 1 100 1 8 1 10 12 1 10 12 1 1 10 12 1 1 100 1 10 12 1 10 100 12 1 1 1 10 12 1 1 10 12 1 10 12 1 1 10 12 1 10 100 12 1 1 1 8 1 11 100 12 1 1 1 9 100 12 1 1 1 10 100 12 1 1 1 9 12 1 9 12 1 9 12 1 9 12 1 9 12 1 9 12 1 10 100 12 1 1 1 8 1 10 12 1 1 10 12 1 10 12 1 1 100 1 10 12 1 100 1 10 10 12 1 10 10 100 12 1 1 1 1 1 1 1 1 1 1 1 1 1 1 1 1 1 1 1 1 1 1 1 1 1 1 1 1 1 1 1 1 1 1 1 100 1 100 1 100 1 100 1 1 1 1 1 1 1 1 1 1 1 1 1 1 1 1 1 1 1 1 1 1 1 1 1 1 1 1 1 1 1 1 1 1 1 1 1 1 1 1 1 100 1 1 1 1 1 1 1 1 1 1 1 1 1 1 1 1 1 1 1 1 1 1 1 1 1 1 1
ciInstanceKlass java/util/jar/Manifest 1 1 320 10 7 12 1 1 1 7 1 10 9 7 12 1 1 1 7 1 10 9 12 1 1 9 12 1 1 10 12 1 10 12 1 1 10 12 1 1 10 12 1 1 10 12 1 1 11 7 1 11 12 1 1 10 12 1 1 10 100 12 1 1 1 100 1 100 1 10 8 1 10 12 1 1 10 12 1 1 10 12 1 10 12 1 11 100 1 10 12 1 10 12 1 1 11 12 1 1 10 12 1 11 12 1 1 11 100 12 1 1 1 11 100 12 1 1 11 12 1 1 100 1 10 12 1 8 1 11 12 1 100 1 10 12 1 1 11 12 1 10 12 1 10 12 1 10 9 100 12 1 1 1 10 12 1 1 10 100 12 1 10 12 1 10 12 1 9 100 12 1 1 1 8 1 10 12 1 8 1 8 1 7 1 10 12 1 10 12 1 10 12 1 1 100 1 8 1 10 12 1 1 8 1 10 10 12 1 1 8 1 10 12 1 1 10 100 12 1 1 1 10 12 1 10 11 12 1 1 10 12 1 1 10 100 12 1 1 1 10 12 1 1 10 12 1 10 12 1 1 11 10 12 1 11 10 12 1 100 1 1 1 1 1 1 1 1 1 1 1 1 1 1 1 1 1 1 1 1 1 1 1 1 1 1 1 1 1 1 1 1 1 1 1 100 1 1 1 1 1 1 1 1 1 1 1 1 1 1 100 1 1 1 1 1 1 1 1 1 1 1
ciInstanceKlass java/io/ByteArrayInputStream 1 1 135 10 7 12 1 1 1 9 7 12 1 1 1 9 12 1 1 9 12 1 9 12 1 10 100 12 1 1 1 10 7 12 1 1 1 10 7 12 1 1 1 10 100 12 1 1 1 10 12 1 1 10 100 12 1 1 1 100 1 100 1 100 1 3 10 100 1 10 100 12 1 1 1 9 12 1 1 100 1 10 10 7 12 1 1 1 1 1 1 1 1 1 1 1 1 1 1 1 1 1 1 1 1 1 1 1 1 1 1 1 1 1 1 1 1 1 1 1 100 1 100 1 1 1 1 1 1 1 1 1 1 1 1 1 1
staticfield java/io/ByteArrayInputStream $assertionsDisabled Z 1
instanceKlass java/nio/DoubleBuffer
instanceKlass java/nio/ShortBuffer
instanceKlass java/nio/FloatBuffer
instanceKlass java/nio/IntBuffer
instanceKlass java/nio/CharBuffer
instanceKlass java/nio/LongBuffer
instanceKlass java/nio/ByteBuffer
ciInstanceKlass java/nio/Buffer 1 1 259 100 1 10 7 12 1 1 1 9 7 12 1 1 1 9 12 1 9 12 1 1 9 12 1 9 12 1 1 10 12 1 1 10 12 1 1 10 12 100 1 100 1 10 8 1 10 12 1 1 10 12 1 8 1 8 1 10 12 1 1 10 12 1 8 1 9 12 1 1 100 1 8 1 10 12 1 8 1 8 1 9 12 10 12 1 8 1 8 1 8 1 10 12 1 8 1 8 1 8 1 100 1 10 100 1 10 100 1 10 9 12 1 1 10 7 12 1 1 1 100 1 10 12 1 1 10 12 1 10 100 12 1 1 10 7 12 1 1 1 10 7 12 1 1 1 9 12 1 1 10 7 12 1 1 1 9 12 1 1 7 1 10 10 12 1 1 7 1 10 10 7 12 1 1 1 1 1 3 1 1 1 1 1 1 1 1 1 1 1 1 1 1 100 1 1 1 1 1 1 1 100 1 1 1 1 1 1 1 1 1 1 1 1 1 1 1 1 1 1 1 1 1 1 1 1 1 1 1 1 1 1 1 1 1 1 1 1 1 1 1 1 1 1 100 1 100 1 100 1 100 1 100 1 100 1 100 1 1
staticfield java/nio/Buffer UNSAFE Ljdk/internal/misc/Unsafe; jdk/internal/misc/Unsafe
staticfield java/nio/Buffer SCOPED_MEMORY_ACCESS Ljdk/internal/misc/ScopedMemoryAccess; jdk/internal/misc/ScopedMemoryAccess
staticfield java/nio/Buffer IOOBE_FORMATTER Ljava/util/function/BiFunction; jdk/internal/util/Preconditions$4
staticfield java/nio/Buffer $assertionsDisabled Z 1
ciInstanceKlass java/lang/AssertionStatusDirectives 0 0 24 10 100 12 1 1 1 100 1 1 1 1 1 1 1 1 1 1 1 1 1 1 1 1
instanceKlass java/nio/DirectByteBuffer$Deallocator
instanceKlass com/sun/javafx/css/TransitionDefinition
instanceKlass jdk/internal/classfile/impl/AbstractInstruction$SwitchCaseImpl
instanceKlass jdk/internal/misc/ThreadTracker$ThreadRef
instanceKlass java/text/DecimalFormat$NumericPosition
instanceKlass jdk/net/UnixDomainPrincipal
instanceKlass com/sun/javafx/application/preferences/ChangedValue
instanceKlass com/sun/javafx/application/preferences/PreferenceMapping
instanceKlass java/util/Formatter$FixedString
instanceKlass java/lang/invoke/StringConcatFactory$InlineHiddenClassStrategy$MethodHandlePair
instanceKlass jdk/internal/classfile/impl/StackCounter$Target
instanceKlass jdk/internal/classfile/impl/StackMapDecoder$StackMapFrameImpl
instanceKlass jdk/internal/classfile/impl/StackMapDecoder$ObjectVerificationTypeInfoImpl
instanceKlass java/lang/reflect/Proxy$ProxyBuilder$ProxyClassContext
instanceKlass java/security/SecureClassLoader$CodeSourceKey
instanceKlass jdk/internal/module/ModuleReferenceImpl$CachedHash
instanceKlass java/util/zip/ZipFile$EntryPos
instanceKlass java/util/stream/Collectors$CollectorImpl
instanceKlass java/lang/invoke/MethodHandles$Lookup$ClassDefiner
instanceKlass jdk/internal/classfile/impl/ClassHierarchyImpl$ClassHierarchyInfoImpl
instanceKlass java/lang/classfile/ClassHierarchyResolver$1Factory
instanceKlass jdk/internal/classfile/impl/RawBytecodeHelper$CodeRange
instanceKlass jdk/internal/classfile/impl/StackMapGenerator$Type
instanceKlass jdk/internal/classfile/impl/Util$1WithCodeMethodHandler
instanceKlass jdk/internal/classfile/impl/DirectCodeBuilder$DeferredLabel
instanceKlass java/lang/invoke/InvokerBytecodeGenerator$ClassData
instanceKlass jdk/internal/classfile/impl/AnnotationImpl
instanceKlass jdk/internal/reflect/ReflectionFactory$Config
instanceKlass jdk/internal/foreign/abi/UpcallLinker$CallRegs
instanceKlass jdk/internal/foreign/abi/VMStorage
ciInstanceKlass java/lang/Record 1 1 22 10 7 12 1 1 1 100 1 1 1 1 1 1 1 1 1 1 1 1 1 1
ciInstanceKlass java/util/concurrent/ConcurrentHashMap 1 1 1218 100 1 7 1 10 7 12 1 1 1 10 12 1 1 9 12 1 1 3 10 7 12 1 1 1 3 100 1 10 7 12 1 1 1 100 1 10 100 12 1 1 1 100 1 11 12 1 1 11 12 1 11 12 1 1 9 12 1 1 9 12 1 9 12 1 10 7 12 1 1 1 7 1 10 12 1 1 10 12 1 1 10 7 12 1 1 1 4 10 12 1 11 7 12 1 1 10 12 1 10 12 1 1 100 1 10 5 0 10 12 1 9 12 1 10 12 1 1 5 0 10 12 1 10 12 1 9 12 1 1 10 12 1 1 9 12 1 9 12 1 1 10 12 1 1 9 12 1 10 12 1 1 9 12 1 1 10 12 1 1 100 1 10 7 1 10 12 1 10 12 1 1 10 12 1 1 10 12 1 1 10 12 1 10 12 1 1 10 12 1 1 100 1 10 12 1 1 7 1 100 1 8 1 10 12 1 10 12 1 1 10 12 1 1 10 10 12 1 11 12 1 1 11 7 12 1 1 1 11 7 12 1 1 1 11 12 1 7 1 11 12 1 11 12 1 10 12 1 1 10 12 1 1 9 12 1 1 10 100 12 1 1 1 9 10 12 1 1 9 12 1 10 12 1 1 5 0 9 12 1 1 7 1 10 12 1 9 12 1 1 7 1 10 12 1 9 12 1 7 1 10 100 1 10 10 12 1 1 8 1 10 12 1 10 12 1 1 11 100 1 10 12 1 10 100 12 1 1 1 8 1 10 100 12 1 1 1 8 1 10 12 1 8 1 10 12 1 10 12 1 1 10 100 12 1 1 10 12 1 10 12 1 10 12 1 9 12 1 9 10 12 1 9 12 1 1 11 7 12 1 1 1 11 7 12 1 1 1 100 1 10 12 11 100 12 1 1 10 11 7 12 1 10 12 1 100 1 10 12 1 100 1 10 10 9 7 12 1 1 1 3 10 100 12 1 1 9 12 1 10 12 1 1 9 12 1 1 9 12 1 10 12 1 1 10 100 12 1 1 9 12 1 9 7 12 1 1 10 12 1 1 10 12 1 3 9 12 1 9 12 1 10 12 1 1 7 1 9 3 100 1 10 12 1 9 12 1 10 12 1 9 12 1 10 12 1 9 12 1 10 100 12 1 1 1 100 10 12 1 100 1 5 0 10 100 12 1 1 100 1 10 12 1 1 10 12 1 10 12 1 100 1 10 12 1 10 100 1 100 1 10 10 12 1 10 100 1 10 12 1 10 100 1 10 12 1 10 100 1 10 12 1 1 100 1 10 12 1 10 10 12 1 100 1 10 12 1 10 10 12 1 100 1 10 12 1 10 100 1 10 12 1 10 100 1 10 12 1 10 100 1 10 12 1 10 100 1 10 12 1 10 100 1 10 12 1 10 100 1 10 12 1 10 100 1 10 12 1 10 100 1 10 10 100 1 10 10 100 1 10 10 100 1 10 12 1 10 100 1 10 12 1 10 100 1 10 12 1 10 100 1 10 12 1 10 100 1 10 12 1 10 100 1 10 10 100 1 10 10 100 1 10 10 100 1 10 12 1 10 100 1 10 12 1 10 100 1 10 12 1 10 100 1 10 12 1 10 100 1 10 12 1 10 10 12 1 10 12 1 7 1 7 1 10 12 1 9 12 1 1 9 12 1 1 10 12 1 1 8 10 12 1 1 8 8 8 8 7 10 12 1 1 10 12 1 100 1 8 1 10 7 1 100 1 100 1 1 1 5 0 1 1 3 1 3 1 1 1 1 3 1 3 1 3 1 1 1 1 1 3 1 3 1 3 1 1 1 1 1 1 1 1 1 1 1 1 1 1 1 1 1 1 1 1 1 1 1 1 1 1 1 100 1 1 1 1 1 1 1 1 1 1 1 1 1 1 1 1 1 1 1 1 1 1 1 1 1 1 1 1 1 1 1 1 1 1 1 1 1 1 1 1 1 1 1 1 1 1 1 1 1 1 1 1 1 1 1 1 1 1 1 1 1 1 1 1 1 1 1 1 1 1 1 1 1 1 1 1 1 1 1 1 1 1 1 1 100 1 1 1 1 1 1 1 1 1 1 1 100 1 1 1 1 1 1 1 1 1 1 1 1 1 1 1 1 1 1 1 1 1 1 1 1 1 1 1 1 1 1 1 1 1 1 1 1 1 1 1 1 1 1 1 1 1 1 1 1 1 1 1 1 1 1 1 1 1 1 1 1 1 1 1 1 1 1 1 1 1 1 1 1 1 1 1 1 1 1 1 1 1 1 1 1 1 1 1 1 1 1 1 1 1 1 1 1 1 1 1 1 1 1 1 1 1 1 1 1 1 1 1 1 1 1 1 1 1 1 1 1 1 1 1 1 1 1 1 1 1 1 1 1 1 1 1 1 1 1 1 1 1 1 1 1 1 1 1 1 1 1 1 1 1 1 1 1 1 1 1 1 1 1 1 1 1 1 1 1 1 1 1 1 1 1 1 1 1 1 1 1 1 1 1 1 1 1 1 1 1 1 1 1 1 1 1 1 1 1 1 1 1 1 1 1 1 1 1 1 1 1 1 1 1 1 1 1 1 1 1 1 1 1 1 100 1 100 1 100 1 100 1 100 1 100 1 100 1 100 1 100 1 1 1 1 1 1 1 1 1 1 1 1 1 1 1 1 1 1 1 1 1 1 1 1 1 1 1 1 1 1 1 1 1 1 1 1 1 1 1 1 1 1 1 1 1 1 1 1 1 1 1 1 1 1 1 1 1 1
staticfield java/util/concurrent/ConcurrentHashMap serialPersistentFields [Ljava/io/ObjectStreamField; 3 [Ljava/io/ObjectStreamField;
staticfield java/util/concurrent/ConcurrentHashMap U Ljdk/internal/misc/Unsafe; jdk/internal/misc/Unsafe
staticfield java/util/concurrent/ConcurrentHashMap SIZECTL J 20
staticfield java/util/concurrent/ConcurrentHashMap TRANSFERINDEX J 32
staticfield java/util/concurrent/ConcurrentHashMap BASECOUNT J 24
staticfield java/util/concurrent/ConcurrentHashMap CELLSBUSY J 36
staticfield java/util/concurrent/ConcurrentHashMap CELLVALUE J 144
staticfield java/util/concurrent/ConcurrentHashMap ABASE I 16
staticfield java/util/concurrent/ConcurrentHashMap ASHIFT I 2
instanceKlass com/sun/javafx/scene/KeyboardShortcutsHandler$CopyOnWriteMap
instanceKlass com/sun/javafx/fxml/builder/ProxyBuilder
instanceKlass com/sun/javafx/fxml/builder/JavaFXImageBuilder
instanceKlass java/util/concurrent/ConcurrentSkipListMap
instanceKlass com/sun/javafx/fxml/BeanAdapter
instanceKlass java/util/Collections$SingletonMap
instanceKlass javafx/collections/FXCollections$EmptyObservableMap
instanceKlass com/sun/javafx/application/preferences/PlatformPreferences
instanceKlass java/util/TreeMap
instanceKlass java/util/IdentityHashMap
instanceKlass java/util/EnumMap
instanceKlass java/util/WeakHashMap
instanceKlass java/util/Collections$EmptyMap
instanceKlass sun/util/PreHashedMap
instanceKlass java/util/HashMap
instanceKlass java/util/ImmutableCollections$AbstractImmutableMap
instanceKlass java/util/concurrent/ConcurrentHashMap
ciInstanceKlass java/util/AbstractMap 1 1 198 10 7 12 1 1 1 10 7 12 1 1 1 11 7 12 1 1 1 10 11 12 1 1 11 7 12 1 1 1 11 12 1 1 7 1 11 12 1 10 12 1 1 11 12 1 100 1 10 11 12 1 11 7 1 10 12 1 1 11 12 1 9 12 1 1 100 1 10 12 1 9 12 1 1 100 1 10 11 11 12 1 1 11 12 1 100 1 100 1 11 12 1 8 1 100 1 10 10 12 1 1 8 1 10 12 1 10 12 1 1 10 12 1 1 1 1 1 1 1 1 1 1 1 1 1 1 1 1 1 1 1 1 1 1 1 1 1 1 1 1 1 1 1 1 1 1 1 1 1 1 1 1 100 1 1 1 1 1 1 1 100 1 1 1 1 1 1 1 1 1 100 1 1 1 1 1 1 1 1 1 100 1 100 1 100 1 100 1 100 1 1 1 1 1 1 1 1
ciInstanceKlass java/util/concurrent/ConcurrentMap 1 1 201 11 100 12 1 1 1 10 100 12 1 1 11 12 1 1 11 100 12 1 1 1 11 100 12 1 1 1 11 12 1 1 100 1 11 12 1 11 12 1 100 1 11 100 12 1 1 1 18 12 1 11 12 1 1 11 100 12 1 1 11 12 1 1 11 100 12 1 11 12 1 1 11 12 1 1 100 1 100 1 1 1 1 1 1 1 1 1 1 1 1 1 1 1 1 1 1 1 1 1 1 1 1 1 1 1 1 1 1 1 1 1 1 1 1 1 1 1 1 1 1 1 1 1 1 1 1 1 1 1 1 1 1 1 1 1 1 1 1 16 15 11 12 15 10 100 12 1 1 1 1 1 100 1 100 1 1 1 100 1 8 1 1 12 10 1 8 1 1 1 8 1 8 1 1 8 1 1 1 8 1 1 1 8 1 1 8 1 8 1 1 1 8 1 1 8 1 1 1 8 1
ciInstanceKlass java/util/Collection 1 1 115 11 100 12 1 1 1 100 1 11 7 12 1 1 1 10 7 12 1 1 1 11 12 1 1 11 7 12 1 1 1 11 12 1 1 11 7 12 1 1 1 11 12 1 1 10 100 12 1 1 1 11 12 1 10 7 12 1 1 1 100 1 100 1 1 1 1 1 1 1 1 1 1 1 1 1 1 1 1 1 1 1 1 1 1 1 1 1 1 1 1 1 1 1 1 1 1 1 1 1 1 1 1 1 1 1 1 1 1 1 1 1 1 1 1
instanceKlass jdk/internal/loader/ClassLoaders$BootClassLoader
instanceKlass jdk/internal/loader/ClassLoaders$PlatformClassLoader
instanceKlass jdk/internal/loader/ClassLoaders$AppClassLoader
ciInstanceKlass jdk/internal/loader/BuiltinClassLoader 1 1 652 9 7 12 1 1 1 10 7 12 1 1 1 10 7 12 1 1 1 9 12 1 1 9 12 1 1 7 1 10 12 1 9 12 1 10 12 1 9 12 1 10 7 12 1 1 1 10 7 12 1 1 1 10 7 12 1 1 1 11 7 12 1 1 1 100 1 100 1 10 10 12 1 1 8 1 10 12 1 10 12 7 1 10 12 1 10 12 1 1 11 7 12 1 1 1 11 7 12 1 1 1 11 12 1 1 7 1 8 1 8 1 10 9 12 1 1 10 7 12 1 1 11 12 1 1 10 12 1 1 10 12 1 1 10 12 1 1 11 7 12 1 1 1 10 7 12 1 1 7 1 10 100 12 1 1 1 10 7 12 1 1 1 10 12 1 10 12 1 100 1 8 1 10 12 1 1 10 8 1 10 12 1 1 10 12 1 1 10 12 1 1 11 7 12 1 1 11 12 1 7 1 10 11 12 1 1 11 10 12 1 1 7 1 10 12 1 10 7 12 1 10 12 1 11 12 1 1 11 7 1 11 12 1 7 1 10 12 1 1 100 1 100 1 11 12 1 1 10 12 1 10 12 10 12 1 10 7 12 1 1 1 7 1 10 10 12 1 1 10 12 1 1 10 12 1 1 10 12 1 9 12 1 1 100 1 10 10 12 1 1 10 12 1 1 10 12 1 10 12 10 12 1 1 10 12 1 1 10 12 1 1 10 12 1 10 12 1 1 10 12 1 1 10 12 1 10 12 1 1 10 12 1 7 1 10 12 10 7 12 1 1 1 10 12 1 11 12 1 7 1 10 12 1 7 1 100 1 10 12 1 10 12 1 11 12 1 1 10 12 1 1 10 12 1 1 10 12 1 1 10 12 1 1 10 12 1 10 12 1 10 12 1 10 12 1 8 1 10 12 1 1 10 7 12 1 1 10 12 1 100 1 8 1 8 1 10 10 12 1 8 1 8 1 10 7 12 1 1 1 11 7 12 1 1 1 9 7 12 1 1 1 10 7 12 1 1 1 9 12 1 9 12 1 9 12 1 9 12 1 9 12 1 9 12 1 10 7 12 1 1 1 8 1 10 12 1 7 1 10 11 12 1 1 10 12 10 12 1 10 12 1 100 1 10 12 1 10 12 1 11 11 12 1 10 7 12 1 1 10 7 12 1 1 8 1 10 7 12 1 1 10 12 1 1 1 1 1 1 1 1 1 1 1 1 1 1 1 1 1 1 1 1 1 1 1 1 1 1 1 1 1 1 1 1 1 1 1 1 1 1 1 1 1 1 1 1 1 1 1 1 1 1 1 1 1 1 1 100 1 1 1 1 1 1 1 1 1 1 1 1 1 100 1 100 1 1 1 1 1 1 1 1 1 1 1 1 1 1 1 1 1 1 1 1 1 1 1 1 1 1 1 1 1 1 1 1 1 1 1 1 1 1 1 1 1 1 1 1 1 1 1 100 1 1 1 100 1 1 1 1 1
staticfield jdk/internal/loader/BuiltinClassLoader packageToModule Ljava/util/Map; java/util/concurrent/ConcurrentHashMap
staticfield jdk/internal/loader/BuiltinClassLoader $assertionsDisabled Z 1
ciInstanceKlass jdk/internal/loader/ClassLoaders$AppClassLoader 1 1 57 8 1 10 7 12 1 1 1 10 100 12 1 1 1 10 12 1 1 10 7 12 1 1 1 100 1 10 12 1 1 1 1 1 1 1 1 1 1 1 1 1 1 1 1 1 1 1 1 1 1 1 1 100 1 1 1
ciInstanceKlass jdk/internal/loader/ClassLoaders$PlatformClassLoader 1 1 42 8 1 10 7 12 1 1 1 10 7 12 1 1 1 100 1 10 12 1 100 1 1 1 1 1 1 1 1 1 1 1 1 1 1 100 1 1 1 100 1 1
ciInstanceKlass java/lang/ArithmeticException 1 1 26 10 100 12 1 1 1 10 12 1 100 1 1 1 1 5 0 1 1 1 1 1 1 1 1 1
instanceKlass com/itextpdf/kernel/geom/NoninvertibleTransformException
instanceKlass com/itextpdf/kernel/xmp/XMPException
instanceKlass com/itextpdf/kernel/pdf/SmartModePdfObjectsSerializer$SelfReferenceException
instanceKlass javafx/scene/transform/NonInvertibleTransformException
instanceKlass sun/nio/fs/WindowsException
instanceKlass java/security/PrivilegedActionException
instanceKlass javafx/css/CssParser$ParseException
instanceKlass java/sql/SQLException
instanceKlass java/lang/CloneNotSupportedException
instanceKlass java/net/URISyntaxException
instanceKlass javax/xml/stream/XMLStreamException
instanceKlass com/sun/javafx/geom/transform/NoninvertibleTransformException
instanceKlass java/util/concurrent/ExecutionException
instanceKlass java/security/GeneralSecurityException
instanceKlass java/io/IOException
instanceKlass java/lang/InterruptedException
instanceKlass java/lang/ReflectiveOperationException
instanceKlass java/lang/RuntimeException
ciInstanceKlass java/lang/Exception 1 1 40 10 7 12 1 1 1 10 12 1 10 12 1 10 12 1 10 12 1 100 1 1 1 1 5 0 1 1 1 1 1 1 1 1 1 1 1 1 1 1
instanceKlass com/itextpdf/commons/exceptions/ITextException
instanceKlass java/nio/BufferOverflowException
instanceKlass com/sun/javafx/geom/IllegalPathStateException
instanceKlass java/time/DateTimeException
instanceKlass io/github/cdimascio/dotenv/DotenvException
instanceKlass java/util/ConcurrentModificationException
instanceKlass java/lang/reflect/UndeclaredThrowableException
instanceKlass com/sun/javafx/fxml/PropertyNotFoundException
instanceKlass java/util/NoSuchElementException
instanceKlass com/sun/javafx/geom/transform/SingularMatrixException
instanceKlass java/lang/SecurityException
instanceKlass java/lang/MatchException
instanceKlass java/lang/UnsupportedOperationException
instanceKlass java/lang/IllegalStateException
instanceKlass java/lang/IllegalArgumentException
instanceKlass java/lang/IndexOutOfBoundsException
instanceKlass java/lang/ArithmeticException
instanceKlass java/lang/NullPointerException
instanceKlass java/lang/IllegalCallerException
instanceKlass java/lang/IllegalMonitorStateException
instanceKlass java/lang/ArrayStoreException
instanceKlass java/lang/ClassCastException
ciInstanceKlass java/lang/RuntimeException 1 1 40 10 7 12 1 1 1 10 12 1 10 12 1 10 12 1 10 12 1 100 1 1 1 1 5 0 1 1 1 1 1 1 1 1 1 1 1 1 1 1
ciInstanceKlass java/lang/ArrayIndexOutOfBoundsException 1 1 45 10 100 12 1 1 1 10 12 1 100 1 10 8 1 10 12 1 1 10 12 1 10 12 1 1 100 1 1 1 1 5 0 1 1 1 1 1 1 1 1 1 1 1 1
ciInstanceKlass java/lang/ArrayStoreException 1 1 26 10 100 12 1 1 1 10 12 1 100 1 1 1 1 5 0 1 1 1 1 1 1 1 1 1
ciInstanceKlass java/lang/ClassCastException 1 1 26 10 100 12 1 1 1 10 12 1 100 1 1 1 1 5 0 1 1 1 1 1 1 1 1 1
ciInstanceKlass java/lang/ClassNotFoundException 1 1 96 7 1 10 7 12 1 1 1 10 12 1 10 12 1 1 10 100 12 1 1 1 8 1 10 100 12 1 1 1 10 7 12 1 1 10 100 12 1 1 1 10 100 12 1 1 1 10 12 1 1 7 1 10 12 1 9 12 1 1 1 1 1 5 0 1 1 1 1 1 1 1 1 1 1 1 1 1 1 1 1 1 1 100 1 1 1 1 1 1 1 1 1 1 1 1
staticfield java/lang/ClassNotFoundException serialPersistentFields [Ljava/io/ObjectStreamField; 1 [Ljava/io/ObjectStreamField;
instanceKlass java/lang/InstantiationException
instanceKlass java/lang/reflect/InvocationTargetException
instanceKlass java/lang/IllegalAccessException
instanceKlass java/lang/NoSuchFieldException
instanceKlass java/lang/NoSuchMethodException
instanceKlass java/lang/ClassNotFoundException
ciInstanceKlass java/lang/ReflectiveOperationException 1 1 34 10 7 12 1 1 1 10 12 1 10 12 1 10 12 1 100 1 1 1 1 5 0 1 1 1 1 1 1 1 1 1 1 1
instanceKlass java/nio/charset/UnsupportedCharsetException
instanceKlass java/nio/charset/IllegalCharsetNameException
instanceKlass java/lang/NumberFormatException
ciInstanceKlass java/lang/IllegalArgumentException 1 1 35 10 7 12 1 1 1 10 12 1 10 12 1 10 12 1 100 1 1 1 1 5 0 1 1 1 1 1 1 1 1 1 1 1 1
ciInstanceKlass java/lang/IllegalCallerException 0 0 35 10 100 12 1 1 1 10 12 1 10 12 1 10 12 1 100 1 1 1 1 5 0 1 1 1 1 1 1 1 1 1 1 1 1
ciInstanceKlass java/lang/IllegalMonitorStateException 1 1 26 10 100 12 1 1 1 10 12 1 100 1 1 1 1 5 0 1 1 1 1 1 1 1 1 1
ciInstanceKlass java/lang/BootstrapMethodError 0 0 45 10 100 12 1 1 1 10 12 1 10 12 1 10 100 12 1 1 1 10 100 12 1 1 1 1 1 1 5 0 1 1 1 1 1 1 1 1 1 1 1 100 1 1 1
instanceKlass java/lang/AssertionError
instanceKlass java/lang/VirtualMachineError
instanceKlass java/lang/LinkageError
ciInstanceKlass java/lang/Error 1 1 58 10 7 12 1 1 1 9 12 1 1 10 100 12 1 1 1 10 100 12 1 1 1 10 12 1 10 12 1 10 12 1 10 12 1 100 1 1 1 1 5 0 1 1 1 1 1 1 1 1 100 1 1 1 1 1 1 1
instanceKlass java/lang/ExceptionInInitializerError
instanceKlass java/lang/UnsatisfiedLinkError
instanceKlass java/lang/IncompatibleClassChangeError
instanceKlass java/lang/BootstrapMethodError
instanceKlass java/lang/NoClassDefFoundError
ciInstanceKlass java/lang/LinkageError 1 1 31 10 7 12 1 1 1 10 12 1 10 12 1 100 1 1 1 1 5 0 1 1 1 1 1 1 1 1 1 1 1
ciInstanceKlass java/lang/NullPointerException 1 1 52 10 7 12 1 1 1 10 12 1 9 7 12 1 1 1 10 12 1 1 9 12 1 1 10 12 1 1 10 12 1 1 1 1 5 0 1 1 1 1 1 1 1 1 100 1 100 1 100 1 1 1
ciInstanceKlass java/lang/InternalError 1 1 34 10 100 12 1 1 1 10 12 1 10 12 1 10 12 1 100 1 1 1 1 5 0 1 1 1 1 1 1 1 1 1 1 1
instanceKlass java/lang/StackOverflowError
instanceKlass java/lang/OutOfMemoryError
instanceKlass java/lang/InternalError
ciInstanceKlass java/lang/VirtualMachineError 1 1 34 10 100 12 1 1 1 10 12 1 10 12 1 10 12 1 100 1 1 1 1 5 0 1 1 1 1 1 1 1 1 1 1 1
ciMethod java/lang/InternalError <init> (Ljava/lang/String;)V 0 0 1 0 -1
ciInstanceKlass java/lang/NoClassDefFoundError 1 1 26 10 7 12 1 1 1 10 12 1 100 1 1 1 1 5 0 1 1 1 1 1 1 1 1 1
ciInstanceKlass java/lang/OutOfMemoryError 1 1 26 10 100 12 1 1 1 10 12 1 100 1 1 1 1 5 0 1 1 1 1 1 1 1 1 1
ciInstanceKlass java/lang/StackOverflowError 1 1 26 10 100 12 1 1 1 10 12 1 100 1 1 1 1 5 0 1 1 1 1 1 1 1 1 1
ciInstanceKlass java/lang/StackTraceElement 1 1 235 10 7 12 1 1 1 10 7 12 1 1 9 12 1 1 9 12 1 1 9 12 1 9 12 1 8 1 10 100 12 1 1 1 7 1 9 12 1 8 1 9 12 1 9 12 1 9 12 1 1 10 12 1 1 10 12 1 8 1 10 7 12 1 1 1 7 1 10 12 1 10 12 1 1 10 12 1 10 12 1 1 10 12 1 10 12 1 10 10 12 1 8 1 10 12 1 10 12 1 1 10 12 1 1 10 12 1 10 12 1 10 12 1 9 12 1 1 10 7 12 1 1 1 10 12 1 1 7 1 10 12 1 1 10 7 12 1 1 10 7 12 1 1 1 10 7 12 1 1 10 7 12 1 1 10 10 12 1 1 10 12 1 1 10 12 1 1 10 12 1 100 1 1 1 1 1 1 1 3 1 3 1 1 5 0 1 1 1 1 1 1 1 1 1 1 1 1 1 1 1 1 1 1 1 1 1 1 1 1 1 1 1 1 1 100 1 100 1 1 1 1 1 1 1 100 1 1 1 1 1 1 1 1 1
instanceKlass java/util/concurrent/locks/AbstractQueuedSynchronizer
ciInstanceKlass java/util/concurrent/locks/AbstractOwnableSynchronizer 1 1 32 10 7 12 1 1 1 9 7 12 1 1 1 100 1 1 1 1 5 0 1 1 1 1 1 1 1 1 1 1 1 1
ciInstanceKlass jdk/internal/vm/Continuation 1 1 551 9 7 12 1 1 1 9 12 1 9 12 1 9 12 1 100 1 100 1 10 12 1 1 8 1 10 12 1 1 10 12 1 10 12 1 1 10 12 1 9 7 12 1 1 1 11 100 12 1 1 1 10 100 1 9 12 1 1 9 12 1 1 10 8 1 10 12 1 9 12 1 1 10 11 12 1 1 100 1 10 100 12 1 1 1 10 12 1 1 10 12 1 10 12 1 1 11 12 1 1 9 12 1 1 10 12 1 1 18 12 1 1 10 100 12 1 1 1 100 1 10 12 1 11 100 12 1 1 1 10 12 1 9 12 1 10 12 1 1 100 1 8 1 10 12 1 10 12 1 1 9 12 1 1 11 12 1 1 9 12 1 1 8 1 10 11 12 1 1 11 12 1 1 10 12 1 1 10 12 1 1 9 12 1 10 12 1 10 10 12 1 8 1 10 12 1 8 1 8 1 10 7 12 1 1 1 10 100 12 1 1 1 10 12 1 9 12 1 11 12 1 100 1 10 12 1 10 12 1 1 9 12 1 1 100 1 10 12 1 1 9 12 1 1 10 12 1 10 12 1 11 100 12 1 1 10 7 1 10 12 1 8 1 10 12 1 1 9 12 1 1 10 7 12 1 1 8 1 8 1 8 1 8 1 10 12 1 1 10 12 1 10 12 1 10 12 1 10 12 1 1 10 12 1 1 8 1 9 12 1 10 12 1 1 9 12 1 1 10 12 1 1 9 12 1 8 1 10 100 12 1 1 1 10 12 1 8 1 100 1 8 1 10 9 12 1 1 8 1 10 100 12 1 1 10 100 12 1 1 8 1 8 1 10 12 10 12 1 1 10 100 1 10 100 12 1 1 1 18 11 100 12 1 1 1 18 12 1 11 12 1 1 100 1 10 7 12 1 1 10 12 1 1 8 10 12 1 1 10 7 12 1 1 1 10 7 12 1 1 10 12 1 8 1 10 12 1 100 1 100 1 10 12 1 1 1 1 1 1 1 1 1 1 1 1 1 1 1 1 1 1 1 1 1 1 1 1 1 1 1 1 1 1 1 1 1 1 1 1 1 1 1 1 1 1 1 1 1 1 1 1 1 1 1 1 1 1 1 1 1 1 1 1 1 1 1 1 1 1 1 1 1 1 1 1 1 1 1 1 100 1 1 16 1 15 10 12 16 15 11 100 12 1 1 1 16 1 16 1 15 10 12 16 15 10 100 12 1 1 1 1 1 1 1 1 100 1 100 1 1
staticfield jdk/internal/vm/Continuation U Ljdk/internal/misc/Unsafe; jdk/internal/misc/Unsafe
staticfield jdk/internal/vm/Continuation MOUNTED_OFFSET J 13
staticfield jdk/internal/vm/Continuation PRESERVE_SCOPED_VALUE_CACHE Z 1
staticfield jdk/internal/vm/Continuation JLA Ljdk/internal/access/JavaLangAccess; java/lang/System$1
staticfield jdk/internal/vm/Continuation $assertionsDisabled Z 1
ciInstanceKlass jdk/internal/misc/UnsafeConstants 1 1 34 10 100 12 1 1 1 9 7 12 1 1 1 9 12 1 9 12 1 1 9 12 1 9 12 1 1 1 1 1 1 1 1 1
staticfield jdk/internal/misc/UnsafeConstants ADDRESS_SIZE0 I 8
staticfield jdk/internal/misc/UnsafeConstants PAGE_SIZE I 4096
staticfield jdk/internal/misc/UnsafeConstants BIG_ENDIAN Z 0
staticfield jdk/internal/misc/UnsafeConstants UNALIGNED_ACCESS Z 1
staticfield jdk/internal/misc/UnsafeConstants DATA_CACHE_LINE_FLUSH_SIZE I 0
instanceKlass java/lang/invoke/DelegatingMethodHandle
instanceKlass java/lang/invoke/BoundMethodHandle
instanceKlass java/lang/invoke/DirectMethodHandle
ciInstanceKlass java/lang/invoke/MethodHandle 1 1 734 100 1 9 7 12 1 1 1 10 7 12 1 1 1 10 7 12 1 1 1 7 1 7 1 10 12 1 1 9 12 1 1 10 12 1 10 12 1 1 10 12 1 1 10 100 12 1 1 1 10 12 1 1 10 12 1 1 11 100 12 1 1 1 10 12 1 1 10 12 1 10 12 1 9 12 1 1 9 12 1 1 10 100 12 1 1 1 10 12 1 10 12 1 1 10 12 1 10 12 1 100 1 100 1 10 8 1 10 12 1 1 10 12 1 8 1 10 12 1 1 10 12 1 10 7 12 1 1 1 10 12 1 1 10 12 1 1 10 12 1 1 10 7 12 1 1 1 10 12 1 1 10 12 1 1 10 12 1 10 12 1 1 10 100 12 1 1 10 7 12 1 1 10 12 1 10 12 1 10 12 1 1 10 12 1 1 10 12 1 1 10 12 1 1 10 7 12 1 1 1 10 7 12 1 1 1 10 12 1 1 10 12 1 1 10 12 1 1 8 1 10 7 12 1 1 1 8 1 10 12 1 10 12 1 1 10 12 1 1 10 12 1 8 1 10 12 1 1 8 1 10 12 1 8 1 10 100 12 1 1 1 9 12 1 1 100 1 10 9 100 12 1 1 1 9 100 1 8 1 10 12 1 1 10 12 1 10 12 1 1 10 12 1 10 12 1 1 10 12 1 10 12 1 1 10 12 1 10 12 1 1 10 12 1 1 8 1 10 12 1 1 8 1 10 12 1 10 12 1 1 10 12 1 10 12 1 10 12 1 1 9 100 12 1 1 1 10 12 1 1 11 12 1 10 12 1 10 12 1 1 10 100 12 1 1 100 1 11 12 1 10 100 1 11 12 1 100 1 10 12 1 11 12 1 9 100 12 1 1 1 11 12 1 1 11 100 12 1 1 1 10 12 1 1 9 12 1 11 12 1 9 12 1 9 12 1 9 12 1 11 12 1 1 9 12 1 9 12 1 9 12 1 9 12 1 9 12 1 9 12 1 9 12 1 8 1 10 12 1 10 12 1 8 1 10 12 1 10 12 1 10 12 1 1 10 10 10 7 12 1 1 10 12 1 1 100 1 100 1 8 1 8 1 10 10 12 1 1 10 12 1 10 12 1 100 1 10 100 12 1 1 1 10 9 7 12 1 1 1 10 12 1 1 10 12 1 1 8 1 8 1 10 100 12 1 1 9 12 1 9 12 1 1 9 12 1 1 10 12 1 7 1 10 12 1 10 12 1 1 9 12 1 1 9 12 1 1 10 7 12 1 1 1 11 7 12 1 1 9 12 1 10 12 1 1 9 12 1 10 12 1 8 10 12 1 1 8 1 1 1 1 1 1 1 1 100 1 1 1 1 1 1 1 1 1 1 1 1 1 1 1 1 1 1 1 1 1 1 1 1 1 1 1 1 1 1 1 1 100 1 1 1 1 1 1 1 1 1 1 1 1 1 1 1 1 1 1 1 1 1 1 1 1 1 1 1 1 1 1 1 1 1 1 1 1 1 1 1 1 1 1 1 1 1 1 1 1 1 1 1 1 1 1 1 1 1 1 1 1 1 1 1 1 1 1 1 1 1 1 1 1 1 1 1 1 1 1 1 1 1 1 1 1 1 1 100 1 1 100 1 100 1 100 1 1 100 1 1 100 1 1 1 1
staticfield java/lang/invoke/MethodHandle FORM_OFFSET J 20
staticfield java/lang/invoke/MethodHandle UPDATE_OFFSET J 13
staticfield java/lang/invoke/MethodHandle $assertionsDisabled Z 1
ciInstanceKlass java/lang/invoke/MethodType 1 1 766 7 1 10 7 12 1 1 1 9 12 1 1 9 12 1 1 9 12 1 1 10 7 12 1 1 1 9 7 12 1 1 8 1 10 100 12 1 1 1 9 7 1 9 7 1 10 12 1 1 100 1 10 8 1 10 12 1 1 10 12 1 10 12 1 1 100 1 8 1 10 12 1 100 1 10 10 12 1 10 12 1 1 10 12 1 1 11 7 12 1 1 1 9 12 1 11 12 1 1 7 10 12 1 1 10 12 1 1 7 1 7 1 10 7 12 1 1 1 10 12 1 10 12 1 9 12 1 1 9 12 1 1 10 100 12 1 1 1 100 1 10 10 100 12 1 1 9 12 1 1 10 7 1 10 12 1 1 10 7 12 1 1 1 10 7 12 1 1 1 10 12 1 9 12 1 1 10 12 1 1 10 12 1 1 10 12 1 1 10 12 1 1 10 12 1 1 10 12 1 10 12 1 10 12 1 1 10 12 1 8 1 8 1 10 12 1 1 10 12 1 10 12 1 10 12 1 1 10 12 1 1 10 12 1 10 12 1 10 12 1 8 1 10 12 1 1 10 100 12 1 1 1 10 12 1 10 12 1 1 10 12 1 10 12 1 10 12 1 1 10 12 1 10 12 1 9 12 1 10 12 1 10 10 12 1 1 10 12 1 9 12 1 1 10 12 1 1 11 12 1 1 10 12 1 1 10 12 1 10 12 1 100 1 8 1 8 1 8 1 10 12 1 10 12 1 10 12 1 1 10 10 12 1 11 12 1 1 11 12 1 10 100 12 1 1 1 9 12 1 10 12 1 10 12 1 1 10 12 1 1 10 12 1 10 12 1 10 100 12 1 1 1 10 12 1 1 10 12 1 10 12 1 10 12 1 10 9 12 1 1 7 1 10 12 1 10 100 12 1 1 1 10 12 1 1 10 100 12 1 1 1 10 12 1 1 8 1 10 7 12 1 1 1 11 12 1 1 9 12 1 1 10 12 1 1 10 12 1 10 12 1 1 10 12 1 1 10 100 12 1 1 10 12 1 10 12 100 1 11 100 12 1 1 10 12 1 11 12 1 10 100 12 1 1 10 12 1 1 10 12 1 1 9 12 1 1 9 100 12 1 1 1 10 100 12 1 1 1 9 12 1 10 100 12 1 1 10 12 1 100 10 10 12 1 1 11 100 12 1 1 11 12 1 10 12 1 1 10 12 1 10 12 1 1 10 12 1 10 12 1 1 10 12 1 7 1 10 10 12 1 1 7 1 7 1 9 12 1 1 100 1 100 1 100 1 1 1 5 0 1 1 1 1 1 1 1 3 1 3 1 3 1 1 1 1 1 1 1 1 1 1 1 1 1 1 1 1 1 1 1 1 1 1 1 1 1 1 1 1 1 1 1 1 1 1 1 1 1 1 1 1 1 1 1 1 1 1 1 1 1 1 1 1 1 1 1 1 1 1 1 1 1 1 1 1 1 1 1 1 1 1 1 1 1 1 1 1 1 1 1 1 1 1 1 1 1 1 1 1 1 1 1 1 1 1 1 1 1 1 1 1 1 1 1 1 1 1 1 1 1 1 1 1 1 1 1 1 1 1 1 1 1 1 1 1 1 1 1 1 1 100 1 100 1 1 1 1 1 1 1 1 1 1 1 1 1 100 1 1 1 1 100 1 1 1 100 1 1 1 1 1 1 1 1 1 1 1 1 1 1 1 1 1 1 1 1 1 1 1 100 1 1 100 1 1
staticfield java/lang/invoke/MethodType internTable Ljdk/internal/util/ReferencedKeySet; jdk/internal/util/ReferencedKeySet
staticfield java/lang/invoke/MethodType NO_PTYPES [Ljava/lang/Class; 0 [Ljava/lang/Class;
staticfield java/lang/invoke/MethodType objectOnlyTypes [Ljava/lang/invoke/MethodType; 20 [Ljava/lang/invoke/MethodType;
staticfield java/lang/invoke/MethodType METHOD_HANDLE_ARRAY [Ljava/lang/Class; 1 [Ljava/lang/Class;
staticfield java/lang/invoke/MethodType serialPersistentFields [Ljava/io/ObjectStreamField; 0 [Ljava/io/ObjectStreamField;
staticfield java/lang/invoke/MethodType $assertionsDisabled Z 1
ciInstanceKlass java/lang/invoke/TypeDescriptor$OfMethod 1 0 43 100 1 100 1 100 1 1 1 1 1 1 1 1 1 1 1 1 1 1 1 1 1 1 1 1 1 1 1 1 1 1 1 1 1 1 1 1 1 1 100 1 1
instanceKlass jdk/internal/reflect/DirectMethodHandleAccessor
ciInstanceKlass jdk/internal/reflect/MethodAccessorImpl 1 1 38 10 7 12 1 1 1 10 100 12 1 1 1 100 1 1 1 1 1 1 1 100 1 100 1 1 1 1 1 1 1 1 1 1 1 1 1 1
ciInstanceKlass jdk/internal/reflect/MethodAccessor 1 0 17 100 1 100 1 1 1 1 100 1 100 1 1 1 1 1 1
ciInstanceKlass jdk/internal/reflect/CallerSensitive 0 0 17 100 1 100 1 100 1 1 1 1 1 1 1 1 1 1 1
ciInstanceKlass jdk/internal/reflect/DirectConstructorHandleAccessor$NativeAccessor 1 1 44 10 7 12 1 1 1 9 7 12 1 1 1 10 12 1 1 1 1 1 1 1 1 1 1 1 1 1 1 1 1 1 100 1 100 1 1 1 1 1 100 1 1 1
ciInstanceKlass jdk/internal/reflect/ConstructorAccessor 1 0 16 100 1 100 1 1 1 1 100 1 100 1 100 1 1 1
instanceKlass jdk/internal/reflect/DirectConstructorHandleAccessor
instanceKlass jdk/internal/reflect/DirectConstructorHandleAccessor$NativeAccessor
ciInstanceKlass jdk/internal/reflect/ConstructorAccessorImpl 1 1 27 10 7 12 1 1 1 100 1 100 1 1 1 1 1 1 1 1 1 100 1 100 1 100 1 1 1
ciInstanceKlass jdk/internal/reflect/ConstantPool 1 1 142 10 100 12 1 1 1 9 7 12 1 1 1 10 12 1 1 10 12 1 1 10 12 1 10 12 1 1 10 12 1 1 10 12 1 10 12 1 1 10 12 1 10 12 1 1 10 12 1 10 12 1 10 12 1 10 12 1 1 10 12 1 1 10 12 1 1 10 12 1 1 10 12 1 10 12 1 1 10 100 12 1 1 1 8 11 7 12 1 1 1 10 7 12 1 1 1 1 1 1 1 1 1 1 1 1 1 1 1 1 1 1 1 1 1 1 1 1 1 1 1 1 1 1 1 1 1 1 1 1 1 1 1 1 1 1 1 1 1 1 1 1
instanceKlass java/lang/invoke/VolatileCallSite
instanceKlass java/lang/invoke/MutableCallSite
instanceKlass java/lang/invoke/ConstantCallSite
ciInstanceKlass java/lang/invoke/CallSite 1 1 297 10 7 12 1 1 1 10 7 12 1 1 1 9 12 1 1 10 7 12 1 1 1 10 12 1 100 1 10 12 1 1 10 12 1 1 9 100 12 1 1 1 10 100 12 1 1 10 12 1 1 100 1 100 1 10 10 100 12 1 1 1 10 12 1 1 8 1 10 12 1 10 12 1 1 10 12 1 10 12 1 1 10 12 1 1 10 10 100 12 1 1 10 12 1 1 9 12 1 9 100 12 1 1 1 8 1 10 7 12 1 1 1 10 12 1 1 100 1 10 12 1 1 9 12 1 8 1 100 1 10 12 1 10 12 1 100 1 8 1 10 10 12 1 10 12 1 1 100 1 10 12 1 1 10 12 1 10 12 1 10 12 1 1 10 12 1 1 9 12 1 1 8 10 12 1 1 9 12 1 1 100 1 10 10 12 1 10 100 12 1 1 1 10 12 1 1 10 12 1 1 10 12 1 10 7 12 1 1 1 100 1 8 1 10 10 12 10 12 1 1 100 1 100 1 100 1 8 1 10 12 1 10 7 12 1 1 1 1 1 1 1 1 1 1 1 1 1 1 1 1 1 1 1 1 1 1 1 1 1 1 1 1 1 1 1 1 1 1 1 1 1 1 1 1 1 1 1 1 1 1 1 1 1 1 1 1 1 1 1 1 100 1 100 1 1 1
staticfield java/lang/invoke/CallSite $assertionsDisabled Z 1
ciInstanceKlass java/lang/invoke/ConstantCallSite 1 1 65 10 7 12 1 1 1 9 7 12 1 1 1 9 12 1 1 10 7 12 1 1 1 10 12 1 100 1 10 12 9 12 1 1 100 1 10 10 12 1 1 10 12 1 1 1 1 1 1 1 1 1 1 1 1 1 100 1 1 1 1 1 1 1 1
staticfield java/lang/invoke/ConstantCallSite UNSAFE Ljdk/internal/misc/Unsafe; jdk/internal/misc/Unsafe
instanceKlass java/lang/invoke/DirectMethodHandle$Special
instanceKlass java/lang/invoke/DirectMethodHandle$StaticAccessor
instanceKlass java/lang/invoke/DirectMethodHandle$Interface
instanceKlass java/lang/invoke/DirectMethodHandle$Constructor
instanceKlass java/lang/invoke/DirectMethodHandle$Accessor
ciInstanceKlass java/lang/invoke/DirectMethodHandle 1 1 931 7 1 7 1 100 1 7 1 7 1 10 7 12 1 1 1 10 7 12 1 1 1 100 1 10 12 1 10 12 1 1 10 7 12 1 1 10 12 1 1 10 12 1 10 12 1 7 1 10 12 1 1 10 12 1 1 10 12 1 10 12 1 1 10 7 12 1 1 1 10 12 1 9 12 1 1 100 1 10 9 12 1 1 9 12 1 10 12 1 10 12 1 10 12 1 1 10 12 1 10 12 1 10 12 1 10 7 12 1 1 1 10 12 1 10 12 1 1 8 1 10 12 1 1 7 1 10 12 1 7 1 10 10 12 1 10 12 1 10 12 1 10 7 12 1 1 1 10 12 1 1 7 1 10 12 1 10 12 1 7 1 10 12 1 10 12 1 1 10 12 1 1 10 12 8 10 100 12 1 1 1 10 12 1 10 12 1 10 12 1 1 10 12 1 9 7 12 1 1 1 7 1 10 12 1 10 7 12 1 1 1 10 12 1 10 12 1 1 9 12 1 1 100 1 10 8 1 10 12 1 1 10 12 1 1 8 1 10 12 1 10 12 1 10 10 12 1 10 12 1 10 12 1 10 12 1 10 12 1 1 10 12 1 10 12 1 1 10 12 1 10 12 1 1 10 10 7 12 1 1 1 10 12 1 10 12 1 1 10 12 1 10 12 1 1 8 1 9 7 12 1 1 1 8 1 9 12 1 9 12 1 8 1 9 12 1 9 12 1 8 1 9 12 1 9 12 1 8 1 10 12 1 10 12 1 1 10 7 12 1 1 1 10 12 1 10 12 1 1 9 12 1 1 7 1 10 12 1 1 100 1 10 7 12 1 1 1 10 12 1 1 10 12 1 1 7 1 10 12 1 1 10 12 1 10 12 1 1 7 1 10 12 1 1 10 12 1 10 12 1 10 12 1 1 10 12 1 9 12 1 1 10 7 1 9 12 1 9 12 1 10 7 12 1 1 1 10 12 1 7 1 7 1 7 1 9 12 1 1 10 7 12 1 1 1 10 12 10 12 1 7 1 10 12 1 10 12 1 1 8 1 9 12 1 9 12 1 10 12 1 1 9 12 1 1 10 7 12 1 1 1 9 12 1 1 9 12 1 1 10 12 1 10 12 1 10 12 1 10 12 1 1 10 12 1 9 12 1 10 12 1 10 12 1 10 12 1 10 12 1 1 10 12 1 1 9 12 1 1 10 12 1 1 9 7 12 1 1 1 9 12 1 9 12 1 9 12 1 9 12 1 9 12 1 9 12 1 9 12 1 9 12 1 9 12 1 9 12 1 9 12 1 9 12 1 9 12 1 9 12 1 9 12 1 9 12 1 9 12 1 9 12 1 9 12 1 9 12 1 9 12 1 9 12 1 9 12 1 9 12 1 9 12 1 9 12 1 9 12 1 9 12 1 9 12 1 9 12 1 9 12 1 9 12 1 9 12 1 9 12 1 9 12 1 9 12 1 8 1 9 12 1 1 9 12 1 1 10 12 1 10 12 1 1 9 7 1 10 12 1 9 12 1 1 10 12 10 12 1 10 12 1 10 12 1 10 12 1 10 8 1 8 1 8 1 8 1 10 12 1 1 9 12 1 1 10 12 1 10 100 12 1 1 1 8 9 12 1 1 10 12 1 1 8 1 8 8 9 12 1 8 1 8 8 8 8 8 1 8 10 12 1 7 1 10 12 1 8 1 8 1 10 12 1 10 12 1 10 12 1 10 12 1 1 7 1 1 1 1 3 1 3 1 3 1 3 1 3 1 3 1 3 1 3 1 3 1 3 1 1 1 1 1 1 1 1 1 1 3 1 3 1 1 1 1 3 1 1 1 1 1 1 1 1 1 1 1 1 1 1 1 1 1 1 1 1 1 1 1 1 1 1 1 1 1 1 1 1 1 1 1 1 1 1 1 1 1 1 1 1 1 1 1 1 1 1 1 1 1 1 1 1 1 1 1 1 1 100 1 1 1 1 1 1 1 1 1 100 1 1 1 1 1 1 1 1 1 1 1 1 1 1 1 1 1 1 1 1 1 1 1 1 1 1 1 1 1 1 1 1 1 1 1 1 1 1 1 1 1 1 1 1 1 1 1 1 1 1 1 1
staticfield java/lang/invoke/DirectMethodHandle IMPL_NAMES Ljava/lang/invoke/MemberName$Factory; java/lang/invoke/MemberName$Factory
staticfield java/lang/invoke/DirectMethodHandle FT_UNCHECKED_REF I 8
staticfield java/lang/invoke/DirectMethodHandle ACCESSOR_FORMS [Ljava/lang/invoke/LambdaForm; 132 [Ljava/lang/invoke/LambdaForm;
staticfield java/lang/invoke/DirectMethodHandle ALL_WRAPPERS [Lsun/invoke/util/Wrapper; 10 [Lsun/invoke/util/Wrapper;
staticfield java/lang/invoke/DirectMethodHandle NFS [Ljava/lang/invoke/LambdaForm$NamedFunction; 12 [Ljava/lang/invoke/LambdaForm$NamedFunction;
staticfield java/lang/invoke/DirectMethodHandle OBJ_OBJ_TYPE Ljava/lang/invoke/MethodType; java/lang/invoke/MethodType
staticfield java/lang/invoke/DirectMethodHandle LONG_OBJ_TYPE Ljava/lang/invoke/MethodType; java/lang/invoke/MethodType
staticfield java/lang/invoke/DirectMethodHandle $assertionsDisabled Z 1
ciInstanceKlass java/lang/invoke/MutableCallSite 0 0 61 10 100 12 1 1 1 10 12 1 9 100 12 1 1 1 10 12 1 10 12 1 1 9 100 12 1 1 1 10 100 12 1 1 1 10 100 12 1 1 1 1 1 1 1 1 1 1 1 1 1 1 1 1 1 1 1 1 100 1 1
ciInstanceKlass java/lang/invoke/VolatileCallSite 0 0 37 10 100 12 1 1 1 10 12 1 10 100 12 1 1 1 10 12 1 10 12 1 1 1 1 1 1 1 1 1 1 1 1 1 1 1 1
instanceKlass java/lang/invoke/VarHandleLongs$FieldInstanceReadOnly
instanceKlass java/lang/invoke/VarHandleBooleans$FieldInstanceReadOnly
instanceKlass java/lang/invoke/VarHandleReferences$FieldInstanceReadOnly
instanceKlass java/lang/invoke/VarHandleInts$FieldInstanceReadOnly
instanceKlass java/lang/invoke/VarHandleByteArrayAsDoubles$ByteArrayViewVarHandle
instanceKlass java/lang/invoke/VarHandleByteArrayAsLongs$ByteArrayViewVarHandle
instanceKlass java/lang/invoke/VarHandleByteArrayAsFloats$ByteArrayViewVarHandle
instanceKlass java/lang/invoke/VarHandleByteArrayAsInts$ByteArrayViewVarHandle
instanceKlass java/lang/invoke/VarHandleByteArrayAsChars$ByteArrayViewVarHandle
instanceKlass java/lang/invoke/VarHandleByteArrayAsShorts$ByteArrayViewVarHandle
ciInstanceKlass java/lang/invoke/VarHandle 1 1 474 10 7 12 1 1 1 10 7 12 1 1 9 12 1 1 9 12 1 1 10 12 1 1 8 1 10 12 1 1 10 7 12 1 1 1 10 12 1 1 10 100 12 1 1 1 9 100 12 1 1 1 10 12 1 1 10 100 12 1 1 1 10 12 1 1 9 12 1 10 12 1 9 12 1 1 10 7 12 1 1 10 12 1 9 7 12 1 1 1 9 12 1 1 10 12 1 1 100 1 100 1 10 8 1 10 12 1 1 10 12 1 8 1 10 12 1 10 12 1 9 12 1 1 9 12 1 10 12 1 10 12 1 1 10 12 1 10 10 100 12 1 1 1 10 12 1 1 10 12 1 1 10 100 12 1 1 1 10 100 12 1 1 1 10 100 12 1 1 1 9 12 1 1 9 10 12 1 10 12 1 1 10 12 1 1 10 12 1 10 100 12 1 1 1 9 12 1 1 10 12 1 1 9 12 1 10 12 1 10 12 1 10 100 12 1 1 100 1 10 9 7 12 1 1 1 9 12 1 1 10 7 12 1 1 1 10 12 1 10 12 1 10 12 1 10 12 1 10 12 1 10 12 1 1 8 10 12 1 1 7 1 10 12 1 1 100 1 1 1 1 1 1 1 1 1 1 1 1 1 1 1 1 1 1 1 1 1 1 1 1 1 1 1 1 1 1 1 1 1 1 1 1 1 1 1 1 1 1 1 1 1 1 1 1 1 1 1 1 1 1 1 1 1 1 1 1 1 1 1 1 1 100 1 1 1 1 1 1 1 1 100 1 1 1 1 1 1 1 1 1 1 1 1 100 1 100 1 1 100 1 100 1 100 1 100 1 100 1 100 1 100 1 100 1 100 1 100 1 100 1 100 1 100 1 100 1 100 1 100 1 100 1 100 1 100 1 100 1 100 1 100 1 100 1 100 1 100 1 100 1 100 1 100 1 100 1 100 1 100 1 100 1 100 1 100 1 100 1 100 1 1 1 1 1 1 100 1 1 1 100 1 1 100 1 100 1 100 1 100 1 100 1 100 1 1 1 1 100 1 100 1 100 1 100 1 100 1 100 1 100 1 100 1
staticfield java/lang/invoke/VarHandle VFORM_OFFSET J 16
staticfield java/lang/invoke/VarHandle $assertionsDisabled Z 1
ciInstanceKlass java/lang/invoke/MemberName 1 1 728 7 1 7 1 100 1 9 12 1 1 10 7 12 1 1 1 9 12 1 1 10 12 1 1 10 12 1 1 10 12 1 1 10 12 1 10 12 1 1 10 7 12 1 1 1 10 12 1 9 7 12 1 1 10 12 1 100 1 100 1 10 12 1 8 1 10 12 1 1 10 12 1 10 12 1 1 10 12 1 9 12 1 1 8 1 10 100 12 1 1 1 7 1 10 10 12 1 1 100 1 100 1 10 12 1 9 12 1 1 100 1 8 1 10 12 1 10 12 1 10 12 1 10 12 1 10 12 1 1 10 12 1 10 12 1 10 12 1 1 8 1 8 1 10 12 1 8 1 9 12 1 1 3 10 12 1 10 12 1 10 12 1 10 10 7 12 1 1 1 10 12 1 10 12 1 10 12 1 10 12 1 7 1 8 10 12 1 1 10 12 1 1 8 1 9 100 1 8 9 100 1 10 12 1 1 10 12 1 10 12 1 8 1 10 12 1 1 10 12 1 10 12 1 10 12 1 10 12 1 1 100 1 10 12 1 1 10 12 1 8 1 10 12 1 10 12 1 8 1 10 12 1 1 10 12 1 1 100 1 10 12 1 1 10 12 8 1 8 1 100 1 10 12 1 10 100 12 1 1 1 100 1 10 12 10 12 1 10 12 1 10 12 1 10 12 1 10 10 12 1 10 12 1 10 12 1 3 10 12 1 3 10 12 1 3 3 3 3 3 3 10 12 1 3 9 12 1 10 12 1 1 3 10 12 1 10 10 7 12 1 1 1 10 12 1 1 10 7 12 1 1 10 10 12 1 10 12 1 1 10 12 1 10 10 12 1 1 10 12 1 10 12 1 10 12 1 100 1 10 10 10 12 100 1 10 10 10 12 1 1 10 12 1 1 10 10 12 1 8 10 7 1 10 12 1 10 7 1 10 12 1 10 12 1 10 12 1 10 10 12 1 10 12 1 1 10 12 1 1 10 12 1 10 12 1 10 12 1 100 1 10 12 1 1 100 1 8 1 10 7 1 10 12 1 10 12 10 12 1 1 10 12 1 10 12 1 8 1 8 1 8 1 8 1 10 12 1 10 12 1 10 7 12 1 1 1 8 1 8 1 10 12 1 8 1 10 10 10 12 1 10 12 1 8 1 8 1 10 10 12 1 8 1 10 100 12 1 1 1 8 1 100 1 10 12 1 10 12 1 1 10 12 1 8 1 8 1 8 1 8 1 100 1 10 8 1 8 1 8 1 8 1 10 12 1 100 1 100 1 100 1 10 100 1 10 100 1 10 100 12 1 1 1 9 7 12 1 1 1 100 1 100 1 1 1 1 1 1 1 3 1 3 1 3 1 3 1 3 1 3 1 1 1 1 1 1 1 1 3 1 3 1 1 1 1 1 1 1 1 1 1 1 1 1 1 1 1 1 1 1 1 1 1 1 1 1 1 1 1 1 1 1 1 1 1 1 1 1 1 1 1 1 1 1 1 1 1 1 1 1 1 1 1 1 1 1 1 1 1 1 1 1 1 1 1 1 1 1 1 1 1 1 1 1 1 1 1 1 1 1 1 1 1 1 1 1 1 1 1 1 1 1 1 1 1 1 1 1 1 1 100 1 1 1 1 1 1 1 1 1 1 1 1 1 1 1 1
staticfield java/lang/invoke/MemberName $assertionsDisabled Z 1
ciInstanceKlass java/lang/invoke/ResolvedMethodName 1 1 25 10 100 12 1 1 1 9 7 12 1 1 1 1 1 1 1 1 1 1 1 1 1 1 1
ciInstanceKlass java/lang/invoke/MethodHandleNatives 1 1 706 100 1 10 7 12 1 1 1 9 7 12 1 1 1 10 12 1 1 100 1 10 10 12 1 1 10 12 1 10 12 1 8 1 8 1 8 1 8 1 8 1 8 1 8 1 8 1 8 1 8 1 10 12 1 1 7 1 10 7 12 1 1 1 10 100 12 1 1 1 7 1 10 10 12 1 1 8 1 10 12 1 8 1 10 12 1 1 8 1 10 12 1 1 9 7 12 1 1 1 8 1 10 100 12 1 1 1 100 1 10 12 100 1 100 1 8 1 7 1 10 10 12 1 7 1 9 7 12 1 1 10 12 1 1 10 12 1 10 7 12 1 1 1 10 12 1 1 9 12 1 8 1 10 12 1 1 10 12 1 8 1 10 12 1 1 7 1 10 12 1 10 7 12 1 1 1 10 12 1 10 12 1 1 10 12 1 1 8 1 10 12 1 1 8 1 10 12 1 8 1 8 1 8 1 100 1 10 12 1 8 1 10 100 12 1 1 1 10 12 1 1 10 100 12 1 1 10 10 12 1 1 10 12 1 10 100 12 1 1 1 100 1 8 1 10 100 12 1 1 1 7 1 8 1 10 12 1 8 1 8 1 8 1 8 1 8 1 10 12 1 1 10 12 1 1 10 12 1 10 12 1 1 10 12 1 1 7 1 10 12 1 100 1 100 1 10 12 1 10 12 1 8 1 8 1 10 10 12 1 1 10 12 1 1 8 1 10 100 12 1 1 8 1 8 1 10 12 1 1 10 7 12 1 1 1 100 1 10 12 1 1 7 1 9 12 1 1 10 7 12 1 1 1 10 10 12 1 9 12 1 10 12 1 9 12 1 9 12 1 10 12 1 1 10 12 1 10 12 1 1 7 1 7 1 10 12 1 1 10 12 1 10 12 1 1 10 7 12 1 1 1 10 12 1 8 1 10 12 1 10 12 1 10 12 1 1 10 12 1 10 7 12 1 1 1 10 12 1 1 100 1 8 1 10 9 7 12 1 1 1 10 12 1 1 10 12 1 1 100 1 10 12 1 1 10 12 1 1 100 1 100 1 10 10 100 1 100 1 10 100 1 10 10 12 1 1 10 100 1 10 12 1 10 12 1 1 10 12 1 1 10 12 1 1 10 12 1 10 12 1 1 10 8 1 10 12 1 10 12 1 10 12 1 10 12 1 10 12 1 1 10 12 1 10 12 1 10 12 1 10 10 7 12 1 1 10 12 1 8 1 8 1 10 12 1 1 10 7 12 1 1 1 9 12 1 1 1 1 1 1 1 1 1 1 1 1 1 100 1 1 1 1 1 1 1 1 1 1 1 1 1 1 1 1 1 1 1 1 1 1 1 1 1 1 1 1 1 1 1 1 1 1 1 1 1 1 1 1 1 1 1 1 1 1 1 1 1 1 1 1 1 1 1 1 1 1 1 1 1 1 1 100 1 1 1 1 1 1 1 1 1 1 1 1 1 1 1 1 1 1 1 1 1 1 1 1 1 1 1 1 1 1 1 1 1 1 1 100 1 1 1 1 1 1 1 1 1 1 1 1 1 1 1 1 1 1 1 1 1 1 1 1 1 1 1 1 1 1 1 1 1 1 100 1 1
staticfield java/lang/invoke/MethodHandleNatives USE_SOFT_CACHE Z 1
staticfield java/lang/invoke/MethodHandleNatives $assertionsDisabled Z 1
ciInstanceKlass java/lang/invoke/LambdaForm 1 1 1051 7 1 100 1 10 7 12 1 1 1 9 12 1 1 9 12 1 9 12 1 9 12 1 1 9 12 1 1 9 12 1 1 9 12 1 1 9 12 1 1 9 12 1 10 7 12 1 1 9 12 1 10 12 1 1 100 1 10 10 12 1 1 10 12 1 10 12 1 10 12 1 1 10 12 1 9 12 1 9 12 1 10 12 1 1 10 7 12 1 1 1 10 12 1 1 9 100 12 1 1 1 10 12 1 1 9 7 12 1 1 10 12 1 10 12 1 1 10 12 1 1 10 12 1 1 7 1 10 7 12 1 1 1 10 12 1 1 10 12 1 10 12 1 1 9 12 1 1 9 12 1 9 12 1 1 10 12 1 9 12 1 10 100 12 1 1 1 10 12 1 1 100 1 10 12 1 9 12 1 1 10 100 12 1 1 1 10 12 1 10 12 1 7 1 10 12 1 10 12 1 10 12 1 1 10 12 1 1 10 12 1 10 12 1 10 12 1 10 12 1 1 8 1 10 12 1 10 12 1 10 10 12 1 8 1 8 1 9 12 1 9 12 1 1 9 12 1 10 7 12 1 1 1 10 12 1 1 10 12 1 10 12 1 1 10 12 1 10 12 1 10 100 12 1 1 1 9 12 1 10 12 1 8 1 8 1 8 1 8 1 8 1 8 1 8 1 8 1 10 12 1 9 12 1 7 1 10 12 1 1 9 12 1 10 12 1 10 12 1 1 10 12 10 12 1 10 12 1 1 10 12 1 1 10 10 12 1 1 10 12 1 1 7 1 8 1 10 12 1 1 10 12 1 10 12 1 1 10 8 1 10 12 1 1 8 1 8 1 8 1 10 12 1 10 12 1 10 12 1 1 100 1 10 12 1 1 10 12 1 1 10 7 12 1 1 1 10 12 1 1 9 12 1 1 8 1 10 100 12 1 1 1 10 7 12 1 1 10 12 10 12 1 1 10 12 1 1 9 12 1 8 10 12 1 1 100 1 10 12 1 1 10 12 1 9 7 12 1 1 9 100 12 1 1 1 8 1 10 100 12 1 1 10 12 1 1 100 1 100 1 10 10 12 1 1 10 12 1 1 8 1 8 1 100 1 8 1 10 12 10 12 1 10 12 1 10 12 1 1 8 1 8 1 10 12 1 10 12 1 1 8 1 8 1 8 1 100 1 8 1 100 1 8 1 100 1 8 1 10 12 1 8 1 9 10 7 12 1 1 1 10 12 1 9 12 1 1 10 12 1 10 10 12 1 10 12 1 10 12 1 10 12 1 1 10 12 1 10 12 1 1 10 12 1 1 10 12 1 1 10 12 1 1 8 1 100 10 12 1 10 12 1 9 12 1 1 10 7 12 1 1 8 1 8 1 100 1 8 1 8 1 8 1 8 1 8 1 8 1 8 1 8 1 10 12 1 1 10 12 1 1 10 12 1 10 12 1 10 12 1 10 12 1 8 1 8 1 8 1 10 12 1 8 1 10 12 1 8 1 8 1 8 1 8 1 8 1 10 12 1 10 12 1 10 12 1 1 10 7 12 1 1 1 10 12 1 10 12 1 10 12 1 10 12 1 10 12 1 9 12 1 1 8 1 10 12 1 1 9 12 1 9 12 1 1 10 12 1 1 9 12 1 9 12 1 1 9 12 1 9 12 1 1 7 1 10 7 12 1 1 1 9 12 1 10 12 1 10 12 1 8 1 10 12 1 9 12 1 1 7 1 10 7 12 1 1 1 8 1 100 1 10 12 1 9 12 1 10 12 1 10 12 1 10 7 12 1 1 1 10 12 1 9 7 12 1 1 10 12 1 1 10 12 1 10 12 1 10 12 1 9 12 10 12 1 10 10 12 1 9 12 1 9 9 12 1 7 9 12 1 1 10 12 1 1 9 12 1 10 12 1 10 7 1 9 1 1 1 1 3 1 3 1 1 3 1 3 1 1 1 1 1 1 1 1 1 1 1 1 1 1 1 1 1 1 1 1 1 1 1 1 1 1 1 1 1 1 1 1 1 1 1 1 1 1 1 1 1 1 1 1 1 1 1 1 1 100 1 1 1 1 1 1 1 1 1 1 1 1 1 1 1 1 1 1 1 1 1 1 1 1 1 1 1 1 1 1 1 1 1 1 1 1 1 1 1 1 1 1 1 1 1 1 1 1 1 1 1 1 1 1 1 1 1 1 1 1 1 1 1 1 100 1 1 1 1 1 1 1 1 1 1 1 1 1 1 1 1 1 1 1 1 1 1 1 1 1 1 1 1 1 1 1 1 1 1 1 1 100 1 1 1 1 1 1 1 1 1 1 1 1 1 1 1 1 1 1 1 1 1 1 100 1 1 1 100 1 1 100 1 1 1 1 1 1 1 1 1 1 1
staticfield java/lang/invoke/LambdaForm DEFAULT_CUSTOMIZED Ljava/lang/invoke/MethodHandle; 
staticfield java/lang/invoke/LambdaForm DEFAULT_KIND Ljava/lang/invoke/LambdaForm$Kind; java/lang/invoke/LambdaForm$Kind
staticfield java/lang/invoke/LambdaForm COMPILE_THRESHOLD I 0
staticfield java/lang/invoke/LambdaForm INTERNED_ARGUMENTS [[Ljava/lang/invoke/LambdaForm$Name; 5 [[Ljava/lang/invoke/LambdaForm$Name;
staticfield java/lang/invoke/LambdaForm IMPL_NAMES Ljava/lang/invoke/MemberName$Factory; java/lang/invoke/MemberName$Factory
staticfield java/lang/invoke/LambdaForm LF_identity [Ljava/lang/invoke/LambdaForm; 6 [Ljava/lang/invoke/LambdaForm;
staticfield java/lang/invoke/LambdaForm LF_zero [Ljava/lang/invoke/LambdaForm; 6 [Ljava/lang/invoke/LambdaForm;
staticfield java/lang/invoke/LambdaForm NF_identity [Ljava/lang/invoke/LambdaForm$NamedFunction; 6 [Ljava/lang/invoke/LambdaForm$NamedFunction;
staticfield java/lang/invoke/LambdaForm NF_zero [Ljava/lang/invoke/LambdaForm$NamedFunction; 6 [Ljava/lang/invoke/LambdaForm$NamedFunction;
staticfield java/lang/invoke/LambdaForm createFormsLock Ljava/lang/Object; java/lang/Object
staticfield java/lang/invoke/LambdaForm DEBUG_NAME_COUNTERS Ljava/util/HashMap; 
staticfield java/lang/invoke/LambdaForm DEBUG_NAMES Ljava/util/HashMap; 
staticfield java/lang/invoke/LambdaForm TRACE_INTERPRETER Z 0
staticfield java/lang/invoke/LambdaForm $assertionsDisabled Z 1
ciInstanceKlass jdk/internal/foreign/abi/NativeEntryPoint 0 0 223 10 100 12 1 1 1 9 100 12 1 1 1 9 12 1 1 100 1 8 1 10 12 1 10 12 1 1 100 1 10 100 12 1 1 1 10 12 1 9 12 1 1 18 12 1 1 10 100 12 1 1 1 9 100 12 1 1 1 8 1 10 12 1 1 8 1 8 1 8 1 8 1 10 100 12 1 1 1 100 1 10 10 12 1 1 8 1 10 12 1 8 1 10 12 1 10 12 1 1 10 12 1 1 100 1 8 1 10 12 1 10 12 1 1 100 1 8 1 10 10 12 1 9 12 1 1 18 12 1 1 10 100 12 1 1 1 10 12 1 1 10 12 1 10 100 12 1 1 1 10 1 1 1 1 1 1 1 1 1 1 1 1 1 1 1 1 1 1 1 1 1 1 1 1 1 1 1 1 1 1 1 1 1 1 1 1 1 1 1 1 1 1 1 1 16 1 15 10 12 16 1 16 15 10 12 15 10 100 12 1 1 1 1 1 100 1 1 100 1 100 1 1
ciInstanceKlass jdk/internal/foreign/abi/ABIDescriptor 0 0 55 10 100 12 1 1 1 9 100 12 1 1 1 9 12 1 1 9 12 1 9 12 1 9 12 1 1 9 12 1 9 12 1 1 9 12 1 9 12 1 9 12 1 9 12 1 1 1 1 1 1 1 1 1 1
ciInstanceKlass jdk/internal/foreign/abi/VMStorage 0 0 91 10 100 12 1 1 1 9 100 12 1 1 1 9 12 1 1 9 12 1 1 9 12 1 1 100 1 10 8 1 10 12 1 1 10 12 1 10 12 1 1 10 12 1 18 12 1 18 12 1 1 18 12 1 1 1 1 1 1 1 1 1 1 1 1 1 1 1 1 1 1 1 8 1 15 15 15 15 15 10 100 12 1 1 1 1 100 1 100 1 1
ciInstanceKlass jdk/internal/foreign/abi/UpcallLinker$CallRegs 0 0 66 10 100 12 1 1 1 9 100 12 1 1 1 9 12 1 18 12 1 1 18 12 1 1 18 12 1 1 1 1 1 1 1 1 1 1 1 1 1 1 1 1 1 1 100 1 1 1 8 1 15 15 15 10 100 12 1 1 1 1 1 100 1 100 1 1
instanceKlass java/lang/StackFrameInfo
ciInstanceKlass java/lang/ClassFrameInfo 1 1 126 10 7 12 1 1 1 9 7 12 1 1 1 7 1 3 9 12 1 1 9 12 1 1 7 1 9 12 1 1 3 11 7 12 1 1 1 11 12 1 10 12 1 1 10 12 1 1 10 12 1 100 1 10 10 12 1 1 8 1 8 1 10 12 100 1 10 10 12 1 1 8 1 10 12 1 8 1 10 12 8 1 10 12 1 10 7 12 1 1 1 100 1 1 1 1 1 1 1 1 1 1 1 1 1 1 1 1 1 1 1 1 1 1 1 1 1 1 1 100 1 1 1 1 1 1
staticfield java/lang/ClassFrameInfo JLIA Ljdk/internal/access/JavaLangInvokeAccess; java/lang/invoke/MethodHandleImpl$1
ciInstanceKlass java/lang/StackWalker$StackFrame 1 1 41 100 1 10 12 1 1 100 1 100 1 1 1 1 1 1 1 1 1 1 1 1 1 1 1 1 1 1 1 1 1 1 1 1 1 1 1 100 1 1 1
ciInstanceKlass java/lang/StackWalker 1 1 236 9 7 12 1 1 1 10 7 12 1 1 1 7 1 10 7 12 1 1 1 10 12 1 1 11 7 12 1 1 1 10 12 1 1 10 12 1 1 100 1 8 1 10 12 1 10 12 1 10 12 1 10 7 12 1 1 9 12 1 1 9 12 1 1 9 12 1 1 9 12 1 1 10 12 1 1 9 12 1 1 9 12 1 1 9 12 1 1 9 12 1 1 10 12 1 1 10 7 12 1 1 1 10 7 12 1 1 1 18 12 1 1 100 1 8 1 10 8 1 10 12 1 1 10 7 12 1 1 1 10 12 1 1 10 12 1 11 12 1 1 9 7 12 1 1 11 100 12 1 1 1 10 12 1 1 1 1 1 1 1 1 1 1 1 1 1 1 1 1 1 1 1 1 1 1 1 1 1 1 1 1 1 1 1 1 1 1 1 1 1 1 1 1 1 1 1 1 1 1 1 1 1 1 1 1 1 1 1 100 1 1 16 15 10 12 16 1 15 10 100 12 1 1 1 1 1 1 1 1 1 100 1 100 1 1
staticfield java/lang/StackWalker DEFAULT_EMPTY_OPTION Ljava/util/EnumSet; java/util/RegularEnumSet
staticfield java/lang/StackWalker DEFAULT_WALKER Ljava/lang/StackWalker; java/lang/StackWalker
instanceKlass java/lang/LiveStackFrameInfo
ciInstanceKlass java/lang/StackFrameInfo 1 1 150 10 7 12 1 1 1 9 7 12 1 1 1 9 12 1 1 11 7 12 1 1 1 10 12 1 1 10 7 12 1 1 1 9 12 1 1 10 12 1 1 9 12 1 1 100 1 10 12 10 12 1 9 12 1 100 1 100 1 10 12 1 1 11 12 1 1 10 12 1 10 12 1 10 12 1 1 9 12 1 1 10 12 1 1 10 100 12 1 1 10 12 1 1 9 12 1 10 100 12 1 1 1 9 12 1 1 10 100 1 10 12 1 9 12 1 1 10 12 1 1 10 12 1 1 1 1 1 1 1 1 1 1 1 1 1 1 1 1 100 1 100 1 1 1 1 1 1 1 1
staticfield java/lang/StackFrameInfo $assertionsDisabled Z 1
ciInstanceKlass java/lang/LiveStackFrameInfo 0 0 97 10 100 12 1 1 1 9 100 12 1 1 1 9 12 1 9 12 1 9 12 1 9 12 1 1 100 1 10 12 1 1 10 12 1 8 1 10 12 1 1 8 1 8 1 8 1 10 100 1 10 12 1 100 1 10 12 1 100 1 100 1 1 1 3 1 3 1 1 1 1 1 1 1 1 1 1 1 1 1 1 1 1 1 1 1 1 1 1 1 1 1 1 1 100 1 1
ciInstanceKlass java/lang/LiveStackFrame 0 0 112 100 1 10 100 12 1 1 1 11 100 12 1 1 1 11 12 1 9 100 12 1 1 1 10 100 12 1 1 1 10 100 12 1 1 1 11 12 1 10 12 1 100 1 100 1 1 1 1 1 1 1 1 1 1 1 1 1 1 1 1 1 1 1 1 1 1 1 1 1 100 1 1 1 1 1 1 1 100 1 8 1 1 12 10 1 1 1 8 1 1 1 8 1 1 1 8 1 1 1 8 1 1 8 1 1 1 8 1 1 8 1
instanceKlass java/lang/StackStreamFactory$StackFrameTraverser
instanceKlass java/lang/StackStreamFactory$CallerClassFinder
ciInstanceKlass java/lang/StackStreamFactory$AbstractStackWalker 1 1 364 7 1 100 1 3 10 7 12 1 1 1 10 7 12 1 1 10 7 12 1 1 1 9 12 1 1 9 12 1 1 9 12 1 1 9 12 1 9 12 1 10 7 12 1 1 1 10 12 1 1 10 100 12 1 1 9 12 1 1 9 12 1 1 10 12 1 1 9 12 1 1 10 7 12 1 1 1 10 12 1 1 9 12 1 1 9 100 12 1 1 1 100 1 10 8 1 10 12 1 1 10 12 1 8 1 10 12 1 1 10 100 12 1 1 1 100 1 8 1 10 12 1 8 1 10 12 10 7 12 1 1 9 12 1 1 8 1 5 0 8 1 8 1 9 12 1 1 10 12 1 1 18 12 1 1 10 100 12 1 1 1 10 12 1 1 10 12 1 10 12 1 9 7 12 1 1 1 10 12 1 1 9 12 1 10 12 1 10 12 1 10 12 1 10 12 1 10 12 1 10 12 1 1 8 1 10 12 1 10 12 1 10 12 1 10 12 1 1 8 1 10 12 1 1 10 12 1 1 10 12 1 1 10 12 1 10 12 1 10 12 1 9 12 1 8 1 10 12 1 8 1 10 12 1 10 12 1 1 10 12 1 10 12 1 10 12 1 1 10 12 1 10 12 1 10 12 1 10 12 1 10 12 1 10 12 1 1 10 12 1 10 12 1 10 12 1 10 12 1 8 1 1 1 1 1 1 1 1 1 1 1 1 1 100 1 1 1 1 1 1 100 1 1 1 1 100 1 1 1 1 1 1 1 1 1 1 1 1 1 1 1 1 1 1 16 15 15 10 100 12 1 1 1 1 1 1 1 1 100 1 100 1 1
ciInstanceKlass jdk/internal/module/Modules 1 1 481 10 100 12 1 1 1 9 7 12 1 1 1 11 7 12 1 1 1 11 12 1 1 11 12 1 1 11 12 1 1 11 12 1 11 12 1 11 12 1 11 12 1 11 12 1 11 12 1 1 10 100 12 1 1 1 10 12 1 1 10 100 12 1 1 10 100 12 1 1 1 10 100 12 1 1 10 12 1 1 11 12 1 9 12 1 1 11 7 12 1 1 1 10 12 1 1 10 10 12 1 10 100 1 9 12 1 1 10 100 12 1 1 10 12 1 1 10 100 12 1 1 1 100 1 11 100 12 1 1 1 10 100 12 1 1 1 11 100 12 1 1 10 12 1 1 10 100 12 1 1 10 100 12 1 1 1 10 12 1 1 10 12 1 1 11 12 1 1 18 12 1 1 11 100 12 1 1 10 100 12 1 1 1 11 100 12 1 1 1 100 1 11 12 1 1 11 100 12 1 1 1 11 12 1 1 10 12 1 1 10 100 12 1 1 18 12 1 1 11 12 1 1 18 12 1 1 11 12 1 1 10 12 1 18 18 10 12 1 1 9 12 1 1 11 100 12 1 1 1 100 1 10 11 12 1 11 12 1 1 10 100 1 10 12 1 1 10 100 12 1 1 10 12 1 1 11 12 10 12 1 1 100 1 10 18 12 1 10 12 1 1 100 1 8 1 10 12 1 10 100 12 1 1 18 12 1 11 11 12 10 12 1 10 10 100 1 18 12 1 10 10 10 7 12 1 1 10 7 12 1 1 1 10 12 1 1 1 1 1 1 1 1 1 1 1 1 1 1 1 1 1 1 1 1 1 1 1 1 1 1 1 1 1 1 1 1 1 1 1 1 1 1 1 1 1 1 1 1 1 1 1 1 1 1 1 1 1 1 1 1 1 1 1 1 1 1 1 1 100 1 1 1 1 1 1 1 1 1 1 1 1 1 1 1 1 1 1 1 1 1 1 1 16 15 10 12 1 16 1 16 1 15 10 12 1 16 1 16 1 15 10 12 16 1 15 10 16 1 15 10 12 16 1 16 15 10 12 16 15 10 12 16 15 10 12 15 10 100 12 1 1 1 1 1 1 100 1 100 1 1
staticfield jdk/internal/module/Modules JLA Ljdk/internal/access/JavaLangAccess; java/lang/System$1
staticfield jdk/internal/module/Modules JLMA Ljdk/internal/access/JavaLangModuleAccess; java/lang/module/ModuleDescriptor$1
staticfield jdk/internal/module/Modules $assertionsDisabled Z 1
instanceKlass com/itextpdf/layout/properties/AreaBreakType
instanceKlass com/itextpdf/layout/borders/Border$Side
instanceKlass com/itextpdf/layout/properties/CaptionSide
instanceKlass com/itextpdf/layout/properties/BorderCollapsePropertyValue
instanceKlass com/itextpdf/layout/properties/BackgroundBox
instanceKlass com/itextpdf/kernel/pdf/canvas/PdfCanvas$CheckColorMode
instanceKlass com/itextpdf/kernel/pdf/IsoKey
instanceKlass com/itextpdf/layout/properties/TextAlignment
instanceKlass com/itextpdf/layout/properties/OverflowWrapPropertyValue
instanceKlass com/itextpdf/layout/properties/RenderingMode
instanceKlass com/itextpdf/layout/properties/OverflowPropertyValue
instanceKlass java/lang/Character$UnicodeScript
instanceKlass com/itextpdf/kernel/font/PdfFontFactory$EmbeddingStrategy
instanceKlass com/itextpdf/commons/actions/confirmations/EventConfirmationType
instanceKlass javafx/concurrent/Worker$State
instanceKlass javafx/scene/shape/ArcType
instanceKlass com/sun/javafx/animation/KeyValueType
instanceKlass java/time/format/FormatStyle
instanceKlass javafx/scene/control/Alert$AlertType
instanceKlass com/sun/glass/ui/EventLoop$State
instanceKlass javafx/scene/control/skin/ButtonBarSkin$Spacer
instanceKlass javafx/scene/control/ButtonBar$ButtonData
instanceKlass java/lang/invoke/MethodHandleImpl$ArrayAccess
instanceKlass com/sun/javafx/sg/prism/NGCanvas$InitType
instanceKlass java/util/Comparators$NaturalOrderComparator
instanceKlass java/time/format/TextStyle
instanceKlass java/time/format/DateTimeFormatterBuilder$SettingsParser
instanceKlass java/time/format/ResolverStyle
instanceKlass java/time/format/SignStyle
instanceKlass java/time/temporal/JulianFields$Field
instanceKlass java/time/temporal/IsoFields$Unit
instanceKlass java/time/temporal/IsoFields$Field
instanceKlass model/Peran
instanceKlass org/postgresql/jdbc/StatementCancelState
instanceKlass javafx/scene/input/TouchPoint$State
instanceKlass javafx/scene/input/ScrollEvent$VerticalTextScrollUnits
instanceKlass javafx/scene/input/ScrollEvent$HorizontalTextScrollUnits
instanceKlass com/sun/scenario/effect/impl/state/RenderState$EffectCoordinateSpace
instanceKlass com/sun/scenario/effect/impl/Renderer$RendererState
instanceKlass com/sun/scenario/effect/Effect$AccelType
instanceKlass com/sun/javafx/sg/prism/NodeEffectInput$RenderType
instanceKlass com/sun/scenario/effect/AbstractShadow$ShadowMode
instanceKlass com/sun/javafx/sg/prism/CacheFilter$ScrollCacheState
instanceKlass com/sun/javafx/effect/EffectDirtyBits
instanceKlass javafx/scene/control/SelectionMode
instanceKlass javafx/scene/control/skin/ComboBoxMode
instanceKlass javafx/scene/control/ScrollPane$ScrollBarPolicy
instanceKlass com/sun/prism/shape/ShapeRep$InvalidationType
instanceKlass javafx/scene/Scene$DragDetectedState
instanceKlass com/sun/javafx/sg/prism/NGNode$RenderRootResult
instanceKlass sun/misc/Unsafe$MemoryAccessOption
instanceKlass com/sun/javafx/geom/Path2D$CornerPrefix
instanceKlass com/sun/javafx/geom/transform/BaseTransform$Degree
instanceKlass com/sun/prism/CompositeMode
instanceKlass com/sun/prism/Texture$Usage
instanceKlass com/sun/prism/Texture$WrapMode
instanceKlass javafx/scene/shape/FillRule
instanceKlass javafx/scene/control/skin/TextInputControlSkin$Direction
instanceKlass javafx/scene/control/skin/TextInputControlSkin$TextUnit
instanceKlass com/sun/javafx/geom/BaseBounds$BoundsType
instanceKlass javafx/stage/PopupWindow$AnchorLocation
instanceKlass com/sun/javafx/scene/control/inputmap/KeyBinding$OptionalBoolean
instanceKlass javafx/animation/Animation$Status
instanceKlass com/sun/javafx/cursor/CursorType
instanceKlass javafx/scene/text/FontSmoothingType
instanceKlass javafx/animation/Interpolator$StepPosition
instanceKlass com/sun/prism/paint/Paint$Type
instanceKlass java/lang/invoke/MethodHandles$Lookup$ClassOption
instanceKlass com/sun/scenario/effect/Blend$Mode
instanceKlass com/sun/javafx/sg/prism/NGNode$DirtyFlag
instanceKlass com/sun/javafx/tk/quantum/SwipeGestureRecognizer$SwipeRecognitionState
instanceKlass com/sun/glass/ui/GestureSupport$GestureState$StateId
instanceKlass com/sun/javafx/tk/FocusCause
instanceKlass javafx/scene/input/KeyCombination$ModifierValue
instanceKlass java/time/chrono/IsoEra
instanceKlass java/time/temporal/ChronoField
instanceKlass java/time/temporal/ChronoUnit
instanceKlass org/postgresql/core/JavaVersion
instanceKlass org/postgresql/core/SqlCommandType
instanceKlass org/postgresql/core/Parser$SqlParseState
instanceKlass org/postgresql/jdbc/AutoSave
instanceKlass org/postgresql/jdbc/PreferQueryMode
instanceKlass org/postgresql/jdbc/EscapeSyntaxCallMode
instanceKlass org/postgresql/core/TransactionState
instanceKlass jdk/internal/icu/util/CodePointTrie$ValueWidth
instanceKlass jdk/internal/icu/util/CodePointTrie$Type
instanceKlass java/text/Normalizer$Form
instanceKlass org/postgresql/shaded/com/ongres/scram/common/ScramAttributes
instanceKlass org/postgresql/shaded/com/ongres/scram/common/gssapi/Gs2Attributes
instanceKlass org/postgresql/shaded/com/ongres/scram/common/ScramMechanisms
instanceKlass org/postgresql/shaded/com/ongres/scram/common/stringprep/StringPreparations
instanceKlass org/postgresql/shaded/com/ongres/scram/common/gssapi/Gs2CbindFlag
instanceKlass org/postgresql/shaded/com/ongres/scram/client/ScramClient$ChannelBinding
instanceKlass org/postgresql/plugin/AuthenticationRequestType
instanceKlass java/math/RoundingMode
instanceKlass org/postgresql/core/ServerVersion
instanceKlass java/net/Proxy$Type
instanceKlass java/net/StandardProtocolFamily
instanceKlass org/postgresql/hostchooser/HostStatus
instanceKlass org/postgresql/hostchooser/HostRequirement
instanceKlass org/postgresql/jdbc/GSSEncMode
instanceKlass org/postgresql/jdbc/SslMode
instanceKlass org/postgresql/jdbc/PgConnection$ReadOnlyBehavior
instanceKlass org/postgresql/PGProperty
instanceKlass java/nio/file/AccessMode
instanceKlass java/security/DrbgParameters$Capability
instanceKlass javafx/geometry/Side
instanceKlass java/lang/System$Logger$Level
instanceKlass com/sun/javafx/logging/PlatformLogger$Level
instanceKlass javafx/scene/text/FontWeight
instanceKlass javafx/scene/text/FontPosture
instanceKlass jdk/internal/logger/BootstrapLogger$LoggingBackend
instanceKlass javafx/scene/input/MouseButton
instanceKlass javafx/scene/Scene$DirtyBits
instanceKlass com/sun/prism/PixelFormat$DataType
instanceKlass com/sun/prism/PixelFormat
instanceKlass com/sun/javafx/iio/ImageStorage$ImageType
instanceKlass javafx/fxml/FXMLLoader$SupportedType
instanceKlass javafx/scene/control/ContentDisplay
instanceKlass javafx/scene/layout/BackgroundRepeat
instanceKlass javafx/scene/effect/BlurType
instanceKlass javafx/scene/paint/CycleMethod
instanceKlass javafx/css/SizeUnits
instanceKlass com/sun/javafx/css/Combinator
instanceKlass jdk/internal/util/OperatingSystem
instanceKlass javafx/scene/control/OverrunStyle
instanceKlass com/sun/javafx/sg/prism/NGShape$Mode
instanceKlass javafx/scene/text/TextAlignment
instanceKlass javafx/scene/text/TextBoundsType
instanceKlass javafx/scene/shape/StrokeLineCap
instanceKlass javafx/scene/shape/StrokeLineJoin
instanceKlass javafx/scene/shape/StrokeType
instanceKlass javafx/scene/input/KeyCode
instanceKlass javafx/scene/image/PixelFormat$Type
instanceKlass javafx/scene/AccessibleAttribute$ToggleState
instanceKlass javafx/scene/layout/Priority
instanceKlass javafx/css/StyleOrigin
instanceKlass javafx/scene/AccessibleAction
instanceKlass javafx/scene/TraversalDirection
instanceKlass javafx/scene/input/TransferMode
instanceKlass javafx/scene/effect/BlendMode
instanceKlass com/sun/javafx/scene/traversal/TraversalMethod
instanceKlass com/sun/javafx/scene/traversal/Direction
instanceKlass javafx/scene/AccessibleAttribute
instanceKlass javafx/geometry/VPos
instanceKlass javafx/geometry/HPos
instanceKlass javafx/geometry/Pos
instanceKlass javafx/geometry/Orientation
instanceKlass javafx/scene/AccessibleRole
instanceKlass com/sun/javafx/scene/LayoutFlags
instanceKlass com/sun/javafx/scene/DirtyBits
instanceKlass javafx/scene/DepthTest
instanceKlass javafx/scene/CacheHint
instanceKlass com/sun/javafx/scene/CssFlags
instanceKlass com/sun/org/apache/xerces/internal/impl/XMLScanner$NameType
instanceKlass jdk/xml/internal/JdkProperty$ImplPropMap
instanceKlass com/sun/org/apache/xerces/internal/util/Status
instanceKlass javax/xml/catalog/GroupEntry$PreferType
instanceKlass javax/xml/catalog/CatalogResolver$NotFoundAction
instanceKlass javax/xml/catalog/BaseEntry$CatalogEntryType
instanceKlass javax/xml/catalog/CatalogFeatures$State
instanceKlass com/sun/org/apache/xerces/internal/utils/XMLSecurityPropertyManager$Property
instanceKlass com/sun/org/apache/xerces/internal/utils/XMLSecurityPropertyManager$State
instanceKlass javax/xml/catalog/CatalogFeatures$Feature
instanceKlass jdk/xml/internal/JdkProperty$State
instanceKlass jdk/xml/internal/XMLSecurityManager$Processor
instanceKlass jdk/xml/internal/XMLSecurityManager$Limit
instanceKlass javafx/geometry/NodeOrientation
instanceKlass sun/util/locale/provider/LocaleProviderAdapter$Type
instanceKlass com/sun/javafx/application/WindowsHighContrastScheme
instanceKlass javafx/application/ConditionalFeature
instanceKlass javafx/stage/Modality
instanceKlass javafx/stage/StageStyle
instanceKlass javafx/application/ColorScheme
instanceKlass com/sun/prism/impl/ps/BaseShaderContext$SpecialShaderType
instanceKlass com/sun/prism/impl/ps/BaseShaderContext$MaskType
instanceKlass com/sun/prism/GraphicsPipeline$ShaderModel
instanceKlass com/sun/prism/GraphicsPipeline$ShaderType
instanceKlass com/sun/prism/impl/PrismSettings$RasterizerType
instanceKlass sun/security/util/KnownOIDs
instanceKlass java/security/Security$SecPropLoader$LoadingMode
instanceKlass java/util/Locale$Category
instanceKlass java/lang/StackStreamFactory$WalkerState
instanceKlass java/lang/StackWalker$ExtendedOption
instanceKlass java/lang/StackWalker$Option
instanceKlass java/util/regex/Pattern$Qtype
instanceKlass java/lang/classfile/attribute/StackMapFrameInfo$SimpleVerificationTypeInfo
instanceKlass java/lang/reflect/ProxyGenerator$PrimitiveTypeInfo
instanceKlass java/lang/classfile/ClassFile$StackMapsOption
instanceKlass java/lang/annotation/RetentionPolicy
instanceKlass jdk/internal/vm/Continuation$Pinned
instanceKlass java/util/concurrent/TimeUnit
instanceKlass java/nio/file/LinkOption
instanceKlass java/util/stream/MatchOps$MatchKind
instanceKlass java/util/stream/Collector$Characteristics
instanceKlass java/util/stream/StreamShape
instanceKlass java/lang/classfile/Opcode$Kind
instanceKlass java/lang/classfile/Opcode
instanceKlass java/lang/invoke/VarHandle$AccessType
instanceKlass java/lang/invoke/VarHandle$AccessMode
instanceKlass java/lang/invoke/MethodHandleImpl$Intrinsic
instanceKlass java/lang/classfile/AttributeMapper$AttributeStability
instanceKlass jdk/internal/classfile/impl/AbstractPoolEntry$Utf8EntryImpl$State
instanceKlass java/lang/classfile/TypeKind
instanceKlass java/lang/invoke/LambdaForm$BasicType
instanceKlass java/lang/invoke/LambdaForm$Kind
instanceKlass java/lang/constant/DirectMethodHandleDesc$Kind
instanceKlass sun/invoke/util/Wrapper
instanceKlass java/util/stream/StreamOpFlag$Type
instanceKlass java/util/stream/StreamOpFlag
instanceKlass java/lang/reflect/AccessFlag$Location
instanceKlass java/lang/reflect/AccessFlag
instanceKlass java/lang/module/ModuleDescriptor$Modifier
instanceKlass java/io/File$PathStatus
instanceKlass sun/nio/fs/WindowsPathType
instanceKlass java/nio/file/StandardOpenOption
instanceKlass jdk/internal/module/ModuleBootstrap$IllegalNativeAccess
instanceKlass java/lang/reflect/ClassFileFormatVersion
instanceKlass java/lang/Thread$State
instanceKlass java/lang/module/ModuleDescriptor$Requires$Modifier
ciInstanceKlass java/lang/Enum 1 1 204 9 7 12 1 1 1 9 12 1 1 10 7 12 1 1 1 9 12 1 10 7 12 1 1 1 100 1 10 10 12 1 1 10 12 1 100 1 10 10 7 12 1 1 10 12 1 1 18 12 1 1 10 100 12 1 1 1 10 12 1 1 11 7 12 1 1 1 100 1 8 1 10 12 1 100 1 100 1 10 8 1 10 12 1 1 10 12 1 1 8 1 10 12 1 10 100 1 8 1 10 10 12 1 1 10 100 12 1 1 1 100 1 100 1 100 1 1 1 1 1 1 1 1 1 1 1 1 1 1 1 1 1 1 1 1 1 1 1 1 1 1 1 1 1 1 1 1 1 1 1 1 1 1 1 1 1 1 1 1 1 1 1 3 1 1 1 1 100 1 100 1 1 100 1 1 1 1 1 1 1 1 1 1 1 16 15 10 12 16 15 10 100 12 1 1 1 1 1 100 1 100 1 1
ciMethod java/lang/Enum ordinal ()I 268 0 134 0 0
ciInstanceKlass jdk/internal/loader/ClassLoaders 1 1 185 10 100 12 1 1 1 10 7 12 1 1 1 10 12 1 1 10 100 12 1 1 1 9 7 12 1 1 1 9 12 1 1 9 12 1 1 7 1 11 100 12 1 1 1 100 1 11 12 1 1 11 12 1 1 10 100 12 1 1 1 10 100 12 1 1 1 100 1 100 1 10 7 12 1 1 1 9 12 1 1 8 1 10 7 12 1 1 1 10 12 1 1 7 1 10 12 1 10 12 1 1 7 1 10 12 1 1 10 12 1 1 10 12 1 7 1 10 12 10 12 1 8 1 10 7 12 1 1 8 1 8 1 10 12 1 7 1 10 10 12 1 10 12 1 1 1 1 1 1 1 1 1 1 1 1 1 1 1 1 1 1 1 1 100 1 1 1 1 1 1 1 1 1 1 1 1 1 1 1 1 1 1 1 1
staticfield jdk/internal/loader/ClassLoaders JLA Ljdk/internal/access/JavaLangAccess; java/lang/System$1
staticfield jdk/internal/loader/ClassLoaders BOOT_LOADER Ljdk/internal/loader/ClassLoaders$BootClassLoader; jdk/internal/loader/ClassLoaders$BootClassLoader
staticfield jdk/internal/loader/ClassLoaders PLATFORM_LOADER Ljdk/internal/loader/ClassLoaders$PlatformClassLoader; jdk/internal/loader/ClassLoaders$PlatformClassLoader
staticfield jdk/internal/loader/ClassLoaders APP_LOADER Ljdk/internal/loader/ClassLoaders$AppClassLoader; jdk/internal/loader/ClassLoaders$AppClassLoader
instanceKlass com/sun/javafx/fxml/builder/ProxyBuilder$ArrayListWrapper
ciInstanceKlass java/util/ArrayList 1 1 514 10 7 12 1 1 1 7 1 9 7 12 1 1 1 9 12 1 100 1 100 1 10 8 1 10 12 1 1 10 12 1 10 12 1 1 10 12 1 9 12 1 11 7 12 1 1 1 9 12 1 1 11 12 1 1 7 10 7 12 1 1 1 9 12 1 10 12 1 10 12 1 1 10 7 12 1 1 1 10 7 12 1 1 1 10 12 1 1 10 12 1 1 10 12 1 1 10 12 1 10 12 1 1 100 1 100 1 10 12 1 10 10 7 12 1 1 1 10 7 12 1 1 10 12 1 100 1 10 10 12 10 12 1 1 10 12 1 1 10 12 1 10 12 10 12 1 1 7 1 10 12 1 1 10 12 1 1 10 12 1 100 1 10 11 12 1 1 11 7 12 1 1 1 11 12 1 10 12 1 10 12 1 10 12 1 1 100 1 10 12 1 1 10 10 12 1 1 10 12 1 8 1 8 1 8 1 8 1 10 12 1 1 10 12 1 1 11 12 1 100 1 10 100 12 1 1 10 12 1 10 12 1 1 10 100 12 1 1 10 12 1 10 100 12 1 1 1 11 100 12 1 1 1 10 12 1 100 1 8 1 10 100 1 10 12 1 7 1 10 12 1 10 12 1 1 7 1 10 12 1 10 12 1 1 11 7 12 1 1 7 1 10 12 1 10 12 1 1 11 100 12 1 1 10 12 1 1 10 12 1 1 10 12 1 1 10 12 1 1 11 100 12 1 1 10 12 1 1 10 12 1 1 100 1 100 1 100 1 1 1 1 5 0 1 3 1 1 1 1 1 1 1 1 1 1 1 1 1 1 1 1 1 1 1 1 1 1 1 1 1 1 1 1 1 1 1 1 1 1 1 1 1 1 1 1 1 1 1 1 1 1 1 1 1 1 1 1 1 1 1 1 1 1 1 1 1 1 1 1 1 1 1 1 1 1 1 1 1 1 1 1 1 1 1 1 1 1 1 1 1 1 1 1 1 1 1 1 1 1 1 1 1 1 1 1 1 1 1 1 100 1 1 1 1 100 1 1 1 1 1 1 1 1 1 1 1 1 1 1 1 1 1 1 1 1 1 1 1 1 1 1 1 1 1 100 1 1 1 1 1 1 1 1 1 1 1 1 1 1 1 1 1 1 1 100 1 100 1 1 1 1 1 1
staticfield java/util/ArrayList EMPTY_ELEMENTDATA [Ljava/lang/Object; 0 [Ljava/lang/Object;
staticfield java/util/ArrayList DEFAULTCAPACITY_EMPTY_ELEMENTDATA [Ljava/lang/Object; 0 [Ljava/lang/Object;
ciInstanceKlass java/util/List 1 1 251 10 100 12 1 1 1 11 7 12 1 1 1 11 100 12 1 1 1 11 12 1 1 11 100 12 1 1 11 12 1 1 11 12 1 1 10 100 12 1 1 1 7 1 7 1 10 12 1 1 100 1 10 100 12 1 1 1 11 12 1 1 11 12 1 11 12 1 100 1 10 12 1 11 12 1 1 11 12 1 1 11 12 1 10 100 12 1 1 1 9 7 12 1 1 1 7 1 10 12 10 12 1 7 1 10 12 1 1 10 12 1 10 12 1 1 11 12 1 1 100 1 1 1 1 1 1 1 1 1 1 1 1 1 1 1 1 1 1 1 1 1 1 1 1 1 1 1 1 1 1 1 1 1 1 1 1 1 1 1 1 1 1 1 1 100 1 100 1 1 1 1 1 1 1 1 1 1 1 1 1 1 1 1 1 1 1 1 1 1 1 1 1 1 1 1 1 1 1 1 1 1 1 1 1 1 1 1 1 1 1 1 1 1 1 1 1 1 1 1 1 1 1 1 1 1 1 1 1 1 1 1 1 1 1 1 1 1 1 1 1 1 1 1 100 1 1 100 1 1 1
ciInstanceKlass java/util/SequencedCollection 1 1 104 100 1 10 12 1 1 11 100 12 1 1 1 11 100 12 1 1 1 11 12 1 1 11 12 1 100 1 100 1 1 1 1 1 1 1 1 1 1 1 1 1 1 1 1 1 1 1 1 1 1 1 1 1 1 1 1 1 100 1 8 1 12 10 1 1 8 1 1 1 8 1 1 8 1 1 1 8 1 1 8 1 1 1 8 1 1 8 1 8 1 1 8 1 1 1 8 1 1 8 1 1 8 1
ciInstanceKlass java/lang/Iterable 1 1 62 10 7 12 1 1 1 11 7 12 1 1 1 11 7 12 1 1 1 11 12 1 1 11 7 12 1 1 1 10 100 12 1 1 1 100 1 1 1 1 1 1 1 1 1 1 1 1 1 1 1 1 1 1 1 1 1 1 1 1 1 1
ciInstanceKlass java/util/RandomAccess 1 0 7 100 1 100 1 1 1
instanceKlass java/util/TreeMap$Values
instanceKlass java/util/EnumMap$Values
instanceKlass java/util/IdentityHashMap$Values
instanceKlass java/util/WeakHashMap$Values
instanceKlass java/util/AbstractQueue
instanceKlass java/util/LinkedHashMap$LinkedValues
instanceKlass java/util/HashMap$Values
instanceKlass java/util/ArrayDeque
instanceKlass java/util/AbstractSet
instanceKlass java/util/ImmutableCollections$AbstractImmutableCollection
instanceKlass java/util/AbstractList
ciInstanceKlass java/util/AbstractCollection 1 1 160 10 7 12 1 1 1 10 7 12 1 1 1 10 12 1 1 11 7 12 1 1 1 11 12 1 1 10 12 1 1 10 100 12 1 1 1 10 12 1 1 10 12 1 1 10 7 12 1 1 10 7 12 1 1 1 7 1 10 100 12 1 1 1 10 100 12 1 1 1 100 1 10 11 12 1 11 7 1 10 12 1 10 12 1 10 7 12 1 1 1 11 8 1 100 1 10 10 12 1 1 8 1 10 12 1 10 12 1 1 1 1 1 1 1 1 1 1 1 1 1 1 1 1 1 1 1 1 1 1 1 1 1 1 1 1 1 1 1 1 1 1 1 1 1 1 1 1 1 1 1 1 1 1 1 1 1 1 1 1
instanceKlass javafx/scene/control/skin/VirtualFlow$ArrayLinkedList
instanceKlass com/sun/javafx/UnmodifiableArrayList
instanceKlass java/util/AbstractList$SubList
instanceKlass java/util/Vector
instanceKlass javafx/collections/ObservableListBase
instanceKlass javafx/collections/FXCollections$EmptyObservableList
instanceKlass java/util/Arrays$ArrayList
instanceKlass sun/security/jca/ProviderList$2
instanceKlass java/util/AbstractSequentialList
instanceKlass java/util/Collections$SingletonList
instanceKlass java/util/ArrayList$SubList
instanceKlass java/util/Collections$EmptyList
instanceKlass java/util/ArrayList
ciInstanceKlass java/util/AbstractList 1 1 218 10 7 12 1 1 1 9 7 12 1 1 1 10 12 1 1 10 12 1 1 100 1 10 10 12 1 1 11 7 12 1 1 1 11 12 1 1 11 12 1 10 7 12 1 1 1 10 12 1 11 12 1 11 12 1 11 12 1 10 12 1 1 10 12 1 1 11 100 12 1 1 1 11 7 1 11 7 1 10 12 1 7 1 10 12 1 10 12 1 1 7 1 7 1 10 12 1 100 1 10 100 1 100 1 10 8 1 10 12 1 1 10 12 1 10 12 1 1 10 12 1 8 1 100 1 8 1 8 1 8 1 10 7 1 11 10 10 12 1 11 12 1 10 12 1 1 8 1 8 1 1 1 1 1 1 1 1 1 1 1 1 1 1 1 1 1 1 1 1 1 1 1 1 1 1 1 1 1 1 1 1 1 1 1 1 1 1 1 1 1 1 1 1 1 1 1 1 1 1 1 1 1 1 1 1 1 1 100 1 100 1 1 1 1 1 1 1
instanceKlass com/sun/javafx/scene/KeyboardShortcutsHandler$CopyOnWriteMap$1
instanceKlass java/util/TreeMap$KeySet
instanceKlass java/util/TreeSet
instanceKlass sun/util/resources/ParallelListResourceBundle$KeySet
instanceKlass java/util/Collections$SingletonSet
instanceKlass java/util/concurrent/ConcurrentSkipListMap$KeySet
instanceKlass java/util/concurrent/ConcurrentSkipListSet
instanceKlass com/sun/javafx/css/FixedCapacitySet
instanceKlass java/util/LinkedHashMap$LinkedEntrySet
instanceKlass javafx/collections/FXCollections$UnmodifiableObservableSet
instanceKlass com/sun/javafx/css/BitSet
instanceKlass javafx/collections/FXCollections$EmptyObservableSet
instanceKlass java/lang/ProcessEnvironment$CheckedEntrySet
instanceKlass java/util/LinkedHashMap$LinkedKeySet
instanceKlass java/util/concurrent/CopyOnWriteArraySet
instanceKlass java/util/TreeMap$EntrySet
instanceKlass java/util/IdentityHashMap$KeySet
instanceKlass java/util/EnumSet
instanceKlass jdk/internal/util/ReferencedKeySet
instanceKlass java/util/HashMap$KeySet
instanceKlass java/util/WeakHashMap$KeySet
instanceKlass java/util/Collections$SetFromMap
instanceKlass java/util/HashSet
instanceKlass java/util/ImmutableCollections$MapN$1
instanceKlass java/util/Collections$EmptySet
instanceKlass java/util/HashMap$EntrySet
ciInstanceKlass java/util/AbstractSet 1 1 96 10 7 12 1 1 1 7 1 7 1 11 12 1 1 10 7 1 10 12 1 1 100 1 100 1 10 12 1 1 11 7 12 1 1 1 11 12 1 1 10 7 12 1 1 10 7 12 1 1 1 11 10 12 1 1 11 12 1 11 12 1 1 1 1 1 1 1 1 1 1 1 1 1 1 1 1 100 1 1 1 1 1 1 1 1 1 1 1 1 1 1 1 1 1 1
ciInstanceKlass java/lang/annotation/Annotation 1 0 17 100 1 100 1 1 1 1 1 1 1 1 1 1 1 1 1
ciInstanceKlass java/util/Collections 1 1 933 10 7 12 1 1 1 11 7 12 1 1 1 7 1 11 12 1 1 7 1 10 12 1 1 10 12 1 11 12 1 1 7 1 11 12 1 1 11 12 1 1 10 12 1 11 100 12 1 1 11 12 1 1 11 12 1 10 12 1 10 12 1 10 12 11 100 12 1 1 1 10 12 1 1 11 12 1 11 12 1 1 9 12 1 1 100 1 10 10 12 1 1 10 12 1 11 100 12 1 1 1 11 12 1 1 10 12 1 11 12 1 100 1 8 1 10 12 1 11 7 12 1 1 1 11 100 1 11 12 1 1 10 12 1 1 10 12 1 10 12 1 1 10 12 1 11 12 1 1 10 12 1 1 10 12 1 1 10 12 1 1 11 12 1 1 7 1 10 12 1 11 100 1 100 1 10 12 1 11 7 1 7 1 10 12 1 11 100 1 100 1 10 12 1 11 100 1 100 1 10 12 1 11 100 1 100 1 10 12 1 11 7 1 11 7 1 10 12 10 11 7 1 7 1 10 12 1 11 100 1 100 1 10 11 100 1 100 1 10 12 1 11 100 1 100 1 10 12 1 100 1 10 10 12 1 7 1 10 10 12 1 100 1 10 100 1 10 100 1 10 100 1 10 10 12 1 10 7 1 10 100 1 10 100 1 10 100 1 10 12 1 10 100 12 1 1 1 100 1 100 1 10 12 1 100 1 10 12 1 100 1 10 12 1 100 1 10 12 1 100 1 10 12 1 100 1 10 100 1 10 12 1 100 1 10 12 1 100 1 10 12 1 9 7 12 1 1 1 9 100 12 1 1 9 7 12 1 1 1 9 12 1 1 9 12 1 1 9 12 1 1 9 12 1 1 9 12 1 1 7 1 10 12 7 1 10 7 1 10 7 1 10 7 1 10 12 1 100 1 100 1 10 8 1 10 12 1 1 10 12 1 10 12 1 1 10 100 1 10 12 1 9 7 12 1 1 1 9 7 12 1 1 1 7 1 9 12 1 1 10 12 7 1 10 100 1 10 11 100 12 1 1 11 12 1 10 12 1 11 11 12 1 11 11 12 1 8 1 7 1 10 11 100 1 10 12 1 100 1 10 100 12 1 1 1 100 1 10 12 1 7 1 10 7 1 10 7 1 10 1 1 1 3 1 3 1 3 1 3 1 3 1 3 1 3 1 3 1 1 1 1 1 1 1 1 1 1 1 1 1 1 1 1 1 1 1 1 1 1 1 1 1 1 1 1 1 1 1 1 1 1 1 1 1 1 1 1 1 1 1 1 1 1 1 1 1 1 1 1 1 1 1 1 1 1 1 1 1 1 1 1 1 1 1 1 1 1 1 1 1 1 1 1 1 1 1 1 1 1 1 1 1 1 1 1 1 1 1 1 1 1 1 1 1 1 1 1 1 1 1 1 1 1 1 1 1 1 1 1 1 1 1 1 1 1 1 1 1 1 1 1 1 1 1 1 1 1 1 1 1 1 1 1 1 1 1 1 1 1 1 1 1 1 1 1 1 1 1 1 1 1 1 1 1 1 1 1 1 1 1 1 1 1 1 1 1 1 1 1 1 1 1 1 1 1 1 1 1 1 1 1 1 1 1 1 1 1 1 1 1 1 1 1 1 1 1 1 1 1 1 1 1 1 1 1 1 1 1 1 1 1 1 1 1 1 1 1 1 1 1 1 1 1 1 1 1 1 1 1 1 1 1 1 1 1 1 1 1 1 1 1 1 1 1 1 1 1 1 1 1 1 1 1 1 1 1 1 1 1 1 1 1 1 1 1 1 1 1 1 1 1 1 1 1 1 1 1 1 1 1 1 1 1 1 1 1 1 1 1 1 1 1 1 1 1 1 1 1 1 1 1 1 1 1 1 1 1 1 1 1 1 1 1 1 1 1 1 1 1 1 1 1 1 1 1 1 1 1 1 100 1 100 1 100 1 100 1 100 1 100 1 100 1 100 1 100 1 100 1 100 1 100 1 100 1 1 1 1 1 1 1 1 1 1 1 1 1 1 1 1 1 1 1 1 1 1 1 1 1 1 1 1 1 1 1 1 1 1 1 1 1 1 1 1 1 1 100 1 1 1 1 1 1 1 1 1 1 1 1 1 1 1
staticfield java/util/Collections EMPTY_SET Ljava/util/Set; java/util/Collections$EmptySet
staticfield java/util/Collections EMPTY_LIST Ljava/util/List; java/util/Collections$EmptyList
staticfield java/util/Collections EMPTY_MAP Ljava/util/Map; java/util/Collections$EmptyMap
ciInstanceKlass java/net/URI 1 1 740 7 1 10 7 12 1 1 1 9 12 1 1 7 1 10 12 1 10 12 1 1 10 12 1 1 10 12 1 1 10 12 1 9 12 1 1 10 12 1 1 100 1 10 9 12 1 1 9 12 1 7 1 10 10 12 1 1 10 12 1 10 12 1 10 12 1 10 7 12 1 1 1 100 1 100 1 10 12 1 10 12 1 9 12 1 9 12 1 10 10 12 1 1 10 12 1 1 10 12 1 1 10 12 10 12 1 10 7 12 1 1 1 9 12 1 9 12 1 10 12 1 1 9 12 1 10 12 1 1 10 12 1 10 12 1 10 12 1 10 12 1 10 12 1 1 9 12 1 10 12 1 10 12 1 1 9 12 1 9 12 1 9 12 1 9 12 1 9 12 1 9 12 1 10 12 1 9 12 1 10 12 1 1 10 12 1 10 12 1 9 12 1 10 12 1 1 10 12 10 12 1 1 10 12 1 10 12 1 8 1 10 12 1 1 8 1 10 12 1 1 8 1 10 12 1 10 12 1 10 12 1 10 100 12 1 1 10 100 12 1 1 100 1 8 1 10 10 100 12 1 1 1 10 12 1 1 10 12 1 1 10 12 1 1 10 12 1 10 12 1 10 12 1 10 12 1 1 10 100 12 1 1 1 10 12 1 8 1 10 12 1 5 0 5 0 10 12 1 1 10 12 1 10 12 1 5 0 8 1 5 0 10 12 1 1 5 0 5 0 10 12 1 1 10 12 1 8 1 10 12 1 8 1 10 12 10 10 12 1 10 12 1 1 100 1 10 10 12 1 10 12 1 1 10 12 1 1 10 12 1 10 12 1 10 12 1 1 10 12 1 9 12 1 1 10 100 12 1 1 1 10 100 12 1 1 100 1 10 100 12 1 1 10 12 1 1 10 12 1 1 10 12 1 1 10 100 12 1 1 1 10 12 1 9 100 12 1 1 1 10 12 1 1 10 12 1 1 9 100 12 1 1 1 10 100 12 1 1 10 12 1 10 12 10 12 1 10 12 1 1 10 12 1 10 12 1 1 9 100 12 1 1 1 10 100 12 1 1 1 10 12 1 10 12 1 1 10 12 1 10 12 1 1 10 12 1 10 12 1 10 12 1 10 12 1 10 100 12 1 1 10 12 1 1 10 12 10 10 12 1 10 7 12 1 1 7 1 10 10 7 12 1 1 1 100 1 100 1 1 1 1 5 0 1 5 0 1 5 0 1 1 5 0 1 1 5 0 1 1 5 0 1 1 1 1 5 0 1 5 0 1 5 0 1 5 0 1 1 5 0 1 5 0 1 5 0 1 1 1 1 5 0 1 1 1 1 5 0 1 1 5 0 1 1 1 1 1 1 1 1 5 0 1 1 5 0 1 1 5 0 1 5 0 1 1 1 1 1 1 1 1 1 1 1 1 1 1 1 1 1 1 1 1 1 100 1 1 1 1 1 1 1 1 1 1 1 1 1 1 1 1 1 1 1 1 1 1 1 1 1 1 1 1 1 1 1 1 1 1 1 1 100 1 1 1 1 1 1 1 1 1 1 1 1 1 1 1 1 1 1 1 1 1 1 1 1 1 1 1 1 1 1 1 1 1 1 100 100 1 1 1 1 1 1 1 1 1 1 1 1 1 1 1 1 1 1 1 1 1 1 1 1 1 1 1 1 1 1 1
staticfield java/net/URI hexDigits [C 16
staticfield java/net/URI $assertionsDisabled Z 1
instanceKlass java/util/RegularEnumSet
ciInstanceKlass java/util/EnumSet 1 1 243 10 7 12 1 1 1 9 7 12 1 1 1 9 12 1 1 10 12 1 1 100 1 100 1 10 10 12 1 1 8 1 10 12 1 10 12 1 1 10 12 1 7 1 10 12 1 100 1 10 10 12 1 1 10 12 1 10 12 1 1 11 7 12 1 1 1 100 1 8 1 10 11 12 1 1 11 7 12 1 1 1 7 1 10 12 1 1 11 12 1 10 12 1 1 10 12 1 1 10 12 1 10 12 1 1 10 12 1 1 8 1 10 12 1 1 10 7 12 1 100 1 100 1 10 12 1 10 12 1 10 100 12 1 1 8 1 10 7 12 1 1 1 11 7 12 1 1 100 1 10 12 1 100 1 8 1 10 100 1 100 1 1 1 1 5 0 1 1 1 1 1 1 1 1 1 1 1 1 100 1 1 1 1 1 1 1 1 1 1 1 1 1 1 1 1 1 1 1 1 1 1 1 1 1 1 1 1 1 1 1 1 1 1 1 1 1 1 1 1 1 1 1 1 1 1 1 1 1 1 1 1 1 1 1 1 1 1 1 1 1 1 1
ciInstanceKlass java/util/Collections$EmptyList 1 1 150 10 7 12 1 1 1 10 7 12 1 1 1 10 12 1 1 11 100 12 1 1 1 100 1 100 1 100 1 10 8 1 10 12 1 1 10 12 1 10 12 1 1 10 12 1 100 1 11 10 100 12 1 1 1 10 100 12 1 1 1 9 12 1 1 100 1 100 1 100 1 1 1 1 5 0 1 1 1 1 1 1 1 1 1 1 1 1 1 1 1 1 1 1 1 1 1 1 1 1 1 1 1 1 1 1 1 1 1 1 1 1 1 1 1 1 1 1 1 1 1 1 1 1 1 1 1 1 1 1 1 1 1 1 1 1 1 1 1 1 1 1 1 1 1 1 1 1 1 1
ciInstanceKlass java/util/stream/Collector$Characteristics 1 1 60 7 1 9 12 1 1 9 12 1 9 12 1 9 12 1 1 10 7 12 1 1 10 7 12 1 1 1 10 12 1 1 8 10 8 8 10 12 1 1 1 1 1 1 1 1 1 1 1 1 1 1 1 1 1 1 100 1 1 1
staticfield java/util/stream/Collector$Characteristics CONCURRENT Ljava/util/stream/Collector$Characteristics; java/util/stream/Collector$Characteristics
staticfield java/util/stream/Collector$Characteristics UNORDERED Ljava/util/stream/Collector$Characteristics; java/util/stream/Collector$Characteristics
staticfield java/util/stream/Collector$Characteristics IDENTITY_FINISH Ljava/util/stream/Collector$Characteristics; java/util/stream/Collector$Characteristics
staticfield java/util/stream/Collector$Characteristics $VALUES [Ljava/util/stream/Collector$Characteristics; 3 [Ljava/util/stream/Collector$Characteristics;
ciInstanceKlass java/util/RegularEnumSet 1 1 158 10 7 12 1 1 1 9 7 12 1 1 1 5 0 10 7 12 1 1 1 9 12 1 1 7 1 10 12 1 10 7 12 1 1 1 10 7 12 1 1 1 9 12 1 1 10 100 12 1 1 10 12 1 1 10 12 1 1 10 12 1 1 10 12 1 100 1 100 1 10 12 1 10 12 1 1 8 1 10 12 1 10 12 1 1 10 12 1 10 12 1 10 12 1 10 12 1 1 10 12 1 1 1 1 5 0 1 1 1 1 1 1 1 1 1 1 1 1 1 1 1 1 1 1 1 1 1 1 1 1 1 1 1 1 1 1 1 1 1 1 1 1 1 1 1 1 1 1 1 1 1 1 1 1 1 1 1
ciMethod java/util/RegularEnumSet contains (Ljava/lang/Object;)Z 516 0 5518 0 216
ciMethod java/util/Collections emptyList ()Ljava/util/List; 564 0 61924 0 88
ciMethod java/lang/Math max (FF)F 768 0 5536 0 -1
ciMethod java/lang/Math min (FF)F 774 0 6535 0 -1
ciMethod java/lang/Thread dumpStack ()V 0 0 1 0 -1
ciMethod java/util/Set contains (Ljava/lang/Object;)Z 0 0 1 0 -1
ciMethod java/lang/String valueOf (Ljava/lang/Object;)Ljava/lang/String; 4 0 1659 0 -1
ciMethod java/lang/Object getClass ()Ljava/lang/Class; 256 0 128 0 -1
ciMethod java/lang/Object <init> ()V 950 0 1212949 0 80
ciInstanceKlass com/sun/javafx/util/Utils 1 1 506 10 100 12 1 1 1 10 100 12 1 1 1 10 7 12 1 1 1 10 12 1 1 10 12 1 1 100 1 10 10 12 1 1 11 100 12 1 1 1 10 12 1 11 12 1 1 100 1 6 0 10 7 12 1 1 1 6 0 10 12 1 6 0 10 12 1 10 7 12 1 1 1 6 0 6 0 6 0 6 0 6 0 6 0 6 0 6 0 6 0 6 0 10 12 1 1 10 12 1 10 12 1 1 10 12 1 1 10 12 1 10 12 1 10 7 12 1 1 10 12 1 1 10 12 1 1 10 12 1 1 6 0 10 7 12 1 1 1 6 0 6 0 6 0 6 0 6 0 6 0 6 0 6 0 10 12 1 1 6 0 6 0 10 100 12 1 1 1 10 100 12 1 1 10 12 1 10 12 1 1 10 12 1 1 10 12 1 1 10 12 1 1 9 100 12 1 1 1 9 100 12 1 1 1 9 12 1 10 12 1 1 10 12 1 1 9 12 1 10 100 12 1 1 1 100 1 10 12 1 100 1 10 12 1 10 12 1 1 10 12 1 1 10 100 12 1 1 10 12 1 10 100 12 1 1 10 12 1 1 10 12 1 10 12 1 10 12 1 1 10 12 1 10 10 9 100 12 1 1 1 10 9 12 10 9 12 1 10 12 1 1 100 1 10 12 1 100 1 10 12 1 10 12 1 10 10 9 12 1 10 12 1 1 11 12 1 1 11 100 12 1 1 1 11 12 1 1 10 12 1 10 12 1 1 10 6 0 10 6 0 10 10 12 1 1 10 12 1 10 12 1 1 100 1 6 0 10 12 1 10 12 1 10 12 1 10 7 12 1 1 1 10 12 1 1 10 12 1 1 100 1 100 1 10 12 1 9 12 1 1 10 10 7 12 1 1 10 12 1 10 12 1 10 12 1 1 10 100 12 1 1 1 8 1 10 12 1 8 1 9 100 12 1 1 9 100 12 1 1 1 8 1 10 100 12 1 1 1 10 100 12 1 1 8 1 10 7 12 1 1 11 7 12 1 1 10 12 1 1 10 12 1 1 1 1 1 1 1 1 1 1 1 1 1 1 1 1 1 1 1 1 1 100 1 1 1 1 1 1 1 1 1 1 1 1 1 1 1 100 1 1 1 1 1 1
staticfield com/sun/javafx/util/Utils $assertionsDisabled Z 1
ciInstanceKlass com/sun/prism/impl/PrismSettings 1 1 578 10 100 12 1 1 1 9 7 12 1 1 1 10 100 12 1 1 1 8 1 10 12 1 10 7 12 1 1 1 10 100 12 1 1 1 10 12 1 10 12 1 1 8 1 10 12 1 1 10 7 12 1 1 1 10 100 12 1 1 100 1 9 12 1 10 12 1 1 8 1 10 12 1 10 12 1 10 100 12 1 1 1 6 0 10 100 12 1 1 1 8 1 8 1 5 0 8 1 8 1 5 0 8 1 8 1 5 0 10 100 12 1 1 1 100 1 10 12 1 10 12 1 10 12 1 1 10 12 1 1 10 7 12 1 1 1 10 100 12 1 1 10 12 1 10 12 1 10 12 1 1 8 1 10 12 1 1 8 1 9 12 1 1 8 1 9 12 1 8 1 9 12 1 8 1 10 12 1 1 10 7 12 1 1 1 9 12 1 1 8 1 9 12 1 8 1 9 12 1 8 1 9 12 1 8 1 9 12 1 8 1 9 12 1 8 1 9 12 1 8 1 9 12 1 8 1 8 1 10 12 1 8 1 10 12 1 1 9 12 1 9 12 1 8 1 9 12 1 8 1 9 12 1 8 1 8 1 10 12 1 9 12 1 8 1 9 12 1 8 1 9 12 1 8 1 9 12 1 8 1 9 12 1 8 1 9 12 1 8 1 8 1 10 12 1 1 10 7 12 1 1 8 1 8 1 10 12 1 8 1 10 12 1 10 12 1 10 12 1 11 7 12 1 1 1 9 12 1 1 8 1 10 12 10 12 1 8 1 8 1 9 7 12 1 1 1 9 12 1 8 1 10 12 1 9 12 1 8 1 8 1 8 1 9 12 1 1 8 1 9 12 1 8 1 9 12 1 8 1 9 12 1 8 1 5 0 8 1 10 12 1 1 9 12 1 1 8 1 5 0 8 1 10 12 1 9 12 1 8 1 9 12 1 8 1 9 12 1 8 1 11 12 1 1 11 100 12 1 1 11 12 1 1 18 12 1 8 1 18 10 12 1 1 18 8 1 10 12 1 1 8 1 8 1 18 12 8 1 8 1 8 1 8 1 8 1 3 9 12 1 8 1 8 1 9 12 1 8 1 9 12 1 8 1 9 12 1 8 1 8 1 9 12 1 8 1 8 1 9 12 1 8 1 9 12 1 8 1 10 12 1 9 12 1 8 1 9 12 1 8 1 9 12 1 8 1 9 12 1 8 1 9 12 1 8 1 9 12 1 8 1 9 12 1 1 1 1 1 1 100 1 1 1 1 1 1 8 1 8 1 8 1 8 1 15 10 100 12 1 1 1 1 100 1 100 1 1
staticfield com/sun/prism/impl/PrismSettings verbose Z 0
staticfield com/sun/prism/impl/PrismSettings debug Z 0
staticfield com/sun/prism/impl/PrismSettings trace Z 0
staticfield com/sun/prism/impl/PrismSettings printAllocs Z 0
staticfield com/sun/prism/impl/PrismSettings isVsyncEnabled Z 1
staticfield com/sun/prism/impl/PrismSettings dirtyOptsEnabled Z 1
staticfield com/sun/prism/impl/PrismSettings occlusionCullingEnabled Z 1
staticfield com/sun/prism/impl/PrismSettings scrollCacheOpt Z 0
staticfield com/sun/prism/impl/PrismSettings threadCheck Z 0
staticfield com/sun/prism/impl/PrismSettings cacheSimpleShapes Z 0
staticfield com/sun/prism/impl/PrismSettings cacheComplexShapes Z 1
staticfield com/sun/prism/impl/PrismSettings useNewImageLoader Z 1
staticfield com/sun/prism/impl/PrismSettings tryOrder Ljava/util/List; java/util/ImmutableCollections$List12
staticfield com/sun/prism/impl/PrismSettings prismStatFrequency I 0
staticfield com/sun/prism/impl/PrismSettings rasterizerSpec Lcom/sun/prism/impl/PrismSettings$RasterizerType; com/sun/prism/impl/PrismSettings$RasterizerType
staticfield com/sun/prism/impl/PrismSettings refType Ljava/lang/String; 
staticfield com/sun/prism/impl/PrismSettings forceRepaint Z 0
staticfield com/sun/prism/impl/PrismSettings noFallback Z 0
staticfield com/sun/prism/impl/PrismSettings showDirtyRegions Z 0
staticfield com/sun/prism/impl/PrismSettings showOverdraw Z 0
staticfield com/sun/prism/impl/PrismSettings printRenderGraph Z 0
staticfield com/sun/prism/impl/PrismSettings minRTTSize I 0
staticfield com/sun/prism/impl/PrismSettings dirtyRegionCount I 6
staticfield com/sun/prism/impl/PrismSettings disableBadDriverWarning Z 0
staticfield com/sun/prism/impl/PrismSettings forceGPU Z 0
staticfield com/sun/prism/impl/PrismSettings maxTextureSize I 4096
staticfield com/sun/prism/impl/PrismSettings primTextureSize I 0
staticfield com/sun/prism/impl/PrismSettings disableRegionCaching Z 0
staticfield com/sun/prism/impl/PrismSettings forcePow2 Z 0
staticfield com/sun/prism/impl/PrismSettings noClampToZero Z 0
staticfield com/sun/prism/impl/PrismSettings allowHiDPIScaling Z 1
staticfield com/sun/prism/impl/PrismSettings maxVram J 536870912
staticfield com/sun/prism/impl/PrismSettings targetVram J 67108864
staticfield com/sun/prism/impl/PrismSettings poolStats Z 0
staticfield com/sun/prism/impl/PrismSettings poolDebug Z 0
staticfield com/sun/prism/impl/PrismSettings disableEffects Z 0
staticfield com/sun/prism/impl/PrismSettings glyphCacheWidth I 1024
staticfield com/sun/prism/impl/PrismSettings glyphCacheHeight I 1024
staticfield com/sun/prism/impl/PrismSettings perfLog Ljava/lang/String; 
staticfield com/sun/prism/impl/PrismSettings perfLogExitFlush Z 0
staticfield com/sun/prism/impl/PrismSettings perfLogFirstPaintFlush Z 0
staticfield com/sun/prism/impl/PrismSettings perfLogFirstPaintExit Z 0
staticfield com/sun/prism/impl/PrismSettings superShader Z 1
staticfield com/sun/prism/impl/PrismSettings forceUploadingPainter Z 0
staticfield com/sun/prism/impl/PrismSettings forceAlphaTestShader Z 0
staticfield com/sun/prism/impl/PrismSettings forceNonAntialiasedShape Z 0
ciInstanceKlass com/sun/javafx/geom/transform/Affine3D 1 1 388 10 7 12 1 1 1 9 7 12 1 1 1 9 12 1 9 12 1 10 12 1 1 9 12 1 9 12 1 9 12 1 9 12 1 9 12 1 9 12 1 9 12 1 9 12 1 9 12 1 10 12 1 9 12 1 1 9 12 1 10 12 1 9 7 12 1 1 1 10 10 12 1 1 10 12 1 7 1 10 12 1 1 10 12 1 10 12 1 10 12 1 10 12 1 10 12 1 10 12 1 10 12 1 10 12 1 10 12 1 10 12 1 10 12 1 10 12 1 10 12 1 1 10 12 1 1 10 12 1 10 100 12 1 1 1 10 12 1 10 12 1 10 12 1 10 12 1 1 100 1 10 10 100 12 1 1 1 10 100 12 1 1 1 10 12 1 10 12 1 10 12 1 10 12 1 10 12 1 10 12 1 1 10 12 1 10 12 1 10 12 1 9 12 1 9 12 1 9 12 1 10 12 1 10 12 1 1 10 12 1 1 10 12 10 12 1 10 12 10 12 1 10 12 10 12 1 10 12 10 12 10 10 12 10 10 12 10 10 12 1 10 12 10 12 1 10 12 1 10 10 12 1 1 10 10 12 1 10 12 1 10 12 1 10 12 10 12 1 10 12 1 10 12 1 10 12 1 9 7 12 1 1 1 10 12 1 1 10 12 1 1 10 10 12 1 1 10 10 12 1 100 1 8 1 10 12 1 6 0 6 0 6 0 10 12 1 10 12 1 18 12 1 1 10 12 1 1 10 12 1 10 12 1 10 12 1 10 12 1 1 10 12 1 1 1 1 1 1 1 1 1 100 1 1 1 1 1 1 1 1 1 1 1 1 1 1 1 1 1 1 1 1 8 1 15 10 100 12 1 1 1 1 100 1 100 1 1
ciInstanceKlass com/sun/javafx/geom/transform/Identity 1 1 162 10 7 12 1 1 1 9 7 12 1 1 1 10 7 12 1 1 1 10 7 12 1 1 1 7 1 10 12 1 10 12 1 10 7 12 1 1 1 10 7 12 1 1 1 10 100 12 1 1 1 100 1 10 12 1 10 12 1 1 10 12 1 1 10 7 12 1 1 1 10 12 1 100 1 10 10 12 1 1 7 1 10 10 12 1 10 12 10 12 1 1 10 12 1 1 10 12 1 10 12 1 10 12 1 10 12 1 8 1 1 1 1 1 1 1 1 1 1 1 1 1 1 1 1 1 1 1 1 1 1 1 1 1 1 1 1 1 1 1 1 1 1 1 1 1 1 1 1 1 1 1 1 1 1 1 1 1 1 1 1 1
ciInstanceKlass com/sun/javafx/geom/transform/Translate2D 1 1 322 9 7 12 1 1 1 10 12 1 1 10 7 12 1 1 9 12 1 1 9 12 1 10 12 1 1 9 7 12 1 1 1 10 12 1 1 10 12 1 1 10 12 1 10 12 1 1 9 7 12 1 1 1 9 12 1 10 12 1 1 7 1 10 9 12 9 12 9 12 1 10 12 1 1 10 100 12 1 1 1 10 100 12 1 1 1 10 12 1 10 12 1 10 12 1 10 12 1 10 12 1 10 12 1 1 10 12 1 1 10 100 12 1 1 1 10 12 1 1 9 12 1 9 12 9 12 1 10 100 12 1 1 1 9 12 1 10 12 1 10 12 1 100 1 10 12 1 100 1 10 10 12 1 7 1 10 10 12 10 12 1 10 10 12 10 12 1 1 10 12 1 1 10 12 1 10 12 1 10 12 1 1 10 12 1 10 12 1 10 12 1 10 12 1 10 12 1 10 12 1 10 12 1 10 12 1 10 12 1 10 10 12 1 10 12 1 6 0 10 12 1 10 12 1 18 12 1 1 9 12 1 1 5 0 10 10 7 12 1 1 1 10 10 12 1 10 12 1 10 12 1 10 12 1 10 12 1 10 12 1 1 1 1 1 1 1 1 1 1 1 1 1 1 1 1 1 1 1 1 1 1 1 1 1 1 1 1 1 1 1 1 1 1 1 1 1 1 1 1 1 1 1 1 1 1 1 8 1 15 10 100 12 1 1 1 1 100 1 100 1 1
staticfield com/sun/javafx/geom/transform/Translate2D BASE_HASH J 3751498489599623168
ciInstanceKlass com/sun/javafx/geom/transform/Affine2D 1 1 369 10 7 12 1 1 1 9 7 12 1 1 1 9 12 1 9 12 1 9 12 1 9 12 1 9 12 1 9 12 1 1 7 1 9 12 1 10 12 1 1 10 12 1 9 7 12 1 1 1 10 12 1 1 10 12 1 1 10 12 1 10 12 1 10 12 1 10 100 12 1 1 1 10 12 10 12 1 6 0 10 12 1 10 12 1 10 12 9 7 12 1 1 1 10 12 1 1 10 12 1 1 10 12 1 10 12 1 1 10 12 1 10 12 1 10 12 1 9 100 12 1 1 1 10 100 12 1 1 1 18 12 1 1 10 100 12 1 1 1 10 12 1 18 12 1 10 12 1 10 12 1 18 10 12 1 10 12 10 12 1 10 12 1 10 12 1 10 12 1 10 12 1 10 12 1 10 12 1 10 12 1 1 9 9 10 12 1 10 12 1 7 1 6 0 100 1 18 10 12 10 12 1 8 1 10 9 100 12 1 1 1 9 12 1 10 10 12 1 1 6 0 10 12 1 10 12 1 18 12 1 10 12 1 100 1 10 12 10 12 1 10 12 1 10 12 10 12 1 1 10 12 1 10 12 1 1 10 12 1 10 12 10 12 1 10 12 1 1 10 10 12 1 10 10 12 1 10 10 12 1 9 12 1 1 5 0 10 10 12 1 1 10 10 10 10 10 10 12 1 1 9 12 1 1 1 1 1 1 1 1 1 1 1 1 1 1 1 100 1 1 1 1 1 1 1 1 1 1 1 1 1 1 1 1 1 1 1 1 1 1 1 1 1 1 1 8 1 8 1 8 1 8 1 8 1 15 10 100 12 1 1 1 1 100 1 100 1 1
staticfield com/sun/javafx/geom/transform/Affine2D BASE_HASH J -4039728865751334912
ciInstanceKlass com/sun/javafx/geom/RectBounds 1 1 265 10 7 12 1 1 1 9 7 12 1 1 1 9 12 1 4 9 12 1 9 12 1 10 12 1 10 12 1 10 12 1 9 7 12 1 1 1 9 12 1 9 12 1 9 12 1 9 7 12 1 1 1 100 1 10 9 12 9 12 100 1 10 9 9 9 12 1 10 12 1 1 10 12 1 9 12 1 100 1 10 12 1 10 12 1 100 1 8 1 10 12 1 10 12 1 1 10 12 1 1 10 12 1 1 10 12 1 10 12 1 10 12 1 10 12 1 10 12 1 10 10 10 12 1 9 100 1 9 10 12 10 10 10 7 12 1 1 1 10 12 1 10 12 10 12 1 1 10 10 10 10 10 12 1 10 12 1 10 12 1 10 10 10 12 1 1 10 12 1 10 12 1 10 12 1 10 12 1 1 10 12 1 10 12 1 10 12 1 10 7 12 1 1 1 10 100 12 1 1 1 18 12 1 1 1 1 1 1 1 1 1 1 1 1 1 1 1 1 1 1 1 1 1 1 1 1 1 1 1 1 1 1 1 1 1 1 1 1 1 1 1 1 1 1 1 1 1 1 1 8 1 15 10 100 12 1 1 1 1 100 1 100 1 1
instanceKlass javafx/scene/control/skin/VirtualFlow$7
instanceKlass javafx/scene/control/skin/VirtualFlow$6
instanceKlass javafx/scene/Camera$3
instanceKlass javafx/scene/Camera$2
instanceKlass javafx/beans/property/ReadOnlyDoubleWrapper
instanceKlass javafx/stage/Window$4
instanceKlass javafx/stage/Window$3
ciInstanceKlass javafx/beans/property/SimpleDoubleProperty 1 1 47 9 7 12 1 1 1 9 12 1 1 9 12 1 8 1 10 12 1 1 10 12 1 10 7 12 1 1 10 12 1 1 1 1 1 1 1 1 1 1 100 1 100 1 1 1 1
staticfield javafx/beans/property/SimpleDoubleProperty DEFAULT_BEAN Ljava/lang/Object; 
ciInstanceKlass java/lang/UnsupportedOperationException 0 0 34 10 100 12 1 1 1 10 12 1 10 12 1 10 12 1 100 1 1 1 1 5 0 1 1 1 1 1 1 1 1 1 1 1
ciInstanceKlass java/lang/AssertionError 0 0 79 10 100 12 1 1 1 10 12 1 10 100 12 1 1 1 10 100 1 100 1 10 12 1 1 10 12 1 10 12 1 10 12 1 10 12 1 10 12 1 10 12 1 10 12 1 1 1 1 5 0 1 1 1 1 1 1 1 1 1 1 100 1 1 1 1 1 1 1 1 1 1 1 1 1 1 1 1 1
ciInstanceKlass java/lang/StackWalker$Option 1 1 64 7 1 9 12 1 1 9 12 1 9 12 1 9 12 1 9 12 1 1 10 7 12 1 1 10 7 12 1 1 1 10 12 1 1 8 10 8 8 8 10 12 1 1 1 1 1 1 1 1 1 1 1 1 1 1 1 1 1 1 100 1 1 1
staticfield java/lang/StackWalker$Option RETAIN_CLASS_REFERENCE Ljava/lang/StackWalker$Option; java/lang/StackWalker$Option
staticfield java/lang/StackWalker$Option DROP_METHOD_INFO Ljava/lang/StackWalker$Option; java/lang/StackWalker$Option
staticfield java/lang/StackWalker$Option SHOW_REFLECT_FRAMES Ljava/lang/StackWalker$Option; java/lang/StackWalker$Option
staticfield java/lang/StackWalker$Option SHOW_HIDDEN_FRAMES Ljava/lang/StackWalker$Option; java/lang/StackWalker$Option
staticfield java/lang/StackWalker$Option $VALUES [Ljava/lang/StackWalker$Option; 4 [Ljava/lang/StackWalker$Option;
instanceKlass javafx/scene/Scene$2$1
ciInstanceKlass javafx/scene/Scene 1 1 2542 7 1 6 0 9 7 12 1 1 1 9 7 12 1 1 1 10 12 1 1 10 7 12 1 1 1 10 12 1 1 10 7 12 1 1 1 10 100 12 1 1 1 8 1 10 12 1 1 10 7 12 1 1 9 12 1 1 9 12 1 9 12 1 1 7 1 10 7 12 1 1 1 9 12 1 1 7 1 10 9 12 1 1 7 1 10 12 1 9 12 1 1 9 12 1 1 7 1 10 9 12 1 1 7 1 10 9 12 1 1 9 12 1 1 7 1 10 9 12 1 1 9 12 1 9 12 1 9 12 1 7 1 10 9 12 1 1 9 12 1 1 9 12 1 1 9 12 1 1 9 12 1 7 1 10 9 12 1 1 18 12 1 1 9 12 1 1 9 12 1 7 1 10 9 12 1 1 9 12 1 1 7 1 10 9 12 1 1 9 12 1 1 7 1 10 9 12 1 1 9 12 1 9 12 1 100 1 8 1 10 12 9 7 12 1 1 1 10 7 12 1 1 1 8 1 10 12 1 10 12 1 1 10 12 1 10 12 1 1 18 12 1 1 9 7 12 1 1 1 10 12 1 1 9 7 12 1 1 9 12 1 9 12 1 9 12 1 10 7 12 1 1 9 12 1 100 1 8 1 10 12 1 9 12 1 1 9 12 1 9 12 1 1 10 12 1 7 1 10 7 12 1 1 1 10 12 1 1 9 7 12 1 1 1 9 7 12 1 1 9 7 12 1 1 1 10 12 1 1 10 12 1 11 7 12 1 1 11 12 1 1 11 7 12 1 1 11 12 1 1 10 12 1 11 12 1 11 12 1 1 11 12 1 10 12 1 10 12 1 8 1 9 12 1 100 1 10 11 100 1 11 9 12 1 10 12 1 1 10 7 12 1 1 9 12 1 1 10 12 1 7 1 10 12 1 1 7 1 10 9 12 1 10 10 12 1 1 10 7 12 1 1 1 9 12 1 10 100 12 1 1 8 1 10 7 12 1 1 10 12 1 1 10 12 1 10 12 1 11 7 12 1 1 1 8 1 7 1 10 11 7 12 1 1 1 7 1 10 11 12 1 1 8 1 10 12 1 11 12 1 10 12 1 1 10 12 1 1 11 12 1 10 12 1 1 10 7 12 1 1 1 10 7 1 7 1 11 12 1 1 11 12 1 8 1 10 12 1 1 7 1 10 10 12 1 1 7 1 10 10 12 1 1 8 1 8 1 10 12 1 9 12 1 1 10 12 1 10 12 1 10 100 12 1 1 11 8 1 10 12 1 1 10 7 12 1 1 9 12 1 1 10 12 1 10 12 1 8 10 12 1 10 12 1 9 12 1 8 10 12 1 9 12 1 7 1 10 10 12 1 9 12 1 7 1 10 10 12 1 10 12 1 1 10 7 1 9 12 1 10 100 1 10 10 12 1 100 1 9 12 1 1 7 1 10 10 12 1 10 12 1 10 12 1 10 12 1 10 12 1 9 12 1 1 10 12 1 10 12 1 9 12 1 10 12 1 9 12 1 7 1 7 1 10 12 1 10 12 1 9 12 1 7 1 10 11 12 1 10 12 1 10 12 1 10 12 1 10 12 1 11 12 1 11 12 1 10 12 1 11 12 1 100 1 10 10 100 12 1 1 1 10 12 1 10 12 1 1 100 1 10 12 1 10 10 9 12 9 12 9 12 9 12 9 12 1 1 9 10 9 12 1 9 12 1 1 10 12 1 10 12 1 9 12 1 10 100 12 1 1 1 10 12 1 1 18 12 1 1 11 100 12 1 1 1 18 11 12 1 10 12 1 18 18 12 1 11 12 1 1 100 1 9 12 10 12 1 1 11 100 12 1 1 1 9 12 1 10 12 1 1 11 12 1 1 10 12 1 9 100 12 1 1 10 12 1 1 9 12 1 1 9 12 1 9 12 1 9 12 1 18 12 1 1 10 12 1 10 12 1 8 1 18 12 1 1 10 12 1 1 10 12 1 9 12 1 100 1 100 1 10 10 12 1 1 100 1 8 10 12 1 100 1 10 12 1 10 12 1 10 12 1 10 12 1 10 12 1 1 18 12 1 1 7 1 10 9 12 1 1 7 1 10 9 12 1 1 18 10 12 1 10 12 1 10 12 1 10 12 1 10 12 1 1 10 7 1 10 12 1 10 12 1 10 12 1 10 12 1 10 10 12 1 8 1 10 12 1 1 10 12 1 1 10 12 1 9 100 12 1 1 1 10 12 1 10 12 1 10 12 1 10 12 1 1 10 12 1 10 12 1 10 12 1 10 12 1 1 10 12 1 1 10 12 1 10 12 1 1 10 12 1 6 0 10 12 1 6 0 10 12 1 1 10 7 12 1 1 100 1 9 12 1 10 12 1 10 7 12 1 1 1 10 7 12 1 1 1 9 7 12 1 1 9 7 12 1 1 9 7 12 1 1 9 12 1 1 9 12 1 10 12 1 10 7 1 7 1 10 12 1 1 10 9 12 1 9 12 1 9 12 1 7 1 10 12 1 10 12 1 10 12 9 12 1 1 10 12 1 10 12 1 9 12 1 10 7 12 1 1 1 10 7 12 1 1 1 9 7 12 1 1 1 10 12 1 1 10 7 12 1 1 1 9 12 1 9 12 1 9 12 1 10 7 12 1 1 1 10 12 1 10 12 1 10 12 1 10 12 1 10 12 1 10 12 1 10 12 1 10 7 12 1 1 11 7 12 1 1 1 9 12 1 1 11 12 1 7 1 100 1 6 0 6 0 10 12 1 10 12 1 1 10 12 1 10 12 1 7 1 10 12 1 1 9 100 12 1 1 1 10 12 1 1 10 12 1 1 10 7 12 1 1 10 12 1 10 12 1 1 10 12 1 7 1 9 12 9 12 9 12 1 10 12 1 10 12 1 10 12 1 1 10 12 1 1 10 12 1 1 10 7 12 1 1 1 10 12 1 10 12 1 10 12 1 9 12 1 9 12 1 10 12 1 1 10 12 1 9 100 12 1 1 1 10 12 1 1 10 12 1 1 10 7 12 1 1 1 10 7 12 1 1 10 12 1 1 10 100 12 1 1 1 10 7 12 1 1 1 10 12 1 9 7 12 1 1 1 9 100 12 1 1 1 10 10 7 12 1 1 1 10 12 1 1 10 7 12 1 1 10 12 1 1 10 12 1 7 1 10 10 10 9 12 1 1 10 12 1 1 10 12 1 10 9 12 1 10 7 12 1 10 12 1 10 12 1 10 12 1 11 12 1 10 12 1 9 12 1 1 9 100 12 1 10 12 1 10 10 12 1 10 10 11 9 12 1 10 12 1 1 11 12 1 1 11 11 12 1 1 11 12 1 100 1 11 12 1 100 1 10 10 12 1 10 12 1 7 1 10 12 1 9 12 1 10 12 1 1 10 7 12 1 1 10 12 1 10 10 12 1 10 12 1 9 12 1 1 10 12 1 7 1 8 10 12 1 10 10 12 1 1 10 12 1 10 12 1 10 12 1 1 10 12 1 11 7 12 1 1 1 10 12 1 1 10 12 1 9 12 1 100 1 100 1 10 10 12 1 9 12 1 100 1 10 10 12 1 9 12 1 100 1 10 10 12 1 9 12 1 100 1 10 10 12 1 9 12 1 100 1 10 10 12 1 9 12 1 100 1 10 10 12 1 9 12 1 100 1 10 10 12 1 9 12 1 100 1 10 10 12 1 9 12 1 100 1 10 10 12 1 9 12 1 100 1 10 10 12 1 9 12 1 100 1 10 10 12 1 9 12 1 100 1 10 10 12 1 9 12 1 100 1 10 10 12 1 9 12 1 100 1 10 10 12 1 9 12 1 100 1 10 10 12 1 9 12 1 100 1 10 10 12 1 9 12 1 100 1 10 10 12 1 9 12 1 100 1 10 10 12 1 9 12 1 100 1 10 10 12 1 9 12 1 100 1 10 10 12 1 9 12 1 100 1 10 10 12 1 9 12 1 100 1 10 10 12 1 9 12 1 100 1 10 10 12 1 9 12 1 100 1 10 10 12 1 9 12 1 100 1 10 10 12 1 9 12 1 100 1 10 10 12 1 9 12 1 100 1 10 10 12 1 9 12 1 100 1 10 10 12 1 9 12 1 100 1 10 10 12 1 9 12 1 100 1 10 10 12 1 9 12 1 100 1 10 10 12 1 9 12 1 100 1 10 10 12 1 9 12 1 100 1 10 10 12 1 9 12 1 100 1 10 10 12 1 9 12 1 100 1 10 10 12 1 1 10 12 1 1 9 12 1 1 9 100 12 1 1 100 1 8 1 10 100 1 10 100 12 1 1 1 11 10 12 1 1 8 1 10 12 1 8 1 10 12 1 9 12 1 100 1 10 10 12 1 9 12 1 100 1 10 10 12 1 9 12 1 100 1 10 10 12 1 9 12 1 100 1 10 9 12 1 1 10 100 12 1 1 1 11 100 1 10 12 1 9 12 1 11 11 12 10 12 1 9 12 1 9 12 1 1 7 1 100 1 10 12 1 9 12 1 10 12 1 1 9 12 1 1 100 1 10 10 12 1 9 12 1 10 12 1 10 12 1 10 12 1 10 12 1 7 1 10 7 1 10 12 1 10 10 12 1 9 12 1 9 12 1 11 12 1 1 100 1 11 12 1 11 12 1 9 9 12 1 1 8 1 10 100 12 1 1 8 1 11 10 100 12 1 1 1 10 12 1 1 100 1 10 10 12 1 10 12 1 1 10 100 1 10 12 100 1 10 12 1 11 100 12 1 1 100 1 7 1 8 1 10 12 1 1 100 1 11 12 8 1 11 11 10 12 1 10 12 1 7 1 10 10 12 1 1 7 1 10 10 7 12 1 1 9 12 1 8 1 10 7 12 1 1 1 9 12 1 1 1 1 1 1 3 1 3 1 1 1 1 1 1 1 1 1 1 1 1 1 1 1 1 1 1 1 1 1 1 1 1 1 1 1 1 1 1 1 1 1 1 1 1 1 1 1 1 1 1 1 1 1 1 1 1 1 1 1 1 1 1 1 1 1 1 1 1 1 1 1 1 1 1 1 1 1 1 1 1 1 1 1 1 1 1 1 1 1 1 1 1 1 1 1 1 1 1 1 1 1 1 1 1 1 1 1 1 1 1 1 100 100 1 1 1 1 1 1 1 1 1 1 1 1 1 1 1 1 1 1 1 1 1 1 1 1 1 1 1 1 1 1 1 1 1 1 1 1 1 1 1 1 1 1 1 1 1 1 1 1 1 1 1 1 1 1 1 1 1 1 1 1 1 1 1 1 1 1 1 1 1 1 1 1 1 1 1 1 1 1 1 1 1 1 1 1 1 1 1 1 1 1 1 1 1 1 1 1 1 1 1 1 1 1 1 1 1 1 1 1 1 1 1 1 1 1 1 1 1 1 1 1 1 1 1 1 1 1 1 1 1 1 1 1 1 1 1 1 1 1 1 1 1 1 1 1 1 1 1 1 1 1 1 1 1 1 1 1 1 1 1 1 1 1 1 1 1 1 1 1 1 1 1 1 1 1 1 1 100 1 100 1 100 1 100 1 100 1 1 16 15 10 12 16 15 10 12 16 16 15 10 12 16 15 16 1 15 10 12 16 16 15 10 12 16 16 15 10 12 15 10 12 8 1 8 1 15 10 7 12 1 1 1 15 10 100 12 1 1 1 1 1 1 1 1 1 1 1 1 1 1 1 1 1 1 1 1 1 1 1 100 1 1 100 1 1 100 1 1 1 1 100 1 100 1 1
staticfield javafx/scene/Scene trackerMonitor Ljava/lang/Object; java/lang/Object
staticfield javafx/scene/Scene USER_DATA_KEY Ljava/lang/Object; java/lang/Object
staticfield javafx/scene/Scene defaultNodeOrientation Ljavafx/geometry/NodeOrientation; javafx/geometry/NodeOrientation
staticfield javafx/scene/Scene $assertionsDisabled Z 1
ciInstanceKlass javafx/scene/ParallelCamera 1 1 115 10 7 12 1 1 1 10 7 12 1 1 1 7 1 10 10 12 1 1 10 12 1 1 10 12 1 10 12 1 7 1 10 10 12 1 10 12 10 12 1 10 12 1 1 10 7 12 1 1 1 10 12 1 6 0 10 7 12 1 1 1 10 7 12 1 1 7 1 10 6 0 10 7 12 1 1 1 10 12 1 10 12 1 1 7 1 10 10 12 1 1 1 1 1 1 1 1 1 1 1 1 1 1 1 1 1 1 1 1 1 1 100 1 1
ciInstanceKlass javafx/scene/Node$7 1 1 56 9 7 12 1 1 1 10 7 12 1 1 1 9 7 12 1 1 1 10 7 12 1 1 1 9 100 12 1 1 1 8 1 1 1 1 1 1 1 1 1 1 1 1 1 1 1 1 100 1 12 1 1 1 1 1
ciInstanceKlass javafx/scene/Node$6 1 1 81 9 7 12 1 1 1 10 7 12 1 1 1 9 12 1 1 10 12 1 1 9 7 12 1 1 1 10 7 12 1 1 1 10 12 1 1 10 7 12 1 1 10 12 1 1 10 7 12 1 1 9 100 12 1 1 1 8 1 1 1 1 1 1 1 1 1 1 1 1 1 1 1 1 1 12 1 1 1 1 1
instanceKlass javafx/scene/control/skin/ProgressIndicatorSkin$DeterminateIndicator
instanceKlass javafx/scene/control/skin/ProgressIndicatorSkin$IndeterminateSpinner
instanceKlass javafx/scene/control/skin/ScrollBarSkin$EndButton
instanceKlass javafx/scene/control/skin/VirtualFlow$ClippedContainer
instanceKlass javafx/scene/control/skin/VirtualFlow
instanceKlass com/sun/javafx/scene/control/ContextMenuContent$MenuItemContainer
instanceKlass javafx/scene/control/Control
instanceKlass javafx/scene/layout/Pane
ciInstanceKlass javafx/scene/layout/Region 1 1 1422 7 1 10 7 12 1 1 1 9 7 12 1 1 1 10 12 1 1 10 12 1 1 10 12 1 1 10 12 1 10 12 1 10 12 1 10 12 1 10 7 12 1 1 1 10 12 1 1 10 7 12 1 1 1 10 7 12 1 1 10 12 1 10 12 1 10 10 12 1 10 7 12 1 1 1 10 12 1 10 12 1 10 12 1 10 12 1 1 10 12 1 1 10 12 1 18 12 1 1 10 12 1 11 7 12 1 1 1 11 12 1 1 10 12 1 1 10 12 1 11 7 12 1 1 1 10 12 1 1 10 12 1 6 0 6 0 10 12 1 1 9 7 12 1 1 1 10 100 12 1 1 1 11 100 12 1 10 12 1 100 1 10 12 1 10 12 1 1 10 12 1 10 12 1 1 10 7 12 1 1 10 12 1 10 12 1 10 12 1 1 11 12 1 1 11 7 12 1 1 11 12 1 1 10 12 1 10 12 1 1 10 7 12 1 1 9 7 12 1 1 1 10 7 12 1 1 6 0 100 1 8 1 10 12 1 1 9 12 1 10 7 1 8 1 10 7 12 1 18 12 1 1 9 12 1 1 10 7 12 1 1 1 9 12 1 1 7 1 10 12 1 9 12 1 1 7 1 10 12 1 9 12 1 7 1 10 12 1 9 12 1 7 1 10 12 9 12 1 1 9 12 1 1 9 12 1 9 12 1 9 12 1 9 12 1 9 12 1 9 12 1 9 12 1 9 12 1 9 12 1 9 12 1 9 12 1 9 12 1 9 12 1 1 9 12 1 9 12 1 10 12 1 1 9 12 1 10 12 1 10 7 12 1 1 100 1 10 12 1 10 7 12 1 10 12 7 1 7 1 10 100 12 1 1 1 11 100 12 1 1 1 10 100 12 1 1 1 10 12 1 9 12 1 100 1 10 10 12 1 1 10 12 1 10 12 1 9 12 1 1 10 12 1 1 10 7 12 1 9 12 1 9 12 1 9 12 1 1 10 7 12 1 1 1 10 12 1 9 7 12 1 1 1 10 12 1 1 10 12 1 10 12 7 1 10 12 1 10 12 1 1 9 12 1 10 12 1 9 12 1 7 1 10 9 12 1 1 10 100 1 10 7 1 8 9 7 12 1 1 1 10 12 1 9 12 8 9 12 1 10 12 1 10 12 1 9 12 1 8 9 12 1 9 12 8 9 12 1 10 12 1 10 12 1 9 12 1 8 9 12 1 9 12 8 9 12 1 10 12 1 10 12 1 9 12 1 1 7 1 10 12 1 7 1 10 10 12 1 1 10 12 7 1 10 10 12 1 7 1 10 10 12 1 100 1 10 10 12 1 10 12 1 10 7 12 1 1 1 9 7 12 1 1 1 10 7 12 1 1 1 10 12 1 1 18 12 1 1 10 12 1 1 10 12 1 10 12 10 12 10 12 1 1 10 12 1 10 10 10 12 1 10 10 12 1 10 10 12 1 10 12 1 10 12 1 10 12 1 10 12 1 10 12 1 6 0 10 12 1 10 12 1 10 12 1 10 12 1 10 12 1 10 12 1 10 12 1 1 9 12 1 10 12 10 10 12 10 12 1 1 10 12 10 12 1 10 10 12 1 10 12 1 1 10 12 1 1 7 1 10 10 12 1 6 0 9 12 1 1 10 12 10 12 1 1 10 12 10 12 1 1 10 12 1 1 10 12 1 10 12 1 9 12 1 1 10 12 1 1 9 12 1 10 12 1 9 12 1 10 12 1 10 12 1 10 12 1 1 10 12 1 1 10 12 1 10 12 1 10 12 1 10 12 1 1 7 1 10 12 1 10 12 1 1 10 10 10 12 1 1 9 12 1 10 12 1 10 12 1 10 12 1 10 12 1 1 9 12 1 1 10 12 1 1 9 12 1 10 12 1 1 10 12 1 1 9 12 1 10 12 1 9 12 1 10 12 1 9 12 1 10 12 1 1 10 12 1 1 10 12 1 10 12 1 1 100 1 4 10 12 1 10 12 1 1 10 10 7 12 1 1 1 10 7 12 1 1 10 12 10 12 1 10 12 1 10 12 1 1 10 12 1 1 11 7 1 10 10 7 12 1 1 1 10 12 1 1 10 12 1 1 10 12 1 10 12 1 7 1 10 12 1 1 10 10 12 1 10 12 1 10 12 1 100 1 10 10 12 1 10 9 7 12 1 1 10 100 12 1 1 10 10 12 1 10 10 12 1 10 10 12 1 10 10 12 1 10 12 1 10 12 1 10 12 1 10 12 1 10 12 1 10 12 1 10 12 1 10 12 1 6 0 10 12 1 1 10 9 7 12 1 1 10 12 1 1 10 7 12 1 1 1 11 12 1 10 12 1 1 9 12 1 10 12 1 10 12 1 10 12 1 10 12 1 10 12 1 10 12 1 10 12 1 10 12 1 10 12 1 10 12 1 1 10 7 12 1 1 1 10 12 1 1 7 1 10 12 1 4 4 10 12 1 10 12 1 10 12 1 10 12 1 1 10 12 1 10 12 1 10 12 1 9 100 12 1 1 1 10 12 1 1 10 12 1 1 10 12 1 1 10 12 1 10 12 1 1 9 7 12 1 1 1 10 12 1 1 10 7 12 1 1 1 10 12 1 1 10 12 1 1 10 10 10 10 10 10 10 10 12 1 1 10 10 12 1 1 10 7 12 1 1 1 9 12 1 1 10 12 1 9 12 1 10 12 1 100 1 10 12 1 100 1 10 12 1 11 12 1 1 10 12 1 1 10 12 1 7 1 10 10 12 1 1 1 1 1 1 1 1 1 1 1 1 1 1 1 1 1 1 1 1 1 1 1 1 1 1 1 1 1 1 1 1 100 1 1 1 1 1 1 1 1 1 1 1 1 1 1 1 1 1 1 1 1 1 1 1 1 1 1 1 1 1 1 1 1 1 1 1 1 1 1 1 1 1 1 1 1 1 1 1 1 1 1 1 1 1 1 1 1 1 1 1 1 1 1 1 1 1 1 1 1 1 1 1 1 1 1 1 1 1 1 100 1 1 1 1 1 1 1 1 1 1 1 1 1 1 1 1 100 1 100 1 100 1 100 1 100 1 100 1 100 1 100 1 100 1 100 1 100 1 100 1 100 1 100 1 100 1 1 16 15 10 12 16 1 16 15 10 12 8 1 15 10 7 12 1 1 1 15 10 100 12 1 1 1 1 1 1 1 1 1 100 1 1 100 1 100 1 1
instanceKlass javafx/scene/control/skin/ProgressIndicatorSkin$IndeterminateSpinner$IndicatorPaths
instanceKlass javafx/scene/layout/GridPane
instanceKlass javafx/scene/control/DialogPane
instanceKlass javafx/scene/layout/FlowPane
instanceKlass javafx/scene/control/PopupControl$CSSBridge
instanceKlass javafx/scene/text/TextFlow
instanceKlass javafx/scene/layout/HBox
instanceKlass javafx/scene/layout/StackPane
instanceKlass javafx/scene/layout/VBox
instanceKlass javafx/scene/layout/BorderPane
ciInstanceKlass javafx/scene/layout/Pane 1 1 87 10 7 12 1 1 1 11 7 12 1 1 1 11 12 1 1 10 12 1 1 10 7 12 1 1 1 10 12 1 1 11 12 1 10 7 12 1 1 10 7 12 1 1 1 10 100 12 1 1 1 11 100 12 1 1 1 10 7 1 10 10 12 1 1 1 1 1 1 1 1 1 1 1 1 1 1 1 1 1 1 1 1 1 100 1 1
instanceKlass view/DashboardView
ciInstanceKlass javafx/scene/layout/BorderPane 1 1 326 7 1 8 1 10 12 1 1 10 12 1 1 100 1 8 1 7 1 10 12 1 1 9 12 1 1 10 12 1 1 10 12 1 1 10 7 12 1 1 1 10 12 1 1 10 12 1 10 12 1 10 12 1 10 12 1 9 12 1 1 7 1 8 10 12 1 10 12 1 1 10 7 12 1 1 1 10 12 1 1 7 1 9 12 1 8 10 12 1 9 12 1 8 10 12 1 9 12 1 8 10 12 1 9 12 1 8 10 12 1 10 12 1 1 10 12 1 1 10 12 1 1 10 12 1 9 7 12 1 1 1 10 12 1 10 12 1 9 12 1 10 12 1 6 0 10 12 1 1 10 12 1 1 10 12 1 10 7 12 1 1 1 10 12 1 1 10 12 1 10 12 10 12 10 12 10 12 1 10 12 1 10 10 12 1 1 10 12 1 10 12 1 10 12 1 1 10 12 1 10 12 1 10 12 1 10 12 1 9 12 1 1 10 12 1 1 9 7 12 1 1 1 9 12 1 10 12 1 10 12 1 1 10 12 1 10 12 1 1 10 12 1 1 9 7 12 1 1 1 10 12 1 1 9 7 12 1 1 1 10 12 1 10 12 1 1 9 12 1 10 12 1 10 12 1 9 12 1 9 12 1 9 12 10 12 1 1 10 12 1 1 10 12 1 10 12 1 1 10 12 1 1 1 1 1 1 1 1 1 1 1 1 1 1 1 1 1 1 1 1 1 100 1 1 1
ciInstanceKlass com/sun/javafx/geom/BoxBounds 1 1 277 10 7 12 1 1 1 9 7 12 1 1 1 9 12 1 9 12 1 4 9 12 1 9 12 1 9 12 1 10 12 1 10 12 1 10 12 1 9 7 12 1 1 1 10 100 12 1 1 1 100 1 10 9 12 1 9 12 1 100 1 10 9 9 9 12 1 10 12 1 1 9 12 1 10 12 1 100 1 8 1 10 12 1 9 100 12 1 1 1 9 12 1 10 12 1 1 9 12 9 12 10 12 1 1 10 12 1 1 10 12 1 10 12 1 10 12 1 10 12 1 10 12 1 10 12 1 7 1 10 10 10 12 1 10 12 1 10 12 1 9 100 1 9 10 100 12 1 1 1 10 12 1 10 12 10 12 1 1 10 12 1 10 12 1 1 10 12 1 1 10 12 1 10 12 1 1 10 12 1 10 12 1 10 10 12 1 1 10 10 12 1 10 10 12 1 10 10 12 1 10 100 12 1 1 1 10 10 10 100 12 1 1 1 18 12 1 1 1 1 1 1 1 1 1 1 1 1 1 1 1 1 1 1 1 1 1 1 1 1 1 1 1 1 1 1 1 1 1 1 1 1 1 1 1 1 1 1 1 1 1 1 8 1 15 10 100 12 1 1 1 1 100 1 100 1 1
instanceKlass com/sun/javafx/sg/prism/NGRegion
ciInstanceKlass com/sun/javafx/sg/prism/NGGroup 1 1 416 10 7 12 1 1 1 9 7 12 1 1 1 9 7 12 1 1 7 1 10 12 1 9 12 1 1 10 7 12 1 1 1 9 12 1 9 12 1 11 7 12 1 1 1 100 1 8 1 10 12 1 10 12 1 1 9 12 1 1 11 12 1 1 11 12 1 10 12 1 10 12 1 10 12 1 11 12 1 1 11 12 1 9 12 1 10 9 12 1 1 10 12 1 11 12 1 11 12 1 11 12 1 1 11 12 1 1 11 7 12 1 1 11 12 1 1 100 1 10 100 12 1 1 1 10 12 1 100 1 8 1 10 10 12 1 1 11 12 1 10 12 1 1 11 7 12 1 1 1 10 7 1 10 12 10 12 1 1 11 12 1 1 11 12 1 1 100 1 10 12 1 100 1 10 12 1 10 12 1 1 11 12 1 1 10 7 12 1 1 10 100 12 1 1 10 100 12 1 1 1 10 100 12 1 1 1 10 12 1 1 10 12 1 1 10 12 1 1 10 12 1 1 100 1 10 12 1 11 12 1 1 10 12 1 1 9 100 12 1 1 9 12 1 9 12 1 9 12 1 11 12 1 1 10 12 1 10 12 1 1 9 12 1 9 7 12 1 1 1 10 12 1 10 12 1 1 10 12 1 1 10 7 12 1 1 10 12 1 10 12 1 10 12 1 1 9 12 1 1 10 7 12 1 1 1 10 10 12 1 10 10 12 1 1 10 12 1 1 10 12 1 10 12 1 10 12 1 10 12 1 10 12 1 10 12 1 10 12 1 10 12 1 10 12 1 10 12 1 10 12 1 10 12 1 10 12 1 1 10 12 1 9 12 1 10 12 9 12 1 10 12 1 1 10 12 1 1 3 10 12 1 1 1 1 1 1 1 1 1 1 1 1 1 1 1 1 1 1 1 1 1 100 1 1 100 1 100 1 100 1 1 1 1 1 1
ciInstanceKlass com/sun/javafx/sg/prism/NGRegion 1 1 1105 10 7 12 1 1 1 9 7 12 1 1 1 9 7 12 1 1 9 7 12 1 1 9 12 1 9 7 12 1 1 9 12 1 9 12 1 1 9 12 1 9 12 1 7 1 4 9 12 1 1 9 12 1 9 12 1 9 12 1 10 7 12 1 1 1 11 7 12 1 1 1 7 1 7 1 10 7 12 1 1 1 7 1 9 12 1 1 10 12 1 1 9 12 1 1 10 12 1 9 12 1 1 10 12 1 9 12 1 9 12 1 10 12 1 1 10 12 1 1 10 12 1 1 10 12 1 9 12 1 1 10 12 1 1 11 7 12 1 1 1 7 1 10 12 1 1 7 1 10 12 1 9 12 1 1 9 7 12 1 1 11 12 1 11 12 1 1 7 1 10 12 1 1 7 1 10 12 1 1 10 12 1 10 12 1 10 12 1 7 1 7 1 10 9 12 1 10 10 12 1 10 11 7 12 1 1 1 9 12 1 1 10 7 12 1 1 100 1 10 12 1 1 11 100 12 1 1 10 12 1 11 12 1 1 10 12 1 10 12 1 1 10 12 1 10 100 1 10 100 12 1 1 1 10 12 1 10 12 1 1 10 7 12 1 1 1 10 12 1 1 9 7 12 1 1 1 10 12 1 10 10 11 12 1 1 10 7 12 1 1 10 12 1 9 12 1 10 12 1 1 100 1 10 9 12 1 1 100 1 9 12 1 1 10 12 1 10 12 1 1 10 12 1 10 12 1 10 12 1 10 12 1 10 12 1 10 12 1 10 12 1 10 12 1 1 10 7 12 1 1 1 10 12 1 1 10 7 12 1 1 1 10 12 1 10 12 1 100 1 10 12 1 1 10 12 1 1 10 12 1 1 9 12 1 1 10 7 12 1 1 1 10 12 1 1 10 11 12 1 1 9 12 1 10 12 1 9 12 1 10 12 1 11 12 1 1 10 12 1 9 7 12 1 1 8 1 10 12 1 1 10 12 1 10 12 1 11 12 1 1 8 1 6 0 10 12 1 1 10 12 1 11 12 1 1 8 1 10 12 1 1 18 12 1 1 10 12 1 10 12 1 11 12 1 1 10 11 12 1 10 12 1 100 1 10 12 1 1 10 12 1 1 11 100 12 1 1 1 100 1 10 12 1 1 10 100 12 1 1 100 1 10 12 1 10 12 10 12 10 12 1 10 12 1 10 12 1 10 12 1 1 10 12 1 1 10 12 1 1 8 1 10 12 1 1 10 100 12 1 10 12 10 12 1 1 9 100 12 1 1 1 11 100 12 1 1 1 11 100 12 1 1 10 12 1 10 10 12 1 10 10 12 1 10 12 10 12 1 1 10 12 1 1 10 100 12 1 1 1 9 100 12 1 1 1 10 12 1 10 12 1 10 12 1 9 12 1 10 12 1 10 12 1 10 12 1 1 10 12 1 10 12 1 1 4 11 12 1 1 11 12 1 11 12 1 1 8 1 10 12 1 1 10 12 1 10 7 12 1 1 10 7 12 1 1 10 12 1 10 12 1 6 0 10 12 1 11 12 1 1 11 12 1 1 8 1 18 10 12 1 1 10 10 100 12 1 1 10 12 1 1 10 12 1 10 12 1 10 12 1 10 12 1 10 12 1 10 7 12 1 1 10 10 12 1 10 10 12 1 10 10 12 1 10 10 12 1 1 10 12 1 10 12 1 10 12 1 10 7 12 1 1 1 9 7 12 1 1 1 9 12 1 10 12 1 10 12 1 9 12 1 1 6 0 6 0 11 12 1 11 12 1 9 12 1 10 12 1 1 11 12 1 1 11 12 1 10 12 1 1 10 12 1 6 0 10 12 1 10 12 1 10 12 1 10 12 1 10 12 1 100 1 10 10 12 1 10 10 10 12 1 10 12 1 10 12 1 1 10 12 1 1 9 100 12 1 1 1 10 12 1 10 12 1 10 12 10 12 1 10 12 1 10 12 1 10 12 1 1 9 7 12 1 1 1 7 1 9 12 1 10 12 1 1 9 7 12 1 1 1 9 12 1 9 100 12 1 1 1 10 12 1 8 1 10 12 1 10 12 1 10 12 1 10 12 1 9 12 1 9 12 1 6 0 6 0 100 1 10 12 1 10 12 1 10 12 1 10 12 1 9 7 12 1 1 1 9 12 1 10 7 12 1 1 1 10 12 1 10 12 1 10 10 12 1 1 10 12 1 4 10 12 1 1 9 12 1 1 10 7 12 1 1 10 12 1 10 12 1 10 12 1 1 9 12 1 10 9 100 12 1 1 1 9 12 1 9 12 1 9 12 1 10 12 1 1 9 12 1 9 12 1 10 7 12 1 1 10 10 10 7 1 10 12 1 1 1 1 1 3 1 3 1 1 1 1 1 1 1 1 1 1 1 1 1 1 1 100 1 1 1 100 1 1 1 1 1 1 100 1 100 1 1 1 1 1 1 1 1 1 1 8 1 8 1 15 10 100 12 1 1 1 1 100 1 1 1 1 1 100 1 100 1 1
staticfield com/sun/javafx/sg/prism/NGRegion SCRATCH_AFFINE Lcom/sun/javafx/geom/transform/Affine2D; com/sun/javafx/geom/transform/Affine2D
staticfield com/sun/javafx/sg/prism/NGRegion TEMP_RECT Lcom/sun/javafx/geom/Rectangle; com/sun/javafx/geom/Rectangle
staticfield com/sun/javafx/sg/prism/NGRegion nopEffect Lcom/sun/scenario/effect/Offset; com/sun/scenario/effect/Offset
staticfield com/sun/javafx/sg/prism/NGRegion $assertionsDisabled Z 1
ciInstanceKlass javafx/scene/Node$1 1 1 252 10 7 12 1 1 1 9 7 12 1 1 1 10 12 1 1 10 12 1 10 12 1 1 10 12 1 1 10 12 1 10 12 1 1 10 12 1 1 10 12 1 10 12 1 10 12 1 10 12 1 1 10 12 1 1 10 12 1 10 12 1 10 12 1 1 10 12 1 1 10 12 1 10 12 1 1 10 12 1 1 10 12 1 1 10 12 1 10 12 1 10 12 1 10 12 1 10 12 1 1 10 12 1 10 12 1 10 12 1 1 9 12 1 1 10 12 1 1 10 12 1 9 12 1 1 10 12 1 1 10 12 1 10 12 1 1 10 12 1 10 12 1 1 10 12 1 1 10 12 1 9 12 1 1 9 7 12 1 1 1 100 1 10 10 12 1 1 10 12 1 1 10 12 1 1 10 12 1 1 10 12 1 1 10 12 1 1 100 1 100 1 1 1 1 1 1 1 1 1 1 1 1 1 1 1 1 1 1 1 1 1 1 1 1 1 1 1 1 1 1 1 1 1 1 1 1 1 1 1 1 100 1 1 1 1 100 1 1 1 1 1 1 1 1 1 1 1 1 100 1 1
ciInstanceKlass javafx/scene/CacheHint 1 1 63 7 1 9 12 1 1 9 12 1 9 12 1 9 12 1 9 12 1 9 12 1 9 12 1 1 10 100 12 1 1 10 7 12 1 1 1 10 12 1 1 8 10 8 8 8 8 8 10 12 1 1 1 1 1 1 1 1 1 1 1 1 1
staticfield javafx/scene/CacheHint DEFAULT Ljavafx/scene/CacheHint; javafx/scene/CacheHint
staticfield javafx/scene/CacheHint SPEED Ljavafx/scene/CacheHint; javafx/scene/CacheHint
staticfield javafx/scene/CacheHint QUALITY Ljavafx/scene/CacheHint; javafx/scene/CacheHint
staticfield javafx/scene/CacheHint SCALE Ljavafx/scene/CacheHint; javafx/scene/CacheHint
staticfield javafx/scene/CacheHint ROTATE Ljavafx/scene/CacheHint; javafx/scene/CacheHint
staticfield javafx/scene/CacheHint SCALE_AND_ROTATE Ljavafx/scene/CacheHint; javafx/scene/CacheHint
staticfield javafx/scene/CacheHint $VALUES [Ljavafx/scene/CacheHint; 6 [Ljavafx/scene/CacheHint;
instanceKlass javafx/scene/control/PopupControl$CSSBridgeHelper
ciInstanceKlass com/sun/javafx/scene/layout/PaneHelper 1 1 52 10 7 12 1 1 1 9 7 12 1 1 1 10 12 1 1 10 12 1 1 9 12 1 1 100 1 10 10 7 1 10 7 12 1 1 1 1 1 1 1 1 1 1 1 1 1 1 100 1 1 1
staticfield com/sun/javafx/scene/layout/PaneHelper theInstance Lcom/sun/javafx/scene/layout/PaneHelper; com/sun/javafx/scene/layout/PaneHelper
ciInstanceKlass com/sun/javafx/scene/DirtyBits 1 1 211 7 1 9 12 1 1 9 12 1 9 12 1 9 12 1 9 12 1 9 12 1 9 12 1 9 12 1 9 12 1 9 12 1 9 12 1 9 12 1 9 12 1 9 12 1 9 12 1 9 12 1 9 12 1 9 12 1 9 12 1 9 12 1 9 12 1 9 12 1 9 12 1 9 12 1 9 12 1 9 12 1 9 12 1 9 12 1 9 12 1 9 12 1 9 12 1 9 12 1 9 12 1 9 12 1 9 12 1 9 12 1 9 12 1 9 12 1 9 12 1 9 12 1 9 12 1 9 12 1 9 12 1 9 12 1 1 10 7 12 1 1 10 7 12 1 1 1 10 12 1 1 8 10 8 8 8 8 8 8 8 8 8 8 8 8 8 8 8 8 8 8 8 8 8 8 8 8 8 8 8 8 8 8 8 8 8 8 8 8 8 8 8 8 8 8 10 12 1 1 1 1 1 1 1 1 1 1 1 1 1
staticfield com/sun/javafx/scene/DirtyBits NODE_CACHE Lcom/sun/javafx/scene/DirtyBits; com/sun/javafx/scene/DirtyBits
staticfield com/sun/javafx/scene/DirtyBits NODE_CLIP Lcom/sun/javafx/scene/DirtyBits; com/sun/javafx/scene/DirtyBits
staticfield com/sun/javafx/scene/DirtyBits NODE_EFFECT Lcom/sun/javafx/scene/DirtyBits; com/sun/javafx/scene/DirtyBits
staticfield com/sun/javafx/scene/DirtyBits NODE_OPACITY Lcom/sun/javafx/scene/DirtyBits; com/sun/javafx/scene/DirtyBits
staticfield com/sun/javafx/scene/DirtyBits NODE_TRANSFORM Lcom/sun/javafx/scene/DirtyBits; com/sun/javafx/scene/DirtyBits
staticfield com/sun/javafx/scene/DirtyBits NODE_BOUNDS Lcom/sun/javafx/scene/DirtyBits; com/sun/javafx/scene/DirtyBits
staticfield com/sun/javafx/scene/DirtyBits NODE_TRANSFORMED_BOUNDS Lcom/sun/javafx/scene/DirtyBits; com/sun/javafx/scene/DirtyBits
staticfield com/sun/javafx/scene/DirtyBits NODE_VISIBLE Lcom/sun/javafx/scene/DirtyBits; com/sun/javafx/scene/DirtyBits
staticfield com/sun/javafx/scene/DirtyBits NODE_DEPTH_TEST Lcom/sun/javafx/scene/DirtyBits; com/sun/javafx/scene/DirtyBits
staticfield com/sun/javafx/scene/DirtyBits NODE_BLENDMODE Lcom/sun/javafx/scene/DirtyBits; com/sun/javafx/scene/DirtyBits
staticfield com/sun/javafx/scene/DirtyBits NODE_CSS Lcom/sun/javafx/scene/DirtyBits; com/sun/javafx/scene/DirtyBits
staticfield com/sun/javafx/scene/DirtyBits NODE_FORCE_SYNC Lcom/sun/javafx/scene/DirtyBits; com/sun/javafx/scene/DirtyBits
staticfield com/sun/javafx/scene/DirtyBits NODE_VIEW_ORDER Lcom/sun/javafx/scene/DirtyBits; com/sun/javafx/scene/DirtyBits
staticfield com/sun/javafx/scene/DirtyBits NODE_GEOMETRY Lcom/sun/javafx/scene/DirtyBits; com/sun/javafx/scene/DirtyBits
staticfield com/sun/javafx/scene/DirtyBits NODE_CULLFACE Lcom/sun/javafx/scene/DirtyBits; com/sun/javafx/scene/DirtyBits
staticfield com/sun/javafx/scene/DirtyBits NODE_DRAWMODE Lcom/sun/javafx/scene/DirtyBits; com/sun/javafx/scene/DirtyBits
staticfield com/sun/javafx/scene/DirtyBits NODE_SMOOTH Lcom/sun/javafx/scene/DirtyBits; com/sun/javafx/scene/DirtyBits
staticfield com/sun/javafx/scene/DirtyBits NODE_VIEWPORT Lcom/sun/javafx/scene/DirtyBits; com/sun/javafx/scene/DirtyBits
staticfield com/sun/javafx/scene/DirtyBits NODE_CONTENTS Lcom/sun/javafx/scene/DirtyBits; com/sun/javafx/scene/DirtyBits
staticfield com/sun/javafx/scene/DirtyBits PARENT_CHILDREN Lcom/sun/javafx/scene/DirtyBits; com/sun/javafx/scene/DirtyBits
staticfield com/sun/javafx/scene/DirtyBits PARENT_CHILDREN_VIEW_ORDER Lcom/sun/javafx/scene/DirtyBits; com/sun/javafx/scene/DirtyBits
staticfield com/sun/javafx/scene/DirtyBits SHAPE_FILL Lcom/sun/javafx/scene/DirtyBits; com/sun/javafx/scene/DirtyBits
staticfield com/sun/javafx/scene/DirtyBits SHAPE_FILLRULE Lcom/sun/javafx/scene/DirtyBits; com/sun/javafx/scene/DirtyBits
staticfield com/sun/javafx/scene/DirtyBits SHAPE_MODE Lcom/sun/javafx/scene/DirtyBits; com/sun/javafx/scene/DirtyBits
staticfield com/sun/javafx/scene/DirtyBits SHAPE_STROKE Lcom/sun/javafx/scene/DirtyBits; com/sun/javafx/scene/DirtyBits
staticfield com/sun/javafx/scene/DirtyBits SHAPE_STROKEATTRS Lcom/sun/javafx/scene/DirtyBits; com/sun/javafx/scene/DirtyBits
staticfield com/sun/javafx/scene/DirtyBits REGION_SHAPE Lcom/sun/javafx/scene/DirtyBits; com/sun/javafx/scene/DirtyBits
staticfield com/sun/javafx/scene/DirtyBits TEXT_ATTRS Lcom/sun/javafx/scene/DirtyBits; com/sun/javafx/scene/DirtyBits
staticfield com/sun/javafx/scene/DirtyBits TEXT_FONT Lcom/sun/javafx/scene/DirtyBits; com/sun/javafx/scene/DirtyBits
staticfield com/sun/javafx/scene/DirtyBits TEXT_SELECTION Lcom/sun/javafx/scene/DirtyBits; com/sun/javafx/scene/DirtyBits
staticfield com/sun/javafx/scene/DirtyBits TEXT_HELPER Lcom/sun/javafx/scene/DirtyBits; com/sun/javafx/scene/DirtyBits
staticfield com/sun/javafx/scene/DirtyBits MEDIAVIEW_MEDIA Lcom/sun/javafx/scene/DirtyBits; com/sun/javafx/scene/DirtyBits
staticfield com/sun/javafx/scene/DirtyBits WEBVIEW_VIEW Lcom/sun/javafx/scene/DirtyBits; com/sun/javafx/scene/DirtyBits
staticfield com/sun/javafx/scene/DirtyBits EFFECT_EFFECT Lcom/sun/javafx/scene/DirtyBits; com/sun/javafx/scene/DirtyBits
staticfield com/sun/javafx/scene/DirtyBits NODE_CAMERA Lcom/sun/javafx/scene/DirtyBits; com/sun/javafx/scene/DirtyBits
staticfield com/sun/javafx/scene/DirtyBits NODE_CAMERA_TRANSFORM Lcom/sun/javafx/scene/DirtyBits; com/sun/javafx/scene/DirtyBits
staticfield com/sun/javafx/scene/DirtyBits NODE_LIGHT Lcom/sun/javafx/scene/DirtyBits; com/sun/javafx/scene/DirtyBits
staticfield com/sun/javafx/scene/DirtyBits NODE_LIGHT_SCOPE Lcom/sun/javafx/scene/DirtyBits; com/sun/javafx/scene/DirtyBits
staticfield com/sun/javafx/scene/DirtyBits NODE_LIGHT_TRANSFORM Lcom/sun/javafx/scene/DirtyBits; com/sun/javafx/scene/DirtyBits
staticfield com/sun/javafx/scene/DirtyBits MATERIAL Lcom/sun/javafx/scene/DirtyBits; com/sun/javafx/scene/DirtyBits
staticfield com/sun/javafx/scene/DirtyBits MESH Lcom/sun/javafx/scene/DirtyBits; com/sun/javafx/scene/DirtyBits
staticfield com/sun/javafx/scene/DirtyBits MESH_GEOM Lcom/sun/javafx/scene/DirtyBits; com/sun/javafx/scene/DirtyBits
staticfield com/sun/javafx/scene/DirtyBits DEBUG Lcom/sun/javafx/scene/DirtyBits; com/sun/javafx/scene/DirtyBits
staticfield com/sun/javafx/scene/DirtyBits $VALUES [Lcom/sun/javafx/scene/DirtyBits; 43 [Lcom/sun/javafx/scene/DirtyBits;
ciInstanceKlass javafx/scene/effect/BlendMode 1 1 107 7 1 9 12 1 1 9 12 1 9 12 1 9 12 1 9 12 1 9 12 1 9 12 1 9 12 1 9 12 1 9 12 1 9 12 1 9 12 1 9 12 1 9 12 1 9 12 1 9 12 1 9 12 1 9 12 1 1 10 100 12 1 1 10 7 12 1 1 1 10 12 1 1 8 10 8 8 8 8 8 8 8 8 8 8 8 8 8 8 8 8 10 12 1 1 1 1 1 1 1 1 1 1 1 1 1
staticfield javafx/scene/effect/BlendMode SRC_OVER Ljavafx/scene/effect/BlendMode; javafx/scene/effect/BlendMode
staticfield javafx/scene/effect/BlendMode SRC_ATOP Ljavafx/scene/effect/BlendMode; javafx/scene/effect/BlendMode
staticfield javafx/scene/effect/BlendMode ADD Ljavafx/scene/effect/BlendMode; javafx/scene/effect/BlendMode
staticfield javafx/scene/effect/BlendMode MULTIPLY Ljavafx/scene/effect/BlendMode; javafx/scene/effect/BlendMode
staticfield javafx/scene/effect/BlendMode SCREEN Ljavafx/scene/effect/BlendMode; javafx/scene/effect/BlendMode
staticfield javafx/scene/effect/BlendMode OVERLAY Ljavafx/scene/effect/BlendMode; javafx/scene/effect/BlendMode
staticfield javafx/scene/effect/BlendMode DARKEN Ljavafx/scene/effect/BlendMode; javafx/scene/effect/BlendMode
staticfield javafx/scene/effect/BlendMode LIGHTEN Ljavafx/scene/effect/BlendMode; javafx/scene/effect/BlendMode
staticfield javafx/scene/effect/BlendMode COLOR_DODGE Ljavafx/scene/effect/BlendMode; javafx/scene/effect/BlendMode
staticfield javafx/scene/effect/BlendMode COLOR_BURN Ljavafx/scene/effect/BlendMode; javafx/scene/effect/BlendMode
staticfield javafx/scene/effect/BlendMode HARD_LIGHT Ljavafx/scene/effect/BlendMode; javafx/scene/effect/BlendMode
staticfield javafx/scene/effect/BlendMode SOFT_LIGHT Ljavafx/scene/effect/BlendMode; javafx/scene/effect/BlendMode
staticfield javafx/scene/effect/BlendMode DIFFERENCE Ljavafx/scene/effect/BlendMode; javafx/scene/effect/BlendMode
staticfield javafx/scene/effect/BlendMode EXCLUSION Ljavafx/scene/effect/BlendMode; javafx/scene/effect/BlendMode
staticfield javafx/scene/effect/BlendMode RED Ljavafx/scene/effect/BlendMode; javafx/scene/effect/BlendMode
staticfield javafx/scene/effect/BlendMode GREEN Ljavafx/scene/effect/BlendMode; javafx/scene/effect/BlendMode
staticfield javafx/scene/effect/BlendMode BLUE Ljavafx/scene/effect/BlendMode; javafx/scene/effect/BlendMode
staticfield javafx/scene/effect/BlendMode $VALUES [Ljavafx/scene/effect/BlendMode; 17 [Ljavafx/scene/effect/BlendMode;
ciInstanceKlass javafx/scene/Node$MiscProperties 1 1 253 7 1 9 7 12 1 1 1 10 7 12 1 1 1 9 12 1 1 10 100 12 1 1 1 100 1 10 12 1 10 12 1 1 10 100 12 1 1 100 1 9 12 1 1 7 1 10 12 1 10 7 12 1 1 10 12 1 9 12 1 7 1 10 9 12 1 1 10 7 12 1 1 7 1 10 12 1 9 12 1 1 9 12 1 1 10 7 1 100 1 100 1 10 12 1 9 12 1 9 12 1 7 1 10 12 1 9 12 1 9 12 1 1 7 1 7 1 10 12 1 9 12 1 9 12 1 1 100 1 100 1 10 12 1 9 12 1 100 1 10 9 12 1 9 12 1 1 100 1 7 1 10 12 1 9 12 1 9 12 1 1 7 1 7 1 8 10 12 1 9 12 1 7 1 8 10 12 1 10 12 1 1 1 1 1 1 1 1 1 1 1 1 1 1 1 1 1 1 1 1 1 1 1 1 1 1 1 1 1 1 1 1 1 1 1 1 1 1 1 1 1 1 1 1 1 1 1 1 1 1 1 1 1 1 1 1 1 1 1 1 1 1 1 1 1 1 100 1 1 100 1 1
ciInstanceKlass com/sun/javafx/sg/prism/NGImageView 1 1 197 7 1 10 7 12 1 1 1 9 12 1 1 9 12 1 9 12 1 1 9 12 1 1 9 12 1 1 10 12 1 7 1 10 12 1 9 12 1 9 12 1 1 9 12 1 10 12 1 9 12 1 1 10 7 12 1 1 1 10 12 1 10 12 1 1 10 12 1 1 10 12 1 1 10 12 1 10 12 1 1 11 7 12 1 1 11 7 12 1 1 1 10 12 1 1 9 7 12 1 1 1 11 12 1 1 9 12 1 9 12 1 11 12 1 1 10 7 12 1 1 1 11 7 12 1 1 9 12 1 1 7 1 10 12 1 10 12 1 7 1 10 12 1 10 12 1 9 12 1 100 1 10 10 12 1 1 10 12 1 10 7 12 1 1 1 10 7 12 1 1 1 1 1 3 1 1 1 1 1 1 1 1 1 1 1 1 1 1 1 1 1 1 1 1 1 1
staticfield com/sun/javafx/sg/prism/NGImageView $assertionsDisabled Z 1
ciInstanceKlass javafx/scene/control/Labeled$7 1 1 88 9 7 12 1 1 1 10 7 12 1 1 1 9 12 1 1 10 12 1 1 100 1 10 12 1 1 7 1 10 12 1 1 10 12 1 10 7 12 1 1 1 10 12 1 1 9 7 12 1 1 1 8 1 10 12 1 10 12 1 1 1 1 1 1 100 1 1 1 1 1 1 1 1 1 1 1 1 1 1 7 1 12 1 1 1 1 1
ciInstanceKlass javafx/scene/control/Labeled$15 1 1 45 9 7 12 1 1 1 10 7 12 1 1 1 9 7 12 1 1 1 8 1 1 1 1 1 1 1 1 1 1 1 1 1 1 1 1 1 7 1 12 1 1 1 1 1
ciInstanceKlass javafx/scene/shape/Path 1 1 312 10 7 12 1 1 1 9 7 12 1 1 1 10 7 12 1 1 1 10 12 1 1 7 1 11 12 1 1 10 12 1 9 7 12 1 1 1 7 1 10 12 9 12 1 1 11 7 12 1 1 1 11 12 1 9 7 12 1 1 1 10 7 12 1 1 1 10 12 1 1 9 12 1 1 9 7 12 1 1 1 10 12 1 10 100 12 1 1 1 10 12 1 1 100 1 10 12 1 7 1 10 9 12 1 1 10 12 1 1 10 12 1 1 9 12 1 10 7 12 1 1 1 7 1 10 12 1 1 10 100 1 6 0 10 12 1 11 12 1 1 11 12 1 7 1 10 12 1 1 9 100 12 1 1 1 8 1 100 1 10 100 12 1 1 1 7 1 8 1 10 12 1 1 10 12 1 1 10 12 1 10 7 12 1 1 10 12 1 1 10 12 1 10 12 1 1 11 12 1 1 11 100 12 1 1 11 12 1 10 12 1 1 10 12 1 100 1 8 1 10 12 1 10 12 1 1 8 1 10 12 1 1 8 1 8 1 10 12 1 8 1 10 12 1 1 8 1 10 12 1 8 1 8 1 10 12 1 1 10 12 1 8 1 10 12 1 7 1 10 10 12 1 1 1 1 1 1 1 1 1 100 1 1 100 1 1 1 1 1 1 1 1 1 1 1 1 1 1 1 100 1 100 1 1 1 1 1 1 100 1 1
ciInstanceKlass com/sun/javafx/sg/prism/NGText 1 1 399 10 7 12 1 1 1 9 7 12 1 1 1 9 12 1 9 12 1 1 9 12 1 1 7 1 9 12 1 10 12 1 9 12 1 1 9 12 1 9 12 1 1 10 7 12 1 1 1 7 1 9 12 1 1 9 12 1 9 12 1 9 12 1 1 9 12 1 9 12 1 100 1 10 7 12 1 1 1 10 12 1 10 12 1 10 12 1 10 12 1 10 12 1 10 12 1 1 10 12 1 1 9 7 12 1 1 1 10 7 12 1 1 1 11 7 12 1 1 1 9 12 1 1 11 12 1 1 11 12 1 11 10 12 1 1 10 12 1 10 12 1 10 7 12 1 1 1 9 12 1 1 10 12 1 100 1 10 10 12 1 11 100 12 1 1 1 9 7 12 1 1 9 12 1 10 12 1 1 11 12 1 1 10 12 1 1 11 12 1 1 100 1 10 9 11 7 12 1 1 9 11 12 1 9 12 1 11 12 1 9 12 1 11 12 1 11 12 1 11 7 12 1 1 1 10 12 1 10 12 1 1 9 12 1 9 12 1 9 12 1 1 10 100 12 1 1 9 12 1 7 1 10 10 12 1 1 11 12 1 1 100 1 10 12 1 1 10 12 1 9 12 1 11 12 1 1 9 12 1 11 12 1 9 12 1 9 12 1 10 12 1 1 9 12 1 9 12 9 12 1 1 11 12 1 1 11 12 1 1 10 7 12 1 1 1 11 12 1 1 10 12 1 1 10 10 12 1 10 10 10 12 1 10 12 1 1 10 12 1 11 12 1 1 11 12 1 1 11 12 1 10 12 1 10 12 1 1 11 12 1 1 11 12 1 9 12 1 6 0 1 1 1 1 1 1 1 1 1 1 1 1 1 1 1 1 1 1 1 1 100 1 1 1 1 1 1 1 1
staticfield com/sun/javafx/sg/prism/NGText IDENT Lcom/sun/javafx/geom/transform/BaseTransform; com/sun/javafx/geom/transform/Identity
ciInstanceKlass javafx/scene/effect/DropShadow 1 1 372 10 7 12 1 1 1 10 7 12 1 1 1 10 12 1 1 10 12 1 10 12 1 10 12 1 1 10 12 1 7 1 10 10 12 1 1 10 7 12 1 1 1 9 12 1 1 10 12 1 1 100 1 8 10 12 1 10 12 1 1 10 12 1 1 10 12 1 1 10 7 12 1 9 12 1 1 6 0 10 12 1 7 1 10 12 1 6 0 9 12 1 10 12 1 1 9 12 1 10 12 1 10 12 1 10 12 1 10 12 1 10 12 1 6 0 7 1 10 10 12 1 10 12 1 7 1 10 10 12 1 9 12 1 9 7 12 1 1 1 7 1 10 12 1 10 12 1 9 12 1 7 1 10 12 1 10 12 1 9 12 1 9 7 12 1 1 1 7 1 10 12 1 10 12 1 9 12 1 7 1 10 10 12 1 9 12 1 7 1 10 6 0 10 7 12 1 1 1 10 12 1 10 12 1 1 10 12 1 1 10 12 1 10 12 1 1 10 10 12 1 1 10 12 1 10 12 1 1 10 12 1 1 10 12 1 10 12 1 10 12 1 10 12 10 7 12 1 1 1 10 12 1 10 12 1 1 10 12 1 1 10 12 1 10 12 1 1 10 12 1 10 12 1 10 12 1 10 12 1 10 12 9 7 12 1 1 1 10 12 1 1 10 7 12 1 1 10 12 1 10 12 1 10 12 1 10 12 1 10 12 1 10 12 1 1 10 12 1 1 10 12 1 1 10 12 1 1 10 12 1 10 12 1 1 10 12 1 1 1 1 1 1 1 1 1 1 1 1 1 1 1 1 1 1 1 1 100 1 1 1 1 1 1 1 1 1 100 1 100 1 1
instanceKlass javafx/scene/control/skin/VirtualFlow$5
instanceKlass javafx/beans/property/ReadOnlyIntegerWrapper
ciInstanceKlass javafx/beans/property/SimpleIntegerProperty 1 1 47 9 7 12 1 1 1 9 12 1 1 9 12 1 8 1 10 12 1 1 10 12 1 10 7 12 1 1 10 12 1 1 1 1 1 1 1 1 1 1 100 1 100 1 1 1 1
staticfield javafx/beans/property/SimpleIntegerProperty DEFAULT_BEAN Ljava/lang/Object; 
ciInstanceKlass javafx/scene/control/Button 1 1 129 10 7 12 1 1 1 10 7 12 1 1 10 12 1 10 12 1 10 12 1 1 7 1 8 1 11 7 12 1 1 1 9 7 12 1 1 1 10 12 1 1 10 12 1 1 10 12 1 1 10 7 12 1 1 9 12 1 1 10 12 1 1 7 1 10 12 1 10 12 1 9 12 1 7 1 10 10 12 1 7 1 10 10 12 1 1 7 1 10 12 1 8 1 10 7 12 1 1 1 9 12 1 1 8 1 9 12 1 1 1 1 1 1 1 1 1 1 1 1 1 1 1 1 1 1 1 1 1
staticfield javafx/scene/control/Button PSEUDO_CLASS_DEFAULT Ljavafx/css/PseudoClass; com/sun/javafx/css/PseudoClassImpl
staticfield javafx/scene/control/Button PSEUDO_CLASS_CANCEL Ljavafx/css/PseudoClass; com/sun/javafx/css/PseudoClassImpl
ciInstanceKlass com/sun/javafx/sg/prism/NodeEffectInput 1 1 223 9 7 12 1 1 1 10 7 12 1 1 1 10 7 12 1 1 7 1 10 9 12 1 1 9 12 1 1 9 12 1 10 12 1 10 7 12 1 1 1 10 7 12 1 1 1 9 7 12 1 1 1 10 7 12 1 1 1 10 100 12 1 1 1 7 1 10 12 1 1 10 12 1 1 10 12 1 1 10 12 1 1 9 12 1 1 10 12 1 10 12 1 1 10 12 1 9 12 1 9 12 1 10 12 1 1 10 12 1 1 10 12 1 10 12 1 10 12 1 9 100 12 1 1 1 10 12 1 11 7 12 1 1 11 12 1 1 10 12 1 1 11 12 1 9 12 1 10 12 1 1 10 12 1 10 12 1 10 12 1 10 12 1 1 9 12 1 1 9 12 1 10 12 1 1 7 1 10 12 1 9 12 1 9 12 1 11 12 1 1 10 12 10 12 1 10 12 1 1 1 1 1 1 1 1 1 1 1 1 1 1 1 1 1 1 1 1 1 1 1 1 1
ciInstanceKlass com/sun/javafx/geom/Rectangle 1 1 140 10 7 12 1 1 1 10 7 12 1 1 10 12 1 1 9 12 1 1 9 12 1 9 12 1 9 12 1 10 12 10 12 1 10 7 12 1 1 1 10 7 12 1 1 1 10 12 1 10 12 1 10 12 1 10 12 1 10 12 1 1 10 12 1 10 12 1 100 1 5 0 3 3 100 1 10 12 1 5 0 10 12 1 1 10 100 12 1 1 1 10 12 1 1 10 100 12 1 1 1 18 12 1 1 1 1 1 1 1 1 1 1 1 1 1 1 1 1 1 1 1 1 1 1 1 8 1 15 10 100 12 1 1 1 100 1 100 1 1
ciInstanceKlass com/sun/javafx/sg/prism/NGNode$DirtyFlag 1 1 56 7 1 9 12 1 1 9 12 1 9 12 1 9 12 1 1 10 100 12 1 1 10 7 12 1 1 1 10 12 1 1 8 10 8 8 10 12 1 1 1 1 1 1 1 1 1 1 1 1 1 1 100 1 1 1
staticfield com/sun/javafx/sg/prism/NGNode$DirtyFlag CLEAN Lcom/sun/javafx/sg/prism/NGNode$DirtyFlag; com/sun/javafx/sg/prism/NGNode$DirtyFlag
staticfield com/sun/javafx/sg/prism/NGNode$DirtyFlag DIRTY_BY_TRANSLATION Lcom/sun/javafx/sg/prism/NGNode$DirtyFlag; com/sun/javafx/sg/prism/NGNode$DirtyFlag
staticfield com/sun/javafx/sg/prism/NGNode$DirtyFlag DIRTY Lcom/sun/javafx/sg/prism/NGNode$DirtyFlag; com/sun/javafx/sg/prism/NGNode$DirtyFlag
staticfield com/sun/javafx/sg/prism/NGNode$DirtyFlag $VALUES [Lcom/sun/javafx/sg/prism/NGNode$DirtyFlag; 3 [Lcom/sun/javafx/sg/prism/NGNode$DirtyFlag;
ciInstanceKlass com/sun/scenario/effect/Blend$Mode 1 1 120 7 1 9 12 1 1 9 12 1 9 12 1 9 12 1 9 12 1 9 12 1 9 12 1 9 12 1 9 12 1 9 12 1 9 12 1 9 12 1 9 12 1 9 12 1 9 12 1 9 12 1 9 12 1 9 12 1 9 12 1 9 12 1 1 10 100 12 1 1 10 7 12 1 1 1 10 12 1 1 8 10 8 8 8 8 8 8 8 8 8 8 8 8 8 8 8 8 8 8 10 12 1 1 1 1 1 1 1 1 1 1 1 1 1 1 100 1 1 1
staticfield com/sun/scenario/effect/Blend$Mode SRC_OVER Lcom/sun/scenario/effect/Blend$Mode; com/sun/scenario/effect/Blend$Mode
staticfield com/sun/scenario/effect/Blend$Mode SRC_IN Lcom/sun/scenario/effect/Blend$Mode; com/sun/scenario/effect/Blend$Mode
staticfield com/sun/scenario/effect/Blend$Mode SRC_OUT Lcom/sun/scenario/effect/Blend$Mode; com/sun/scenario/effect/Blend$Mode
staticfield com/sun/scenario/effect/Blend$Mode SRC_ATOP Lcom/sun/scenario/effect/Blend$Mode; com/sun/scenario/effect/Blend$Mode
staticfield com/sun/scenario/effect/Blend$Mode ADD Lcom/sun/scenario/effect/Blend$Mode; com/sun/scenario/effect/Blend$Mode
staticfield com/sun/scenario/effect/Blend$Mode MULTIPLY Lcom/sun/scenario/effect/Blend$Mode; com/sun/scenario/effect/Blend$Mode
staticfield com/sun/scenario/effect/Blend$Mode SCREEN Lcom/sun/scenario/effect/Blend$Mode; com/sun/scenario/effect/Blend$Mode
staticfield com/sun/scenario/effect/Blend$Mode OVERLAY Lcom/sun/scenario/effect/Blend$Mode; com/sun/scenario/effect/Blend$Mode
staticfield com/sun/scenario/effect/Blend$Mode DARKEN Lcom/sun/scenario/effect/Blend$Mode; com/sun/scenario/effect/Blend$Mode
staticfield com/sun/scenario/effect/Blend$Mode LIGHTEN Lcom/sun/scenario/effect/Blend$Mode; com/sun/scenario/effect/Blend$Mode
staticfield com/sun/scenario/effect/Blend$Mode COLOR_DODGE Lcom/sun/scenario/effect/Blend$Mode; com/sun/scenario/effect/Blend$Mode
staticfield com/sun/scenario/effect/Blend$Mode COLOR_BURN Lcom/sun/scenario/effect/Blend$Mode; com/sun/scenario/effect/Blend$Mode
staticfield com/sun/scenario/effect/Blend$Mode HARD_LIGHT Lcom/sun/scenario/effect/Blend$Mode; com/sun/scenario/effect/Blend$Mode
staticfield com/sun/scenario/effect/Blend$Mode SOFT_LIGHT Lcom/sun/scenario/effect/Blend$Mode; com/sun/scenario/effect/Blend$Mode
staticfield com/sun/scenario/effect/Blend$Mode DIFFERENCE Lcom/sun/scenario/effect/Blend$Mode; com/sun/scenario/effect/Blend$Mode
staticfield com/sun/scenario/effect/Blend$Mode EXCLUSION Lcom/sun/scenario/effect/Blend$Mode; com/sun/scenario/effect/Blend$Mode
staticfield com/sun/scenario/effect/Blend$Mode RED Lcom/sun/scenario/effect/Blend$Mode; com/sun/scenario/effect/Blend$Mode
staticfield com/sun/scenario/effect/Blend$Mode GREEN Lcom/sun/scenario/effect/Blend$Mode; com/sun/scenario/effect/Blend$Mode
staticfield com/sun/scenario/effect/Blend$Mode BLUE Lcom/sun/scenario/effect/Blend$Mode; com/sun/scenario/effect/Blend$Mode
staticfield com/sun/scenario/effect/Blend$Mode $VALUES [Lcom/sun/scenario/effect/Blend$Mode; 19 [Lcom/sun/scenario/effect/Blend$Mode;
instanceKlass com/sun/javafx/sg/prism/NGDefaultCamera
ciInstanceKlass com/sun/javafx/sg/prism/NGParallelCamera 1 1 35 10 7 12 1 1 1 9 100 12 1 1 1 9 12 1 1 9 12 1 9 12 1 10 100 12 1 1 1 1 1 1 1 1 1
ciInstanceKlass com/sun/javafx/scene/ParallelCameraHelper 1 1 57 10 7 12 1 1 1 9 7 12 1 1 1 10 12 1 1 10 12 1 1 9 12 1 1 11 7 12 1 1 1 100 1 10 10 7 1 10 7 12 1 1 1 1 1 1 1 1 1 1 1 1 1 1 1 1 1
staticfield com/sun/javafx/scene/ParallelCameraHelper theInstance Lcom/sun/javafx/scene/ParallelCameraHelper; com/sun/javafx/scene/ParallelCameraHelper
ciInstanceKlass javafx/scene/shape/Rectangle 1 1 322 100 1 10 7 12 1 1 1 7 1 10 9 7 12 1 1 1 10 7 12 1 1 1 7 1 10 12 9 12 1 1 7 1 10 9 12 1 10 12 1 1 10 12 1 10 12 1 1 10 12 1 10 12 1 10 12 1 9 12 1 10 12 1 1 10 7 12 1 1 10 12 1 1 100 1 10 9 12 1 10 12 1 7 1 10 9 12 1 10 12 1 100 1 10 9 12 1 10 12 1 100 1 10 7 1 10 9 7 12 1 1 1 10 12 1 1 10 12 1 10 12 1 9 100 12 1 1 1 10 12 1 1 9 7 12 1 1 1 10 100 12 1 1 1 10 12 1 1 10 100 12 1 1 1 10 12 1 1 9 12 1 10 12 1 1 9 100 12 1 1 1 10 12 1 9 12 1 6 0 10 12 1 10 12 1 10 12 1 10 12 1 10 12 1 1 10 12 1 1 9 7 12 1 1 1 10 7 12 1 1 1 10 12 1 1 10 12 1 100 1 8 1 10 12 1 10 12 1 1 8 1 10 12 1 1 8 1 8 1 10 12 1 8 1 8 1 8 1 8 1 10 12 1 1 10 12 1 10 12 1 8 1 8 1 8 1 10 12 1 7 1 10 10 12 1 1 1 1 1 3 1 1 1 1 1 1 1 1 1 1 1 1 1 1 1 1 1 1 1 1 1 100 1 100 1 1 1 1 1 100 1 100 1 1 1 100 1 1 100 1 1
ciInstanceKlass javafx/scene/Node$MiscProperties$4 1 1 54 9 7 12 1 1 1 10 7 12 1 1 1 9 7 12 1 1 1 9 7 12 1 1 1 10 7 12 1 1 1 8 1 1 1 1 1 1 1 1 1 1 1 1 1 1 12 1 1 1 100 1 1 1
ciInstanceKlass javafx/scene/Node$MiscProperties$10 1 1 122 9 7 12 1 1 1 10 7 12 1 1 1 9 12 1 1 7 1 10 12 1 9 12 1 1 10 12 1 1 7 1 10 7 12 1 1 1 10 7 12 1 1 1 10 7 12 1 1 1 10 12 1 10 12 1 1 9 7 12 1 1 1 9 7 12 1 1 1 10 7 12 1 1 1 10 12 1 9 12 1 1 9 12 1 10 7 12 1 1 1 9 7 12 1 1 1 8 1 1 1 1 1 1 1 1 1 1 1 1 1 1 1 1 1 12 1 1 1 1 1 1
ciInstanceKlass javafx/scene/Node$MiscProperties$6 1 1 141 9 7 12 1 1 1 10 7 12 1 1 1 10 12 1 1 7 1 10 12 1 1 9 12 1 1 9 7 12 1 1 10 12 1 1 8 1 8 1 10 12 1 10 12 1 1 9 12 1 10 12 1 100 1 10 100 12 1 1 1 9 12 1 1 18 12 1 1 10 12 1 18 10 12 1 1 10 12 1 1 10 12 1 1 10 12 1 1 9 7 12 1 1 1 10 7 12 1 1 1 10 12 1 8 1 1 1 1 1 1 1 1 1 1 1 1 1 1 12 1 1 1 1 8 1 8 1 15 10 100 12 1 1 1 1 100 1 100 1 1
ciInstanceKlass com/sun/javafx/sg/prism/NGPath 1 1 126 10 7 12 1 1 1 7 1 10 9 7 12 1 1 1 10 12 1 10 12 1 9 100 12 1 1 1 10 12 1 1 10 12 1 1 10 12 1 1 9 100 12 1 1 1 9 12 1 10 12 1 10 12 1 1 10 12 1 10 12 1 1 10 12 1 1 100 1 10 12 1 10 12 1 1 10 12 1 10 100 12 1 1 1 10 12 1 1 11 100 12 1 1 10 12 1 1 10 12 1 1 1 1 1 1 1 1 1 1 1 1 1 1 1 1 1 1 1 1 1 1 1 1 1 1
ciInstanceKlass com/sun/javafx/geom/BaseBounds$BoundsType 1 1 52 7 1 9 12 1 1 9 12 1 9 12 1 1 10 100 12 1 1 10 7 12 1 1 1 10 12 1 1 8 10 8 10 12 1 1 1 1 1 1 1 1 1 1 1 1 1 1 100 1 1 1
staticfield com/sun/javafx/geom/BaseBounds$BoundsType RECTANGLE Lcom/sun/javafx/geom/BaseBounds$BoundsType; com/sun/javafx/geom/BaseBounds$BoundsType
staticfield com/sun/javafx/geom/BaseBounds$BoundsType BOX Lcom/sun/javafx/geom/BaseBounds$BoundsType; com/sun/javafx/geom/BaseBounds$BoundsType
staticfield com/sun/javafx/geom/BaseBounds$BoundsType $VALUES [Lcom/sun/javafx/geom/BaseBounds$BoundsType; 2 [Lcom/sun/javafx/geom/BaseBounds$BoundsType;
ciInstanceKlass javafx/beans/binding/Bindings$BooleanAndBinding 1 1 61 10 7 12 1 1 1 9 7 12 1 1 1 9 12 1 7 1 10 12 1 9 12 1 1 11 7 12 1 1 1 11 12 1 11 12 1 1 100 1 10 12 1 1 1 1 1 1 1 1 1 1 1 1 1 1 7 1 1 1 1
ciInstanceKlass javafx/scene/control/skin/TextFieldSkin$5 1 1 80 9 7 12 1 1 1 9 12 1 1 10 7 12 1 1 1 7 1 10 7 12 1 1 1 10 12 1 10 7 12 1 1 1 10 12 1 1 10 12 1 1 10 12 1 10 7 12 1 1 1 10 12 1 1 9 7 12 1 1 1 10 7 12 1 1 1 1 1 1 1 1 1 1 1 1 12 1 1 1
ciInstanceKlass javafx/scene/text/Text$TextAttribute$6$1 1 1 59 9 7 12 1 1 1 10 7 12 1 1 1 7 1 9 7 12 1 1 1 9 7 12 1 1 1 10 7 12 1 1 1 10 12 1 1 10 12 1 1 10 7 12 1 1 1 1 1 1 1 1 1 1 1 1 1 1 1
instanceKlass com/sun/prism/d3d/D3DRTTexture
ciInstanceKlass com/sun/prism/d3d/D3DTexture 1 1 252 10 7 12 1 1 1 7 1 7 1 10 12 1 10 12 1 10 7 12 1 1 10 12 1 10 12 1 9 12 1 1 10 12 1 1 10 12 1 10 12 1 10 7 12 1 1 1 10 12 1 1 11 100 12 1 1 1 9 7 12 1 1 1 100 1 10 100 12 1 1 1 18 12 1 1 10 12 1 11 12 1 1 11 12 1 1 10 10 7 12 1 1 10 12 1 1 9 7 12 1 1 1 10 12 1 10 7 12 1 1 1 11 12 1 1 11 12 1 11 12 1 1 10 12 1 1 10 12 1 10 12 1 1 10 12 1 1 11 12 1 10 12 1 1 10 12 1 10 12 1 10 12 1 10 12 1 10 12 1 10 12 1 10 12 1 9 7 12 1 1 1 10 12 1 1 10 7 1 100 1 10 12 1 1 10 12 1 1 9 12 1 100 1 10 10 12 1 10 12 1 1 10 12 1 1 10 10 12 1 100 1 1 1 1 1 1 1 1 1 1 100 1 100 100 1 100 1 1 1 1 1 1 1 8 1 15 10 100 12 1 1 1 100 1 1 1 100 1 100 1 1
ciInstanceKlass com/sun/prism/d3d/D3DRTTexture 1 1 197 9 7 12 1 1 1 10 7 12 1 1 1 9 7 12 1 1 1 10 12 1 9 12 1 1 7 1 10 12 1 1 7 1 10 12 1 10 12 1 1 10 7 12 1 1 1 10 12 1 1 10 12 1 10 12 1 10 12 1 100 1 8 1 10 12 1 10 12 1 1 10 100 12 1 1 1 10 12 1 1 10 12 1 100 1 10 12 1 10 12 1 1 10 12 1 10 12 1 10 100 12 1 1 1 100 1 10 10 12 1 10 10 12 1 1 10 100 12 1 1 1 18 12 1 1 10 12 1 1 10 12 1 1 100 1 8 1 10 10 12 1 100 1 100 1 100 1 1 1 1 1 1 1 1 1 1 1 1 1 100 1 100 1 1 1 1 1 1 1 1 1 1 1 1 1 1 1 8 1 15 10 100 12 1 1 1 100 1 100 1 1 100 1 100 1 1
ciInstanceKlass com/sun/javafx/geom/transform/BaseTransform$Degree 1 1 64 7 1 9 12 1 1 9 12 1 9 12 1 9 12 1 9 12 1 9 12 1 1 10 7 12 1 1 10 7 12 1 1 1 10 12 1 1 8 10 8 8 8 8 10 12 1 1 1 1 1 1 1 1 1 1 1 1 1 1 100 1 1 1
staticfield com/sun/javafx/geom/transform/BaseTransform$Degree IDENTITY Lcom/sun/javafx/geom/transform/BaseTransform$Degree; com/sun/javafx/geom/transform/BaseTransform$Degree
staticfield com/sun/javafx/geom/transform/BaseTransform$Degree TRANSLATE_2D Lcom/sun/javafx/geom/transform/BaseTransform$Degree; com/sun/javafx/geom/transform/BaseTransform$Degree
staticfield com/sun/javafx/geom/transform/BaseTransform$Degree AFFINE_2D Lcom/sun/javafx/geom/transform/BaseTransform$Degree; com/sun/javafx/geom/transform/BaseTransform$Degree
staticfield com/sun/javafx/geom/transform/BaseTransform$Degree TRANSLATE_3D Lcom/sun/javafx/geom/transform/BaseTransform$Degree; com/sun/javafx/geom/transform/BaseTransform$Degree
staticfield com/sun/javafx/geom/transform/BaseTransform$Degree AFFINE_3D Lcom/sun/javafx/geom/transform/BaseTransform$Degree; com/sun/javafx/geom/transform/BaseTransform$Degree
staticfield com/sun/javafx/geom/transform/BaseTransform$Degree $VALUES [Lcom/sun/javafx/geom/transform/BaseTransform$Degree; 5 [Lcom/sun/javafx/geom/transform/BaseTransform$Degree;
ciInstanceKlass javafx/scene/control/skin/ScrollPaneSkin$5 1 1 42 9 7 12 1 1 1 10 7 12 1 1 1 9 7 12 1 1 1 10 12 1 1 10 12 1 10 12 1 1 1 1 1 1 1 1 1 1 12 1 1 1
ciInstanceKlass javafx/scene/control/skin/ScrollPaneSkin$6 1 1 95 9 7 12 1 1 1 10 7 12 1 1 1 9 7 12 1 1 1 10 12 1 10 12 1 1 7 1 10 10 12 1 1 10 12 1 10 12 1 1 9 12 1 1 10 7 12 1 1 1 9 12 1 1 10 12 1 1 9 12 1 10 12 1 10 12 1 9 12 1 10 12 1 9 12 1 10 12 1 10 12 1 1 1 1 1 1 1 1 1 1 12 1 1 1
ciInstanceKlass javafx/scene/effect/Effect$1 1 1 64 10 7 12 1 1 1 10 7 12 1 1 1 10 12 1 10 12 1 1 10 12 1 1 10 12 1 1 10 12 1 1 10 100 12 1 1 1 100 1 100 1 1 1 1 1 1 1 1 1 1 1 1 1 1 1 100 1 100 1 1 100 1 1
ciInstanceKlass com/sun/scenario/effect/EffectHelper 1 1 70 10 100 12 1 1 1 9 7 12 1 1 1 11 7 12 1 1 1 11 12 1 1 11 12 1 1 11 12 1 1 11 12 1 1 11 12 1 1 11 12 1 1 100 1 10 7 1 10 7 12 1 1 1 1 1 1 1 1 1 1 1 1 1 1 100 1 100 1 1
ciInstanceKlass com/sun/javafx/effect/EffectDirtyBits 1 1 61 7 1 9 12 1 1 9 12 1 9 12 1 1 10 100 12 1 1 10 7 12 1 1 1 10 12 1 1 10 12 1 1 9 12 1 1 10 12 1 8 10 8 10 12 1 1 1 1 1 1 1 1 1 1 1 1 1 1 1 1
staticfield com/sun/javafx/effect/EffectDirtyBits EFFECT_DIRTY Lcom/sun/javafx/effect/EffectDirtyBits; com/sun/javafx/effect/EffectDirtyBits
staticfield com/sun/javafx/effect/EffectDirtyBits BOUNDS_CHANGED Lcom/sun/javafx/effect/EffectDirtyBits; com/sun/javafx/effect/EffectDirtyBits
staticfield com/sun/javafx/effect/EffectDirtyBits $VALUES [Lcom/sun/javafx/effect/EffectDirtyBits; 2 [Lcom/sun/javafx/effect/EffectDirtyBits;
ciInstanceKlass com/sun/javafx/sg/prism/CacheFilter 1 1 656 9 7 12 1 1 1 9 12 1 1 9 12 1 9 7 12 1 1 1 10 12 1 1 9 12 1 9 12 1 10 7 12 1 1 1 9 7 12 1 1 1 9 12 1 10 7 1 10 9 12 1 1 9 12 1 9 12 1 1 9 12 1 1 10 12 1 1 9 12 1 1 9 7 12 1 1 9 12 1 9 12 1 9 12 1 9 12 1 9 12 1 6 0 6 0 9 12 1 9 12 1 10 12 1 1 9 12 1 1 10 7 12 1 1 1 10 12 1 10 12 1 1 10 12 1 9 12 1 9 12 1 10 12 1 1 10 7 1 10 12 1 10 10 12 1 10 10 12 1 10 9 12 1 10 12 1 1 10 12 1 1 10 12 1 1 9 12 1 1 10 12 1 1 10 12 1 9 12 1 1 11 100 12 1 1 10 7 12 1 1 1 11 7 12 1 1 10 12 1 10 12 1 7 1 10 12 1 10 12 1 1 10 12 1 1 10 12 1 1 10 12 1 1 10 12 1 6 0 10 12 1 6 0 6 0 10 12 1 11 7 12 1 1 1 11 12 1 1 10 7 12 1 1 1 10 12 1 1 10 12 1 1 11 12 1 11 12 1 1 11 12 1 10 12 1 1 9 7 12 1 1 8 1 10 12 1 1 10 12 1 1 10 12 1 10 12 1 1 10 12 1 1 10 12 1 1 10 12 1 1 10 12 1 1 9 12 1 9 12 1 9 12 1 9 12 1 10 12 1 1 10 12 1 8 1 10 12 1 1 10 12 1 10 12 1 10 12 1 1 10 7 12 1 1 1 7 1 10 12 1 1 11 7 12 1 1 7 1 10 12 1 10 12 1 1 9 12 1 1 10 7 12 1 1 10 12 1 10 12 1 9 12 1 1 9 12 1 1 10 7 12 1 1 1 10 7 12 1 1 1 7 1 10 10 7 12 1 1 1 11 12 1 1 11 12 1 1 11 12 1 1 11 12 1 10 12 1 1 10 12 1 1 10 12 1 1 10 12 1 10 12 1 11 11 12 1 11 12 1 1 100 1 10 12 1 1 11 100 12 1 1 1 11 12 1 1 10 12 1 10 12 1 10 12 1 1 100 1 10 12 1 1 10 100 12 1 1 10 12 1 1 10 100 1 10 12 1 11 10 12 1 100 1 10 12 1 1 10 12 1 1 10 100 12 1 1 100 1 10 12 1 1 9 100 12 1 1 1 10 12 1 1 10 7 12 1 1 10 12 1 10 12 1 10 12 1 10 12 1 10 12 1 11 11 12 1 11 12 1 1 10 12 1 10 12 1 9 100 12 1 1 1 11 100 12 1 1 1 11 11 12 1 11 12 1 11 12 1 11 10 12 1 10 12 1 9 12 1 1 10 10 12 1 9 12 1 10 12 1 10 12 1 10 12 1 10 10 12 10 10 1 1 1 1 1 1 1 1 1 1 1 100 1 1 100 1 1 1 1 1 1 1 1 1 1
staticfield com/sun/javafx/sg/prism/CacheFilter TEMP_RECT Lcom/sun/javafx/geom/Rectangle; com/sun/javafx/geom/Rectangle
staticfield com/sun/javafx/sg/prism/CacheFilter TEMP_CONTAINER Lcom/sun/javafx/geom/DirtyRegionContainer; com/sun/javafx/geom/DirtyRegionContainer
staticfield com/sun/javafx/sg/prism/CacheFilter TEMP_CACHEFILTER_TRANSFORM Lcom/sun/javafx/geom/transform/Affine3D; com/sun/javafx/geom/transform/Affine3D
staticfield com/sun/javafx/sg/prism/CacheFilter TEMP_BOUNDS Lcom/sun/javafx/geom/RectBounds; com/sun/javafx/geom/RectBounds
ciInstanceKlass com/sun/javafx/sg/prism/CacheFilter$ScrollCacheState 1 1 56 7 1 9 12 1 1 9 12 1 9 12 1 9 12 1 1 10 100 12 1 1 10 7 12 1 1 1 10 12 1 1 8 10 8 8 10 12 1 1 1 1 1 1 1 1 1 1 1 1 1 1 100 1 1 1
staticfield com/sun/javafx/sg/prism/CacheFilter$ScrollCacheState CHECKING_PRECONDITIONS Lcom/sun/javafx/sg/prism/CacheFilter$ScrollCacheState; com/sun/javafx/sg/prism/CacheFilter$ScrollCacheState
staticfield com/sun/javafx/sg/prism/CacheFilter$ScrollCacheState ENABLED Lcom/sun/javafx/sg/prism/CacheFilter$ScrollCacheState; com/sun/javafx/sg/prism/CacheFilter$ScrollCacheState
staticfield com/sun/javafx/sg/prism/CacheFilter$ScrollCacheState DISABLED Lcom/sun/javafx/sg/prism/CacheFilter$ScrollCacheState; com/sun/javafx/sg/prism/CacheFilter$ScrollCacheState
staticfield com/sun/javafx/sg/prism/CacheFilter$ScrollCacheState $VALUES [Lcom/sun/javafx/sg/prism/CacheFilter$ScrollCacheState; 3 [Lcom/sun/javafx/sg/prism/CacheFilter$ScrollCacheState;
ciInstanceKlass com/sun/javafx/sg/prism/EffectFilter 1 1 62 10 7 12 1 1 1 9 7 12 1 1 1 7 1 10 12 1 9 12 1 1 10 12 1 10 12 1 1 10 100 12 1 1 1 10 100 12 1 1 1 10 12 1 1 10 7 12 1 1 1 10 12 1 1 1 1 1 1 1 1 1
ciInstanceKlass com/sun/javafx/sg/prism/NodeEffectInput$RenderType 1 1 56 7 1 9 12 1 1 9 12 1 9 12 1 9 12 1 1 10 100 12 1 1 10 7 12 1 1 1 10 12 1 1 8 10 8 8 10 12 1 1 1 1 1 1 1 1 1 1 1 1 1 1 100 1 1 1
staticfield com/sun/javafx/sg/prism/NodeEffectInput$RenderType EFFECT_CONTENT Lcom/sun/javafx/sg/prism/NodeEffectInput$RenderType; com/sun/javafx/sg/prism/NodeEffectInput$RenderType
staticfield com/sun/javafx/sg/prism/NodeEffectInput$RenderType CLIPPED_CONTENT Lcom/sun/javafx/sg/prism/NodeEffectInput$RenderType; com/sun/javafx/sg/prism/NodeEffectInput$RenderType
staticfield com/sun/javafx/sg/prism/NodeEffectInput$RenderType FULL_CONTENT Lcom/sun/javafx/sg/prism/NodeEffectInput$RenderType; com/sun/javafx/sg/prism/NodeEffectInput$RenderType
staticfield com/sun/javafx/sg/prism/NodeEffectInput$RenderType $VALUES [Lcom/sun/javafx/sg/prism/NodeEffectInput$RenderType; 3 [Lcom/sun/javafx/sg/prism/NodeEffectInput$RenderType;
ciInstanceKlass com/sun/javafx/geom/transform/Affine2D$1 1 1 46 10 7 12 1 1 1 9 7 12 1 1 1 9 12 1 1 10 12 1 1 100 1 9 12 1 9 12 1 100 1 1 1 1 1 1 1 1 1 100 1 1 1 100 1 1
staticfield com/sun/javafx/geom/transform/Affine2D$1 $SwitchMap$com$sun$javafx$geom$transform$BaseTransform$Degree [I 5
ciInstanceKlass com/sun/scenario/effect/impl/prism/ps/PPSDrawable 1 1 97 10 7 12 1 1 1 9 7 12 1 1 1 10 9 7 12 1 1 1 11 7 12 1 1 1 11 12 1 11 12 1 1 11 7 12 1 1 1 11 12 1 1 11 12 1 1 11 12 1 11 12 1 11 12 1 11 12 1 1 11 12 1 11 12 1 11 12 1 11 12 1 1 7 1 10 12 1 1 1 1 1 1 1 1 1 1 1 1 1 1 1 1 1 100 1 1
ciInstanceKlass com/sun/scenario/effect/ImageData 1 1 214 9 7 12 1 1 1 10 7 12 1 1 1 10 7 12 1 1 9 12 1 1 9 12 1 1 9 12 1 1 9 12 1 1 9 12 1 9 12 1 1 10 100 12 1 1 1 100 1 10 9 12 1 1 10 12 1 1 10 12 1 1 10 12 1 1 10 12 1 9 12 1 1 100 1 8 1 10 12 1 9 12 1 1 10 12 1 1 10 7 12 1 1 1 10 12 1 10 7 12 1 1 1 100 1 10 10 12 1 10 12 1 1 11 7 12 1 1 11 12 1 10 12 1 11 12 1 10 12 1 10 12 1 1 10 100 12 1 1 1 18 12 1 1 8 1 10 7 12 1 1 1 10 10 100 12 1 1 1 100 1 10 10 12 1 1 1 1 1 1 1 1 100 1 1 1 1 1 1 1 1 1 1 1 1 1 1 1 1 1 1 1 1 1 1 1 1 1 1 1 8 1 15 10 100 12 1 1 1 100 1 100 1 1
ciMethodData java/lang/Object <init> ()V 2 1212474 orig 80 0 0 0 0 0 0 0 0 0 0 0 0 0 0 0 0 0 0 0 0 0 0 0 0 0 0 0 0 0 0 0 0 0 0 0 0 0 0 0 0 0 0 0 0 0 0 0 0 0 0 0 0 0 0 0 0 0 0 0 0 0 0 0 0 0 0 0 0 0 0 0 0 0 0 0 0 0 0 0 0 data 4 0x0 0x9 0x1 0x0 oops 0 methods 0
ciMethodData java/lang/String valueOf (Ljava/lang/Object;)Ljava/lang/String; 2 1657 orig 80 0 0 0 0 0 0 0 0 0 0 0 0 0 0 0 0 0 0 0 0 0 0 0 0 0 0 0 0 0 0 0 0 0 0 0 0 0 0 0 0 0 0 0 0 0 0 0 0 0 0 0 0 0 0 0 0 0 0 0 0 0 0 0 0 0 0 0 0 0 0 0 0 0 0 0 0 0 0 0 0 data 22 0x10007 0x675 0x38 0x4 0x70003 0x4 0x48 0xb0005 0x14c 0x22a448540c8 0x527 0x22a8aff83d8 0x2 0x0 0x0 0x0 0x0 0x0 0x0 0x9 0x1 0xffffffffffffffff oops 2 9 java/lang/String 11 java/net/URI methods 0
ciMethodData java/util/RegularEnumSet contains (Ljava/lang/Object;)Z 2 5260 orig 80 0 0 0 0 0 0 0 0 0 0 0 0 0 0 0 0 0 0 0 0 0 0 0 0 0 0 0 0 0 0 0 0 0 0 0 0 0 0 0 0 0 0 0 0 0 0 0 0 0 0 0 0 0 0 0 0 0 0 0 0 0 0 0 0 0 0 0 0 0 0 0 0 0 0 0 0 0 0 0 0 data 53 0x10007 0x148c 0x20 0x0 0x70005 0x1345 0x22a8ac7d3f8 0xf5 0x22a8ac7d4a8 0x52 0x100007 0x148c 0x70 0x0 0x140005 0x0 0x0 0x0 0x0 0x0 0x1b0007 0x0 0x20 0x0 0x260004 0x1345 0x22a8ac7d3f8 0xf5 0x22a8ac7d4a8 0x52 0x290005 0x1345 0x22a8ac7d3f8 0xf5 0x22a8ac7d4a8 0x52 0x300007 0xf4d 0x38 0x53f 0x340003 0x53f 0x18 0x0 0x0 0x0 0x0 0x0 0x0 0x9 0x2 0x0 0x0 oops 6 6 java/lang/StackWalker$Option 8 java/util/stream/Collector$Characteristics 26 java/lang/StackWalker$Option 28 java/util/stream/Collector$Characteristics 32 java/lang/StackWalker$Option 34 java/util/stream/Collector$Characteristics methods 0
ciMethodData java/util/Collections emptyList ()Ljava/util/List; 2 61642 orig 80 0 0 0 0 0 0 0 0 0 0 0 0 0 0 0 0 0 0 0 0 0 0 0 0 0 0 0 0 0 0 0 0 0 0 0 0 0 0 0 0 0 0 0 0 0 0 0 0 0 0 0 0 0 0 0 0 0 0 0 0 0 0 0 0 0 0 0 0 0 0 0 0 0 0 0 0 0 0 0 0 data 4 0x0 0x0 0x9 0x0 oops 0 methods 0
ciInstanceKlass javafx/beans/Observable 1 1 66 8 1 10 100 12 1 1 1 18 12 1 1 11 100 12 1 1 1 18 12 1 1 11 12 1 11 100 12 1 1 1 100 1 1 1 1 1 1 1 1 1 1 1 16 1 15 11 12 16 15 11 12 15 10 100 12 1 1 1 1 100 1 100 1 1
ciMethod javafx/beans/value/ObservableValue getValue ()Ljava/lang/Object; 0 0 1 0 -1
ciInstanceKlass javafx/beans/value/ObservableValue 1 1 140 100 1 10 12 1 1 100 1 10 12 1 100 1 10 100 1 10 12 1 8 1 10 100 12 1 1 1 18 12 1 1 11 100 12 1 1 1 18 12 1 1 8 1 18 12 1 11 12 1 1 11 100 12 1 1 1 18 11 12 1 11 100 12 1 1 100 1 100 1 1 1 1 1 1 1 1 1 1 1 1 1 1 1 1 1 1 1 1 1 1 1 1 1 1 1 1 1 1 1 1 16 1 15 11 12 16 1 15 11 12 15 11 12 15 11 12 15 10 100 12 1 1 1 1 100 1 100 1 1 1 100 1 8 1 12 10 1 1 8
ciInstanceKlass javafx/beans/property/ReadOnlyProperty 1 0 36 100 1 100 1 100 1 1 1 1 1 1 1 1 1 1 100 1 8 1 1 12 10 1 1 8 1 1 1 8 1 1 8 1 1 8
ciInstanceKlass javafx/beans/value/WritableValue 1 0 15 100 1 100 1 1 1 1 1 1 1 1 1 1 1
ciInstanceKlass javafx/beans/property/Property 1 0 57 100 1 100 1 100 1 100 1 1 1 1 1 1 1 1 1 1 1 1 1 1 1 1 1 100 1 8 1 1 12 10 1 1 1 8 1 1 1 8 1 1 1 8 1 1 8 1 1 8 1 1 8 1 8 1 1
ciInstanceKlass javafx/beans/value/WritableBooleanValue 1 1 35 100 1 11 100 12 1 1 1 100 1 100 1 1 1 1 1 1 1 1 1 1 1 1 1 1 100 1 8 1 1 12 10 1 1
ciMethod javafx/beans/value/ObservableBooleanValue get ()Z 0 0 1 0 -1
ciInstanceKlass javafx/beans/value/ObservableBooleanValue 1 0 35 100 1 100 1 100 1 1 1 1 1 1 1 1 100 1 8 1 1 12 10 1 1 1 8 1 1 1 8 1 1 8 1 1 8
instanceKlass javafx/beans/binding/BooleanBinding
instanceKlass javafx/beans/property/ReadOnlyBooleanProperty
ciInstanceKlass javafx/beans/binding/BooleanExpression 1 1 112 10 7 12 1 1 1 10 7 12 1 1 1 10 7 12 1 1 1 100 1 8 1 10 12 1 100 1 10 12 1 100 1 10 12 1 10 7 12 1 1 1 10 12 1 10 12 1 1 10 12 1 10 12 1 10 100 12 1 1 1 100 1 100 1 10 12 1 10 12 1 1 100 1 1 1 1 1 1 1 1 1 1 1 1 1 1 1 1 1 1 1 1 1 1 1 100 1 8 10 1 8 1 1 1 8 1 1 8 1 1 8
ciMethod javafx/beans/binding/BooleanExpression get ()Z 0 0 1 0 -1
instanceKlass javafx/beans/property/BooleanPropertyBase
ciInstanceKlass javafx/beans/property/BooleanProperty 1 1 178 10 7 12 1 1 1 10 100 12 1 1 1 8 1 100 1 10 10 100 12 1 1 1 10 7 12 1 1 1 10 7 12 1 1 1 10 100 12 1 1 1 10 12 1 10 12 1 1 10 12 1 1 100 1 8 1 10 12 1 8 1 10 12 1 1 10 12 1 8 1 8 1 10 100 12 1 1 1 8 1 8 1 10 12 1 10 12 1 8 1 10 12 1 8 1 10 100 12 1 1 1 100 1 10 12 1 100 1 10 12 1 10 12 1 1 10 12 1 1 100 1 100 1 1 1 1 1 1 100 1 1 1 1 1 1 1 1 1 1 1 1 1 1 1 1 100 1 8 10 1 1 1 8 1 1 8 1 1 8 1 8 1 8 1 8 1 1 1 8 1 1 8 1 1 8 1 8
ciMethod javafx/beans/property/BooleanProperty get ()Z 0 0 1 0 -1
ciMethod javafx/beans/property/BooleanPropertyBase get ()Z 338 0 30548 0 136
instanceKlass javafx/scene/control/CheckBox$1
instanceKlass javafx/scene/control/CheckBox$2
instanceKlass javafx/scene/layout/ColumnConstraints$7
instanceKlass javafx/scene/control/skin/VirtualFlow$4
instanceKlass javafx/scene/shape/PathElement$2
instanceKlass javafx/scene/Group$2
instanceKlass javafx/stage/PopupWindow$5
instanceKlass javafx/stage/PopupWindow$4
instanceKlass javafx/animation/Animation$5
instanceKlass javafx/scene/Node$MiscProperties$4
instanceKlass javafx/scene/Node$MiscProperties$9
instanceKlass javafx/scene/control/Button$1
instanceKlass javafx/scene/control/Button$2
instanceKlass javafx/scene/Node$20
instanceKlass javafx/css/StyleableBooleanProperty
instanceKlass javafx/beans/property/BooleanProperty$1
instanceKlass javafx/beans/property/SimpleBooleanProperty
ciInstanceKlass javafx/beans/property/BooleanPropertyBase 1 1 219 10 7 12 1 1 1 9 7 12 1 1 1 9 12 1 1 9 12 1 1 9 12 1 1 9 12 1 10 7 12 1 1 1 10 12 1 1 10 12 1 10 12 1 10 12 1 1 10 12 1 10 12 11 7 12 1 1 1 10 12 1 100 1 10 12 1 1 10 12 1 1 10 100 12 1 1 1 10 100 12 1 1 18 12 1 1 8 1 18 12 1 10 12 1 10 12 1 100 1 8 1 10 7 1 10 12 1 11 12 1 1 10 12 1 7 1 10 12 1 11 12 1 11 12 10 12 1 100 1 8 1 10 8 1 10 12 1 1 10 12 1 8 1 10 100 1 8 1 8 1 8 1 10 10 12 1 8 1 8 1 10 12 1 100 1 10 12 1 1 10 12 1 1 1 1 1 1 1 1 1 1 1 1 1 1 1 1 1 1 1 1 1 1 8 1 8 1 15 10 100 12 1 1 1 1 1 100 1 100 1 1 1 100 1 8 10 1 8
ciInstanceKlass javafx/beans/value/ObservableObjectValue 1 0 35 100 1 100 1 100 1 1 1 1 1 1 1 1 1 100 1 8 1 1 12 10 1 1 8 1 1 1 8 1 1 8 1 1 8
ciInstanceKlass javafx/beans/value/WritableObjectValue 1 0 17 100 1 100 1 100 1 1 1 1 1 1 1 1 1 1 1
instanceKlass javafx/beans/property/ObjectPropertyBase
ciInstanceKlass javafx/beans/property/ObjectProperty 1 1 119 10 7 12 1 1 1 10 7 12 1 1 1 10 100 12 1 1 1 10 12 1 10 12 1 1 10 12 1 1 100 1 8 1 10 12 1 8 1 10 12 1 1 10 12 1 8 1 8 1 10 100 12 1 1 1 8 1 8 1 10 12 1 8 1 10 12 1 100 1 100 1 1 1 1 1 1 1 1 1 100 1 1 1 1 1 100 1 8 10 1 1 1 8 1 1 8 1 1 1 8 1 8 1 8 1 8 1 1 1 8 1 1 8 1 1 8 1 8
ciMethod javafx/beans/property/ObjectProperty get ()Ljava/lang/Object; 0 0 1 0 -1
ciMethod javafx/beans/property/ObjectPropertyBase get ()Ljava/lang/Object; 786 0 377803 0 136
instanceKlass javafx/scene/shape/Arc$8
instanceKlass javafx/scene/layout/ColumnConstraints$5
instanceKlass javafx/scene/layout/ColumnConstraints$6
instanceKlass javafx/collections/transformation/SortedList$1
instanceKlass javafx/collections/transformation/FilteredList$1
instanceKlass javafx/scene/effect/DropShadow$4
instanceKlass javafx/scene/effect/Effect$EffectInputProperty
instanceKlass javafx/scene/effect/DropShadow$6
instanceKlass javafx/scene/shape/SVGPath$2
instanceKlass javafx/scene/control/MultipleSelectionModel$1
instanceKlass javafx/scene/control/ListView$3
instanceKlass javafx/scene/control/ListView$4
instanceKlass javafx/scene/control/ListView$6
instanceKlass javafx/scene/control/ListView$5
instanceKlass javafx/scene/control/ComboBoxBase$9
instanceKlass javafx/scene/control/ComboBoxBase$8
instanceKlass javafx/scene/control/ComboBoxBase$7
instanceKlass javafx/scene/control/ComboBoxBase$6
instanceKlass javafx/scene/control/ComboBoxBase$5
instanceKlass javafx/scene/control/ContextMenu$1
instanceKlass javafx/scene/control/PopupControl$1
instanceKlass javafx/stage/PopupWindow$6
instanceKlass javafx/scene/control/MenuItem$2
instanceKlass javafx/scene/control/MenuItem$1
instanceKlass javafx/scene/shape/Path$2
instanceKlass javafx/animation/Animation$6
instanceKlass javafx/animation/Animation$3
instanceKlass javafx/scene/Node$MiscProperties$8
instanceKlass javafx/scene/Node$MiscProperties$6
instanceKlass javafx/scene/Node$MiscProperties$5
instanceKlass javafx/scene/text/Text$TextAttribute$8
instanceKlass javafx/scene/Node$NodeTransformation$9
instanceKlass javafx/scene/control/ButtonBase$2
instanceKlass javafx/beans/property/IntegerProperty$2
instanceKlass javafx/scene/control/TextField$2
instanceKlass javafx/scene/control/TextInputControl$4
instanceKlass javafx/scene/control/Label$1
instanceKlass javafx/scene/control/Control$3
instanceKlass javafx/scene/image/ImageView$2
instanceKlass javafx/scene/image/ImageView$11
instanceKlass javafx/scene/transform/Rotate$5
instanceKlass javafx/scene/layout/BorderPane$BorderPositionProperty
instanceKlass javafx/scene/Scene$6
instanceKlass javafx/scene/Scene$7
instanceKlass javafx/scene/Scene$8
instanceKlass javafx/scene/Scene$31
instanceKlass javafx/scene/Scene$35
instanceKlass javafx/scene/Scene$30
instanceKlass javafx/scene/Scene$33
instanceKlass javafx/scene/Scene$41
instanceKlass javafx/scene/Scene$47
instanceKlass javafx/scene/Scene$48
instanceKlass javafx/scene/Scene$36
instanceKlass javafx/scene/Scene$37
instanceKlass javafx/scene/Scene$26
instanceKlass javafx/scene/Scene$49
instanceKlass javafx/scene/Scene$38
instanceKlass javafx/scene/Scene$32
instanceKlass javafx/scene/Scene$27
instanceKlass javafx/scene/Scene$40
instanceKlass javafx/scene/Scene$28
instanceKlass javafx/scene/Scene$29
instanceKlass javafx/scene/Scene$39
instanceKlass javafx/scene/Scene$34
instanceKlass javafx/scene/Scene$15
instanceKlass javafx/scene/Scene$18
instanceKlass javafx/scene/Scene$14
instanceKlass javafx/scene/Scene$24
instanceKlass javafx/scene/Scene$20
instanceKlass javafx/scene/Scene$25
instanceKlass javafx/scene/Scene$23
instanceKlass javafx/scene/Scene$21
instanceKlass javafx/scene/Scene$19
instanceKlass javafx/scene/Scene$17
instanceKlass javafx/css/StyleableObjectProperty
instanceKlass javafx/scene/Scene$16
instanceKlass javafx/scene/Scene$13
instanceKlass javafx/scene/Scene$44
instanceKlass javafx/scene/Scene$46
instanceKlass javafx/scene/Scene$43
instanceKlass javafx/scene/Scene$42
instanceKlass javafx/scene/Scene$45
instanceKlass javafx/scene/Scene$9
instanceKlass javafx/scene/Scene$50
instanceKlass javafx/scene/Scene$12
instanceKlass javafx/scene/Scene$22
instanceKlass javafx/beans/property/DoubleProperty$2
instanceKlass javafx/stage/Window$7
instanceKlass javafx/stage/Window$8
instanceKlass javafx/stage/Window$11
instanceKlass javafx/stage/Window$10
instanceKlass javafx/stage/Window$9
instanceKlass javafx/beans/property/SimpleObjectProperty
instanceKlass javafx/beans/property/BooleanProperty$2
ciInstanceKlass javafx/beans/property/ObjectPropertyBase 1 1 201 10 7 12 1 1 1 9 7 12 1 1 1 9 12 1 1 9 12 1 1 9 12 1 1 9 12 1 1 10 7 12 1 1 1 10 12 1 1 10 12 1 10 12 1 10 12 1 1 10 12 1 10 12 11 7 12 1 1 1 10 12 1 1 100 1 10 12 1 10 12 1 1 10 100 12 1 1 1 10 100 12 1 1 18 12 1 1 8 1 18 12 1 10 12 1 10 12 1 100 1 8 1 10 11 12 1 1 10 12 1 7 1 10 12 1 11 12 1 11 12 100 1 8 1 10 8 1 10 12 1 1 10 12 1 8 1 10 100 1 8 1 8 1 8 1 10 12 1 8 1 8 1 10 12 1 1 1 1 1 1 1 1 1 1 1 1 1 1 1 1 1 1 1 1 1 1 8 1 8 1 15 10 100 12 1 1 1 1 100 1 100 1 1 1 100 1 8 10 1 8
ciMethod com/sun/javafx/util/Utils clamp (DDD)D 516 0 4657 0 0
ciMethod com/sun/javafx/util/Utils assertionEnabled ()Z 538 0 15130 0 0
ciInstanceKlass javafx/beans/value/ObservableNumberValue 1 0 41 100 1 100 1 100 1 1 1 1 1 1 1 1 1 1 1 1 1 1 100 1 8 1 1 12 10 1 1 1 8 1 1 1 8 1 1 8 1 1 8
ciMethod javafx/beans/value/ObservableDoubleValue get ()D 0 0 1 0 -1
ciInstanceKlass javafx/beans/value/ObservableDoubleValue 1 0 48 100 1 100 1 100 1 1 1 1 1 1 100 1 8 1 1 12 10 1 1 1 8 1 1 1 8 1 1 1 8 1 1 8 1 1 1 8 1 1 8 1 1 1 8 1 1 8
ciInstanceKlass javafx/beans/binding/NumberExpression 1 0 78 100 1 100 1 100 1 1 1 1 1 1 1 1 1 1 1 1 1 1 1 1 1 1 1 1 1 1 1 1 1 1 1 1 1 1 1 1 1 1 1 100 1 8 1 1 12 10 1 1 1 8 1 1 1 8 1 1 1 8 1 1 1 8 1 1 1 8 1 1 8 1 1 1 8 1 1 8
instanceKlass javafx/beans/binding/DoubleBinding
instanceKlass javafx/beans/property/ReadOnlyDoubleProperty
ciInstanceKlass javafx/beans/binding/DoubleExpression 1 1 198 10 7 12 1 1 1 10 7 12 1 1 1 10 7 12 1 1 1 100 1 8 1 10 12 1 100 1 10 12 1 100 1 10 12 1 10 100 12 1 1 1 100 1 10 12 1 1 10 12 1 10 12 1 10 12 1 10 12 1 10 12 1 10 12 10 12 10 12 10 12 10 12 1 10 12 10 12 10 12 10 12 10 12 1 10 12 10 12 10 12 10 12 100 1 10 12 1 10 12 1 10 12 10 12 10 12 10 12 1 10 12 1 10 12 1 10 12 1 10 12 10 12 10 12 10 12 10 12 10 12 10 12 10 12 10 12 10 12 10 12 10 12 10 12 1 10 12 1 1 100 1 1 1 1 1 1 1 1 1 1 1 1 1 1 1 1 1 1 1 1 1 1 1 1 1 1 1 1 1 1 1 100 1 8 10 1 8 1 1 1 8 1 1 8 1 1 8
ciMethod javafx/beans/binding/DoubleExpression get ()D 0 0 1 0 -1
ciMethod com/sun/scenario/effect/LockableResource lock ()V 0 0 1 0 -1
ciInstanceKlass com/sun/scenario/effect/LockableResource 1 0 12 100 1 100 1 1 1 1 1 1 1 1
ciInstanceKlass com/sun/scenario/effect/Filterable 1 0 25 100 1 100 1 100 1 1 1 1 1 1 1 1 1 1 1 1 1 1 1 1 1 1 1
ciInstanceKlass com/sun/prism/GraphicsResource 1 0 9 100 1 100 1 1 1 1 1
ciMethod com/sun/prism/GraphicsResource dispose ()V 0 0 1 0 -1
ciInstanceKlass com/sun/prism/Texture 1 0 59 100 1 100 1 100 1 1 1 1 1 1 1 1 1 1 1 1 1 1 1 1 1 1 1 1 1 1 1 1 1 1 1 1 1 1 1 1 1 1 1 1 1 1 1 1 1 1 1 1 1 1 100 1 100 1 1 1 1
ciInstanceKlass com/sun/prism/Surface 1 0 14 100 1 100 1 1 1 1 1 1 1 1 1 1
ciInstanceKlass com/sun/prism/RenderTarget 1 0 18 100 1 100 1 100 1 1 1 1 1 1 1 1 1 1 1 1
ciInstanceKlass com/sun/prism/RTTexture 1 0 18 100 1 100 1 100 1 100 1 1 1 1 1 1 1 1 1 1
ciInstanceKlass com/sun/javafx/geom/transform/CanTransformVec3d 1 0 9 100 1 100 1 1 1 1 1
ciMethod com/sun/javafx/geom/transform/BaseTransform <init> ()V 768 0 12463 0 0
ciMethod com/sun/javafx/geom/transform/BaseTransform degreeError (Lcom/sun/javafx/geom/transform/BaseTransform$Degree;)V 0 0 1 0 0
ciMethod com/sun/javafx/geom/transform/BaseTransform getInstance (Lcom/sun/javafx/geom/transform/BaseTransform;)Lcom/sun/javafx/geom/transform/BaseTransform; 188 0 1526 0 0
ciMethod com/sun/javafx/geom/transform/BaseTransform getDegree ()Lcom/sun/javafx/geom/transform/BaseTransform$Degree; 0 0 1 0 -1
ciMethod com/sun/javafx/geom/transform/BaseTransform getType ()I 0 0 1 0 -1
ciMethod com/sun/javafx/geom/transform/BaseTransform isIdentity ()Z 0 0 1 0 -1
ciMethod com/sun/javafx/geom/transform/BaseTransform isTranslateOrIdentity ()Z 0 0 1 0 -1
ciMethod com/sun/javafx/geom/transform/BaseTransform is2D ()Z 0 0 1 0 -1
ciMethod com/sun/javafx/geom/transform/BaseTransform getMxx ()D 256 0 128 0 -1
ciMethod com/sun/javafx/geom/transform/BaseTransform getMxy ()D 256 0 128 0 -1
ciMethod com/sun/javafx/geom/transform/BaseTransform getMxz ()D 256 0 128 0 -1
ciMethod com/sun/javafx/geom/transform/BaseTransform getMxt ()D 262 0 131 0 -1
ciMethod com/sun/javafx/geom/transform/BaseTransform getMyx ()D 256 0 128 0 -1
ciMethod com/sun/javafx/geom/transform/BaseTransform getMyy ()D 256 0 128 0 -1
ciMethod com/sun/javafx/geom/transform/BaseTransform getMyz ()D 256 0 128 0 -1
ciMethod com/sun/javafx/geom/transform/BaseTransform getMyt ()D 262 0 131 0 -1
ciMethod com/sun/javafx/geom/transform/BaseTransform getMzx ()D 256 0 128 0 -1
ciMethod com/sun/javafx/geom/transform/BaseTransform getMzy ()D 256 0 128 0 -1
ciMethod com/sun/javafx/geom/transform/BaseTransform getMzz ()D 256 0 128 0 -1
ciMethod com/sun/javafx/geom/transform/BaseTransform getMzt ()D 270 0 135 0 -1
ciMethod com/sun/javafx/geom/transform/BaseTransform deriveWithNewTransform (Lcom/sun/javafx/geom/transform/BaseTransform;)Lcom/sun/javafx/geom/transform/BaseTransform; 0 0 1 0 -1
ciMethod com/sun/javafx/geom/transform/BaseTransform equals (Ljava/lang/Object;)Z 62 0 28 0 -1
instanceKlass com/sun/javafx/geom/transform/Translate2D
instanceKlass com/sun/javafx/geom/transform/Identity
instanceKlass com/sun/javafx/geom/transform/AffineBase
ciInstanceKlass com/sun/javafx/geom/transform/BaseTransform 1 1 242 7 1 10 7 12 1 1 1 100 1 10 100 12 1 1 1 18 12 1 1 10 12 1 10 12 1 1 9 12 1 1 10 12 1 7 1 10 12 1 10 12 1 7 1 10 100 1 10 10 12 1 1 10 12 1 10 12 1 1 10 12 1 10 12 1 10 10 12 1 1 5 0 10 12 1 1 10 100 12 1 1 1 10 12 1 10 12 1 10 12 1 10 12 1 10 12 1 10 12 1 10 12 1 10 12 1 10 12 1 10 12 1 10 12 1 100 1 10 6 0 6 0 10 12 1 1 18 12 1 7 1 10 100 1 1 1 1 3 1 3 1 3 1 3 1 3 1 3 1 3 1 3 1 3 1 3 1 3 1 3 1 3 1 1 1 1 1 1 1 1 1 1 1 1 1 1 1 1 1 1 1 100 1 1 1 1 1 1 1 1 1 1 1 1 1 1 1 1 1 1 1 1 1 1 1 1 1 1 1 1 1 1 1 1 1 1 1 1 1 1 1 100 1 1 8 1 8 1 15 10 100 12 1 1 1 1 100 1 100 1 1
staticfield com/sun/javafx/geom/transform/BaseTransform IDENTITY_TRANSFORM Lcom/sun/javafx/geom/transform/BaseTransform; com/sun/javafx/geom/transform/Identity
ciMethod com/sun/javafx/geom/transform/Affine3D <init> (Lcom/sun/javafx/geom/transform/BaseTransform;)V 0 0 1 0 -1
ciMethod com/sun/javafx/geom/transform/AffineBase <init> ()V 520 0 9483 0 80
ciMethod com/sun/javafx/geom/transform/AffineBase stateError ()V 0 0 1 0 -1
ciMethod com/sun/javafx/geom/transform/AffineBase updateState ()V 534 0 23297 0 0
ciMethod com/sun/javafx/geom/transform/AffineBase updateState2D ()V 516 0 21793 0 552
ciMethod com/sun/javafx/geom/transform/AffineBase getType ()I 724 0 17141 0 1968
ciMethod com/sun/javafx/geom/transform/AffineBase calculateType ()I 182 0 9300 0 -1
ciMethod com/sun/javafx/geom/transform/AffineBase isIdentity ()Z 542 0 7817 0 0
ciMethod com/sun/javafx/geom/transform/AffineBase isTranslateOrIdentity ()Z 522 0 14949 0 0
ciMethod com/sun/javafx/geom/transform/AffineBase setToIdentity ()V 68 0 6197 0 -1
instanceKlass com/sun/javafx/geom/transform/Affine2D
instanceKlass com/sun/javafx/geom/transform/Affine3D
ciInstanceKlass com/sun/javafx/geom/transform/AffineBase 1 1 380 7 1 10 7 12 1 1 1 100 1 8 1 10 12 1 10 12 1 9 12 1 1 9 12 1 9 12 1 9 12 1 9 12 1 9 12 1 9 12 1 1 9 12 1 10 12 1 10 12 1 1 10 12 1 6 0 10 12 1 10 12 1 10 12 1 1 7 1 10 9 12 1 1 9 12 1 10 12 1 1 7 1 10 9 12 9 12 9 12 1 10 7 12 1 1 1 10 12 1 10 12 1 10 12 1 10 12 1 1 10 12 1 10 12 1 10 12 1 10 7 1 10 10 12 1 10 10 10 12 1 10 12 1 10 12 1 10 12 1 1 10 12 1 10 12 1 10 12 1 1 9 7 12 1 1 1 10 12 1 1 10 12 1 1 10 12 1 10 12 10 100 12 1 1 10 100 12 1 1 10 12 10 12 1 1 10 100 12 1 1 1 10 12 1 10 7 12 1 1 1 100 1 6 0 100 1 18 12 1 1 10 8 1 10 12 1 1 10 12 1 10 12 1 10 12 1 10 12 1 7 1 10 12 1 9 12 1 1 10 12 1 10 12 1 10 12 1 10 12 1 10 12 1 9 7 12 1 1 10 12 1 1 10 7 12 1 1 10 12 1 1 10 12 1 10 12 1 1 10 12 1 1 9 12 1 1 10 12 1 1 100 1 10 12 1 10 12 1 1 1 3 1 3 1 3 1 3 1 3 1 3 1 3 1 1 1 3 1 3 1 3 1 3 1 1 1 1 1 1 1 1 1 1 1 1 1 1 1 1 1 1 1 100 1 1 100 1 1 1 1 1 1 1 1 1 1 1 1 1 1 1 1 1 8 1 15 10 100 12 1 1 1 1 1 100 1 100 1 1
staticfield com/sun/javafx/geom/transform/AffineBase rot90conversion [I 8
ciMethod com/sun/javafx/geom/transform/Identity deriveWithNewTransform (Lcom/sun/javafx/geom/transform/BaseTransform;)Lcom/sun/javafx/geom/transform/BaseTransform; 1024 0 1526 0 0
ciMethod com/sun/javafx/geom/transform/Identity equals (Ljava/lang/Object;)Z 528 0 3255 0 0
ciMethod com/sun/javafx/geom/transform/Translate2D <init> (Lcom/sun/javafx/geom/transform/BaseTransform;)V 1024 0 1489 0 0
ciMethod com/sun/javafx/geom/transform/Translate2D isIdentity ()Z 772 0 3294 0 0
ciMethod com/sun/javafx/geom/transform/Translate2D isTranslateOrIdentity ()Z 454 0 227 0 0
ciMethod com/sun/javafx/geom/transform/Translate2D deriveWithNewTransform (Lcom/sun/javafx/geom/transform/BaseTransform;)Lcom/sun/javafx/geom/transform/BaseTransform; 514 0 710 0 0
ciMethod com/sun/javafx/geom/transform/Translate2D equals (Ljava/lang/Object;)Z 512 0 713 0 0
ciMethod com/sun/javafx/geom/transform/Affine2D <init> ()V 124 0 62 0 0
ciMethod com/sun/javafx/geom/transform/Affine2D <init> (Lcom/sun/javafx/geom/transform/BaseTransform;)V 360 0 2401 0 0
ciMethod com/sun/javafx/geom/transform/Affine2D setToTranslation (DD)V 0 0 1 0 -1
ciMethod com/sun/javafx/geom/transform/Affine2D setTransform (Lcom/sun/javafx/geom/transform/BaseTransform;)V 514 0 3073 0 -1
ciMethod com/sun/javafx/geom/transform/Affine2D is2D ()Z 122 0 61 0 0
ciMethod com/sun/javafx/geom/BaseBounds <init> ()V 768 0 41563 0 0
ciMethod com/sun/javafx/geom/BaseBounds getBoundsType ()Lcom/sun/javafx/geom/BaseBounds$BoundsType; 0 0 1 0 -1
ciMethod com/sun/javafx/geom/BaseBounds deriveWithUnion (Lcom/sun/javafx/geom/BaseBounds;)Lcom/sun/javafx/geom/BaseBounds; 0 0 1 0 -1
ciMethod com/sun/javafx/geom/BaseBounds deriveWithNewBounds (Lcom/sun/javafx/geom/BaseBounds;)Lcom/sun/javafx/geom/BaseBounds; 0 0 1 0 -1
ciMethod com/sun/javafx/geom/BaseBounds isEmpty ()Z 0 0 1 0 -1
instanceKlass com/sun/javafx/geom/BoxBounds
instanceKlass com/sun/javafx/geom/RectBounds
ciInstanceKlass com/sun/javafx/geom/BaseBounds 1 1 82 10 7 12 1 1 1 10 7 12 1 1 1 100 1 10 12 1 7 1 10 12 1 1 1 1 1 1 1 1 1 1 1 1 1 1 1 1 1 1 1 1 1 1 1 1 1 1 1 1 1 1 1 1 1 1 1 1 1 1 1 1 1 1 1 1 1 1 1 1 1 1 1 1 1 1 1 1 100 1 1 1
ciMethod com/sun/javafx/geom/RectBounds <init> ()V 524 0 30643 0 96
ciMethod com/sun/javafx/geom/RectBounds getBoundsType ()Lcom/sun/javafx/geom/BaseBounds$BoundsType; 512 0 1288 0 88
ciMethod com/sun/javafx/geom/RectBounds getMinX ()F 284 0 142 0 0
ciMethod com/sun/javafx/geom/RectBounds getMinY ()F 292 0 146 0 0
ciMethod com/sun/javafx/geom/RectBounds getMaxX ()F 284 0 142 0 0
ciMethod com/sun/javafx/geom/RectBounds getMaxY ()F 292 0 146 0 0
ciMethod com/sun/javafx/geom/RectBounds deriveWithUnion (Lcom/sun/javafx/geom/BaseBounds;)Lcom/sun/javafx/geom/BaseBounds; 802 0 6555 0 480
ciMethod com/sun/javafx/geom/RectBounds deriveWithNewBounds (Lcom/sun/javafx/geom/BaseBounds;)Lcom/sun/javafx/geom/BaseBounds; 596 0 5425 0 264
ciMethod com/sun/javafx/geom/RectBounds setBounds (Lcom/sun/javafx/geom/RectBounds;)V 898 0 9510 0 128
ciMethod com/sun/javafx/geom/RectBounds unionWith (Lcom/sun/javafx/geom/RectBounds;)V 810 0 6550 0 440
ciMethod com/sun/javafx/geom/RectBounds isEmpty ()Z 768 0 58998 0 152
ciMethod com/sun/javafx/geom/RectBounds makeEmpty ()Lcom/sun/javafx/geom/RectBounds; 512 0 7508 0 0
ciMethod com/sun/javafx/geom/RectBounds equals (Ljava/lang/Object;)Z 778 0 5369 0 0
ciInstanceKlass javafx/event/EventTarget 1 1 24 100 1 10 12 1 1 100 1 100 1 1 1 1 1 1 1 1 1 1 1 1 1 1
ciInstanceKlass javafx/beans/value/WritableNumberValue 1 0 11 100 1 100 1 100 1 1 1 1 1
ciInstanceKlass javafx/beans/value/WritableDoubleValue 1 1 33 100 1 11 100 12 1 1 1 100 1 100 1 1 1 1 1 1 1 1 1 1 1 1 100 1 8 1 1 12 10 1 1
instanceKlass javafx/beans/property/DoublePropertyBase
ciInstanceKlass javafx/beans/property/DoubleProperty 1 1 179 10 7 12 1 1 1 10 100 12 1 1 1 8 1 100 1 10 10 100 12 1 1 1 10 100 12 1 1 1 10 100 12 1 1 1 10 100 12 1 1 1 10 12 1 10 12 1 1 10 12 1 1 100 1 8 1 10 12 1 8 1 10 12 1 1 10 12 1 8 1 8 1 10 100 12 1 1 1 8 1 8 1 10 12 1 10 12 1 8 1 10 12 1 8 1 10 100 12 1 1 1 100 1 10 12 1 100 1 10 12 1 10 12 1 1 10 12 1 1 100 1 100 1 1 1 1 1 1 100 1 1 1 1 1 1 1 1 1 1 1 1 1 1 1 1 100 1 8 10 1 1 1 8 1 1 8 1 1 1 8 1 8 1 8 1 8 1 1 1 8 1 1 8 1 1 8 1 8
ciMethod javafx/beans/property/DoubleProperty get ()D 0 0 1 0 -1
ciMethod javafx/beans/property/DoublePropertyBase get ()D 522 0 57638 0 136
instanceKlass javafx/scene/shape/Arc$6
instanceKlass javafx/scene/shape/Arc$3
instanceKlass javafx/scene/shape/Arc$2
instanceKlass javafx/scene/shape/Arc$7
instanceKlass javafx/scene/shape/Arc$5
instanceKlass javafx/scene/shape/Arc$4
instanceKlass javafx/scene/shape/Circle$3
instanceKlass javafx/scene/shape/Circle$2
instanceKlass javafx/scene/shape/Circle$4
instanceKlass javafx/scene/transform/Scale$3
instanceKlass javafx/scene/transform/Scale$5
instanceKlass javafx/scene/transform/Scale$4
instanceKlass javafx/scene/transform/Scale$6
instanceKlass javafx/scene/transform/Scale$1
instanceKlass javafx/scene/transform/Scale$2
instanceKlass javafx/scene/control/ProgressIndicator$2
instanceKlass javafx/scene/layout/ColumnConstraints$4
instanceKlass javafx/scene/layout/ColumnConstraints$2
instanceKlass javafx/scene/layout/ColumnConstraints$1
instanceKlass javafx/scene/layout/ColumnConstraints$3
instanceKlass javafx/scene/layout/FlowPane$4
instanceKlass javafx/scene/canvas/Canvas$3
instanceKlass javafx/scene/canvas/Canvas$2
instanceKlass javafx/scene/effect/DropShadow$8
instanceKlass javafx/scene/effect/DropShadow$7
instanceKlass javafx/scene/effect/DropShadow$5
instanceKlass javafx/scene/effect/DropShadow$1
instanceKlass javafx/scene/effect/DropShadow$3
instanceKlass javafx/scene/effect/DropShadow$2
instanceKlass javafx/scene/control/skin/ScrollPaneSkin$4
instanceKlass javafx/scene/control/skin/ScrollPaneSkin$3
instanceKlass javafx/scene/shape/LineTo$2
instanceKlass javafx/scene/shape/LineTo$3
instanceKlass javafx/scene/shape/MoveTo$2
instanceKlass javafx/scene/shape/MoveTo$3
instanceKlass javafx/scene/control/PopupControl$6
instanceKlass javafx/scene/control/PopupControl$5
instanceKlass javafx/scene/control/PopupControl$8
instanceKlass javafx/scene/control/PopupControl$3
instanceKlass javafx/scene/control/PopupControl$7
instanceKlass javafx/scene/control/PopupControl$4
instanceKlass javafx/scene/shape/Rectangle$2
instanceKlass javafx/scene/shape/Rectangle$3
instanceKlass javafx/scene/shape/Rectangle$5
instanceKlass javafx/scene/shape/Rectangle$4
instanceKlass javafx/animation/Animation$2
instanceKlass javafx/scene/text/Text$8
instanceKlass javafx/scene/text/Text$4
instanceKlass javafx/scene/text/Text$5
instanceKlass javafx/scene/image/ImageView$5
instanceKlass javafx/scene/image/ImageView$6
instanceKlass javafx/scene/transform/Rotate$3
instanceKlass javafx/scene/transform/Rotate$2
instanceKlass javafx/scene/transform/Rotate$4
instanceKlass javafx/scene/transform/Rotate$1
instanceKlass javafx/scene/Node$12
instanceKlass javafx/scene/Node$11
instanceKlass javafx/css/StyleableDoubleProperty
instanceKlass javafx/beans/property/DoubleProperty$1
instanceKlass javafx/stage/Stage$9
instanceKlass javafx/stage/Stage$6
instanceKlass javafx/stage/Stage$8
instanceKlass javafx/stage/Stage$7
instanceKlass javafx/stage/Window$6
instanceKlass javafx/beans/property/SimpleDoubleProperty
ciInstanceKlass javafx/beans/property/DoublePropertyBase 1 1 230 10 7 12 1 1 1 9 7 12 1 1 1 9 12 1 1 9 12 1 1 9 12 1 1 9 12 1 1 10 7 12 1 1 1 10 12 1 1 10 12 1 10 12 1 10 12 1 1 10 12 1 10 12 11 7 12 1 1 1 10 12 1 1 100 1 10 12 1 1 10 12 1 1 10 100 12 1 1 1 10 100 12 1 1 18 12 1 1 8 1 18 12 1 10 12 1 10 12 1 100 1 8 1 10 100 1 100 1 10 12 1 100 1 10 12 1 11 12 1 1 10 12 1 7 1 10 12 1 11 12 1 11 12 7 1 10 12 1 100 1 8 1 10 8 1 10 12 1 1 10 12 1 8 1 10 100 1 8 1 8 1 8 1 10 10 12 1 8 1 8 1 10 12 1 100 1 10 12 1 1 10 12 1 1 1 1 1 1 1 1 1 1 1 1 1 1 1 1 1 1 1 1 1 1 8 1 8 1 15 10 100 12 1 1 1 1 1 100 1 100 1 1 1 100 1 8 10 1 8
ciInstanceKlass javafx/css/Styleable 1 1 27 100 1 100 1 1 1 1 1 1 1 1 1 1 1 1 1 1 1 1 1 1 1 1 1 1 1
ciMethod javafx/scene/Node isDirty (Lcom/sun/javafx/scene/DirtyBits;)Z 530 0 144956 0 208
ciMethod javafx/scene/Node doUpdatePeer ()V 772 0 5537 0 -1
ciMethod javafx/scene/Node getScene ()Ljavafx/scene/Scene; 516 0 215777 0 -1
ciMethod javafx/scene/Node getId ()Ljava/lang/String; 742 0 1851 0 -1
ciMethod javafx/scene/Node isVisible ()Z 522 0 25953 0 208
ciMethod javafx/scene/Node getOpacity ()D 486 0 2160 0 0
ciMethod javafx/scene/Node getBlendMode ()Ljavafx/scene/effect/BlendMode; 398 0 2060 0 0
ciMethod javafx/scene/Node getClip ()Ljavafx/scene/Node; 514 0 32128 0 288
ciMethod javafx/scene/Node isCache ()Z 398 0 2060 0 0
ciMethod javafx/scene/Node getCacheHint ()Ljavafx/scene/CacheHint; 398 0 2060 0 0
ciMethod javafx/scene/Node getEffect ()Ljavafx/scene/effect/Effect; 512 0 10746 0 0
ciMethod javafx/scene/Node isDerivedDepthTest ()Z 264 0 132 0 0
ciMethod javafx/scene/Node getPeer ()Lcom/sun/javafx/sg/prism/NGNode; 512 0 5920 0 168
ciMethod javafx/scene/Node getViewOrder ()D 1024 0 5959 0 0
instanceKlass javafx/scene/canvas/Canvas
instanceKlass javafx/scene/shape/Shape3D
instanceKlass javafx/scene/image/ImageView
instanceKlass javafx/scene/shape/Shape
instanceKlass javafx/scene/SubScene
instanceKlass javafx/scene/Camera
instanceKlass javafx/scene/Parent
ciInstanceKlass javafx/scene/Node 1 1 3428 7 1 10 7 12 1 1 1 10 12 1 1 9 12 1 1 11 7 12 1 1 1 10 12 1 1 10 7 12 1 1 1 10 12 1 1 10 7 12 1 1 11 12 1 11 12 1 11 12 1 11 12 1 9 12 1 1 9 7 12 1 1 1 10 12 1 1 9 12 1 10 7 12 1 1 10 12 1 10 12 1 1 10 12 1 9 12 1 9 12 1 9 12 1 9 12 1 10 12 1 1 10 12 1 9 12 1 1 9 7 12 1 1 1 10 12 1 1 9 12 1 10 12 1 10 12 1 1 9 7 12 1 1 9 12 1 10 12 1 1 10 7 12 1 1 1 10 7 12 1 1 10 7 1 10 12 1 18 12 1 1 10 7 12 1 1 1 9 12 1 10 12 1 1 9 12 1 10 12 1 1 10 12 1 1 10 12 1 1 10 12 1 1 9 12 1 10 12 1 10 7 12 1 1 1 10 12 1 1 9 12 1 10 12 1 10 12 1 1 10 12 1 1 9 12 1 10 12 1 1 9 12 1 10 12 1 1 10 7 12 1 1 1 10 12 1 9 12 1 10 12 1 10 12 1 1 10 12 1 10 12 1 1 9 12 1 10 12 1 10 12 1 9 12 1 10 12 1 1 10 12 1 1 10 12 1 1 9 12 1 1 7 1 10 12 1 10 7 12 1 1 1 11 7 1 10 12 1 1 9 12 1 1 11 12 1 1 11 12 1 1 10 12 1 1 10 7 12 1 1 1 9 12 1 1 10 12 1 7 1 10 12 1 1 7 1 10 12 10 12 1 10 7 1 9 12 1 1 10 12 1 1 10 12 1 10 12 1 10 12 1 10 12 1 10 12 1 10 12 1 10 12 1 1 10 12 1 1 10 12 1 9 12 1 1 10 12 1 10 12 1 10 12 1 1 10 12 1 9 12 1 1 10 7 12 1 1 9 12 1 1 10 12 1 1 10 100 12 1 1 10 10 12 1 10 12 1 10 10 10 10 12 1 1 10 7 1 9 12 1 1 10 7 1 10 9 12 1 1 10 12 1 9 12 1 8 1 7 1 10 12 1 10 12 1 1 10 7 12 1 9 12 1 1 10 12 7 1 10 12 1 10 12 1 1 10 7 1 9 12 1 1 9 12 1 1 10 7 12 1 1 1 10 12 1 1 10 10 12 1 1 10 7 12 1 9 12 1 1 10 12 7 1 10 12 1 10 12 1 9 12 1 1 10 100 1 100 1 10 12 1 10 12 1 9 12 1 1 10 10 10 12 1 10 10 10 12 1 9 12 1 1 10 10 10 12 1 9 12 1 1 10 10 10 12 1 9 12 1 1 10 12 1 1 10 10 9 7 12 1 1 10 9 12 1 10 12 1 9 12 1 10 12 1 10 12 1 10 10 12 1 9 12 1 7 1 8 10 12 1 10 12 1 1 10 7 1 9 12 1 1 10 10 12 1 7 1 10 10 10 12 1 10 10 12 1 10 10 100 12 1 1 1 10 12 1 1 10 100 12 1 1 1 10 12 1 1 100 1 10 12 1 100 1 10 11 7 1 10 12 1 10 12 1 10 12 1 1 10 12 1 1 10 100 12 1 1 10 12 1 1 10 12 1 1 9 12 1 1 9 7 12 1 1 10 12 1 10 12 1 10 12 1 1 11 7 12 1 1 1 11 12 1 10 12 1 10 12 1 10 12 1 10 12 1 10 12 1 10 12 1 10 12 10 100 12 1 1 1 100 1 10 10 7 12 1 1 1 10 12 1 1 10 100 12 1 1 10 12 1 10 12 1 10 12 1 10 7 12 1 1 1 9 12 1 10 7 12 1 1 10 12 10 12 10 12 10 12 1 10 12 1 1 10 12 1 1 10 12 1 1 10 7 12 1 1 1 10 12 1 10 10 10 12 1 1 10 10 12 1 10 10 12 1 1 10 12 1 100 1 8 1 10 12 10 12 1 1 18 12 1 1 10 12 1 1 10 12 1 9 12 1 1 10 7 12 1 1 1 10 12 1 1 10 10 12 1 10 12 1 10 10 12 1 10 12 1 10 10 12 1 10 12 1 10 10 12 1 10 12 1 10 10 12 1 1 100 1 8 1 10 10 12 1 1 8 1 9 12 1 10 12 1 10 12 1 9 100 12 1 1 1 10 100 12 1 1 8 1 10 12 10 100 12 1 1 10 12 1 1 10 9 12 1 1 10 7 12 1 1 1 7 1 4 10 12 1 10 7 1 10 7 1 10 9 12 1 1 9 12 1 10 9 12 1 9 12 1 9 12 1 9 12 1 9 12 1 9 12 1 9 12 1 1 7 1 10 9 12 1 1 7 1 10 9 12 1 7 1 10 9 12 1 1 9 12 1 9 12 1 7 1 10 9 12 1 1 10 12 1 1 9 12 1 9 12 1 10 12 1 9 12 1 7 1 10 10 12 1 9 12 1 7 1 10 10 12 1 9 12 1 7 1 10 10 12 1 1 10 7 1 10 12 1 10 10 12 1 10 7 12 1 1 1 9 7 12 1 1 1 10 7 12 1 1 1 10 12 1 18 12 1 10 12 1 10 12 1 1 10 12 1 10 10 12 1 1 10 10 12 1 10 12 1 1 6 0 10 12 1 10 12 1 10 12 1 10 12 1 10 12 1 9 100 12 1 1 1 10 12 1 1 10 7 12 1 1 1 10 12 1 10 12 1 6 0 10 12 1 10 12 1 100 1 10 12 1 9 12 1 1 100 1 10 12 1 10 12 1 10 12 1 10 12 1 10 12 1 10 100 1 10 7 12 1 1 10 12 1 10 12 1 10 12 1 10 12 1 10 12 1 10 12 1 10 12 1 10 12 1 9 12 1 1 10 7 12 1 1 10 12 1 1 9 12 1 1 10 12 1 10 12 1 10 12 1 10 10 12 1 10 12 1 1 10 12 1 10 12 1 1 10 12 10 12 1 10 12 10 12 1 9 12 1 1 10 12 1 1 10 100 12 1 1 10 12 1 1 10 10 12 1 10 12 1 6 0 10 12 1 10 12 1 10 10 12 1 10 12 1 10 10 12 1 10 12 1 7 1 10 12 1 10 12 1 9 7 12 1 1 10 12 1 9 12 1 1 10 7 12 1 1 10 12 1 10 12 1 10 12 1 10 12 1 10 12 1 1 10 12 1 10 12 1 10 12 1 10 12 1 10 12 10 12 10 12 1 10 12 1 10 10 10 10 10 10 10 10 10 10 12 1 1 10 12 1 1 10 12 1 10 12 1 10 12 1 10 12 1 10 10 12 1 10 12 1 1 9 12 1 1 10 12 1 1 7 1 10 12 1 10 12 1 10 12 1 1 10 12 1 10 10 10 12 1 10 12 1 10 12 1 7 1 10 12 1 10 12 1 10 12 1 10 12 1 1 10 12 1 10 12 1 1 10 12 1 9 12 1 1 9 7 12 1 1 1 9 12 1 10 12 1 1 7 1 10 12 10 7 12 1 1 10 12 1 10 12 1 1 10 12 1 10 12 1 1 10 10 7 1 10 10 10 12 1 1 10 12 10 100 12 1 1 1 10 12 1 1 10 7 1 10 10 12 1 10 12 1 1 10 7 12 1 1 1 10 12 10 12 1 10 12 10 12 1 10 12 1 10 12 1 10 12 9 12 9 12 10 12 10 12 1 10 12 1 1 10 12 10 12 10 12 1 1 10 100 12 1 1 10 100 12 1 1 1 10 12 1 10 12 10 12 10 12 1 10 12 1 10 12 1 10 12 1 10 12 1 10 12 10 12 10 12 10 12 1 10 12 10 12 10 12 10 12 1 9 12 1 10 12 1 10 12 1 10 12 1 10 12 10 10 10 10 12 1 10 12 1 1 10 12 1 1 10 12 1 10 12 1 10 12 1 10 12 1 10 12 1 10 12 1 10 12 1 10 12 1 10 12 1 10 12 1 10 12 1 10 12 10 12 1 10 12 1 1 10 12 1 1 10 12 1 10 12 1 11 12 1 1 11 7 12 1 1 11 12 1 10 12 1 1 10 12 1 1 10 12 1 10 10 10 10 10 12 10 12 10 12 1 10 12 1 10 7 12 1 1 1 10 12 1 10 12 1 10 12 1 1 10 12 1 10 12 1 10 12 1 1 10 7 12 1 1 1 10 12 1 1 10 12 1 1 10 12 1 10 10 6 0 6 0 10 12 1 6 0 6 0 10 12 1 10 10 10 12 1 10 12 1 1 10 10 12 1 10 10 10 12 1 10 10 10 12 1 10 10 10 12 1 10 10 10 12 1 10 10 10 12 1 10 10 10 12 1 10 10 10 12 1 9 12 1 1 10 10 10 12 1 10 10 10 12 1 10 10 10 10 9 12 1 1 9 100 12 1 1 10 12 1 1 10 7 12 1 1 1 10 12 1 10 12 1 9 12 1 9 7 12 1 1 7 1 10 12 1 10 12 1 1 9 12 1 9 12 1 9 12 1 1 7 1 10 10 12 1 1 10 12 1 10 12 1 1 10 12 1 10 10 12 1 10 12 1 10 12 1 10 12 1 10 12 1 10 12 1 10 10 12 1 10 10 10 12 1 9 12 1 7 1 10 10 12 1 9 12 1 7 1 10 10 12 1 10 12 1 10 10 12 1 10 12 1 10 10 12 1 10 12 1 10 10 12 1 10 12 1 10 10 12 1 10 12 1 10 10 12 1 10 12 1 10 10 12 1 10 12 1 10 10 12 1 10 12 1 10 10 12 1 10 12 1 10 10 12 1 10 12 1 10 10 12 1 10 12 1 10 10 12 1 10 12 1 10 10 12 1 10 12 1 10 10 12 1 10 12 1 10 10 12 1 10 12 1 10 10 12 1 10 12 1 10 10 12 1 10 12 1 10 10 12 1 10 12 1 10 10 12 1 10 12 1 10 10 12 1 10 12 1 10 10 12 1 10 12 1 10 10 12 1 10 12 1 10 10 12 1 10 12 1 10 10 12 1 10 12 1 10 10 12 1 10 12 1 10 10 12 1 10 12 1 10 10 12 1 10 12 1 10 10 12 1 10 12 1 10 10 12 1 10 12 1 10 10 12 1 10 12 1 10 10 12 1 10 12 1 10 10 12 1 10 12 1 10 10 12 1 10 12 1 10 10 12 1 10 12 1 10 10 12 1 9 12 1 1 10 12 1 1 10 10 7 1 10 12 1 10 10 9 12 1 1 10 12 1 1 10 12 1 10 12 1 1 10 10 12 1 9 12 1 7 1 10 10 12 1 10 12 1 10 12 1 10 12 1 1 10 100 12 1 1 1 9 100 12 1 1 1 10 12 1 10 12 1 1 10 12 1 1 100 1 10 10 12 1 10 12 1 11 10 12 1 1 10 12 1 10 100 12 1 1 10 12 1 8 1 8 1 8 1 8 1 10 12 1 10 10 7 12 1 1 1 9 12 1 1 10 12 1 10 12 1 9 12 1 10 12 1 1 9 12 1 9 12 1 10 12 1 9 12 1 9 12 1 9 12 1 1 9 7 12 1 9 12 1 10 12 1 1 10 12 1 10 12 1 10 12 1 1 10 10 12 1 10 12 1 10 12 1 10 12 1 10 12 1 9 12 1 1 10 7 1 10 12 10 7 1 10 10 10 12 1 18 12 1 10 12 1 9 12 1 100 1 10 10 12 1 7 1 10 9 12 1 10 7 12 1 1 1 10 12 1 10 12 1 10 12 1 10 12 1 9 12 1 1 10 12 1 7 1 8 10 12 1 10 12 9 12 1 1 18 12 1 1 11 7 12 1 1 1 10 12 1 1 7 1 10 12 1 9 12 1 10 7 1 10 9 12 1 9 12 1 10 12 1 10 12 1 10 12 1 1 9 12 1 1 100 1 10 10 10 12 10 10 100 1 10 12 1 1 11 100 12 1 1 10 12 1 1 11 12 1 1 11 10 12 1 9 12 1 1 10 12 1 1 10 7 1 10 12 1 9 100 12 1 1 1 9 7 12 1 1 1 10 12 1 1 10 7 12 1 1 1 8 1 10 12 1 10 12 1 11 10 12 1 9 12 9 12 1 10 12 1 11 7 1 11 9 12 1 1 10 12 1 1 10 12 1 9 12 1 10 9 10 9 10 12 1 1 9 12 1 10 12 1 10 12 10 12 1 1 11 11 9 7 12 1 1 1 10 12 1 10 12 1 10 12 1 10 12 1 9 7 12 1 1 1 10 12 1 9 12 1 8 10 12 1 9 12 1 1 9 100 12 1 1 10 12 1 1 10 12 1 10 12 1 9 12 1 10 12 1 10 12 1 9 12 1 10 12 1 10 9 12 1 10 100 1 10 12 1 1 10 12 10 12 10 12 10 12 10 12 1 1 10 12 1 9 12 1 10 100 1 10 12 100 1 9 12 1 100 1 10 12 1 10 12 1 10 12 1 1 10 12 1 1 10 100 12 1 1 1 10 12 1 1 100 1 10 10 12 1 11 12 1 10 12 1 1 100 1 10 12 1 11 100 12 1 1 100 1 7 1 8 1 10 12 1 1 8 1 10 7 12 1 1 7 1 10 10 12 1 1 9 7 12 1 1 9 7 12 1 1 8 10 7 12 1 1 1 9 12 1 1 8 9 12 1 8 9 12 1 8 9 12 1 8 1 9 12 1 8 1 9 12 1 8 1 9 12 1 18 12 1 100 1 100 1 1 1 1 1 1 1 1 1 1 1 1 1 6 0 1 1 1 6 0 1 1 1 1 1 3 1 3 1 1 1 3 1 1 1 1 1 1 1 1 1 1 1 1 1 100 1 100 1 1 1 1 1 1 1 1 1 1 1 1 1 1 1 1 100 1 1 1 1 1 1 1 1 1 1 1 100 1 1 1 1 1 1 1 1 1 1 1 1 1 1 100 1 1 1 1 1 1 1 100 1 1 1 1 1 1 1 1 1 1 1 1 1 1 1 1 1 1 1 1 1 1 1 1 1 1 1 1 1 1 1 1 1 1 1 1 1 1 1 1 1 1 1 1 1 1 1 1 1 1 1 1 1 1 1 1 1 1 1 1 1 1 1 1 1 1 1 1 1 1 1 1 1 1 1 1 1 1 1 1 1 1 1 1 1 1 1 1 1 1 1 1 1 1 1 1 1 1 1 1 1 1 1 1 1 1 1 1 1 1 1 1 1 1 1 1 1 1 1 1 1 1 1 1 1 1 100 1 1 1 1 1 1 1 1 1 1 1 1 1 1 100 1 1 1 1 1 1 1 1 1 1 1 1 1 1 1 1 1 1 1 1 1 1 1 1 1 1 1 1 1 1 1 1 1 1 1 1 1 1 1 1 1 1 1 1 1 1 1 1 1 1 1 1 1 1 1 1 1 1 1 1 1 1 1 1 1 1 1 1 1 1 1 1 1 1 1 1 1 1 100 1 100 1 100 1 100 1 100 1 100 1 100 1 100 1 100 1 100 1 100 1 100 1 100 1 100 1 100 1 100 1 100 1 100 1 100 1 100 1 100 1 100 1 100 1 100 1 100 1 100 1 100 1 100 1 100 1 100 1 100 1 100 1 100 1 100 1 100 1 100 1 100 1 100 1 100 1 1 100 1 100 1 100 1 100 1 100 1 1 8 1 16 15 10 12 8 1 8 1 16 15 10 12 16 15 10 12 15 10 100 12 1 1 15 10 7 12 1 1 1 1 100 1 1 1 1 1 1 1 1 1 1 1 1 1 1 1 1 100 1 1 100 1 1 1 100 1 100 1 1
staticfield javafx/scene/Node USER_DATA_KEY Ljava/lang/Object; java/lang/Object
staticfield javafx/scene/Node DEFAULT_ROTATION_AXIS Ljavafx/geometry/Point3D; javafx/geometry/Point3D
staticfield javafx/scene/Node DEFAULT_CACHE_HINT Ljavafx/scene/CacheHint; javafx/scene/CacheHint
staticfield javafx/scene/Node DEFAULT_CLIP Ljavafx/scene/Node; 
staticfield javafx/scene/Node DEFAULT_CURSOR Ljavafx/scene/Cursor; 
staticfield javafx/scene/Node DEFAULT_DEPTH_TEST Ljavafx/scene/DepthTest; javafx/scene/DepthTest
staticfield javafx/scene/Node DEFAULT_EFFECT Ljavafx/scene/effect/Effect; 
staticfield javafx/scene/Node DEFAULT_INPUT_METHOD_REQUESTS Ljavafx/scene/input/InputMethodRequests; 
staticfield javafx/scene/Node HOVER_PSEUDOCLASS_STATE Ljavafx/css/PseudoClass; com/sun/javafx/css/PseudoClassImpl
staticfield javafx/scene/Node PRESSED_PSEUDOCLASS_STATE Ljavafx/css/PseudoClass; com/sun/javafx/css/PseudoClassImpl
staticfield javafx/scene/Node DISABLED_PSEUDOCLASS_STATE Ljavafx/css/PseudoClass; com/sun/javafx/css/PseudoClassImpl
staticfield javafx/scene/Node FOCUSED_PSEUDOCLASS_STATE Ljavafx/css/PseudoClass; com/sun/javafx/css/PseudoClassImpl
staticfield javafx/scene/Node FOCUS_VISIBLE_PSEUDOCLASS_STATE Ljavafx/css/PseudoClass; com/sun/javafx/css/PseudoClassImpl
staticfield javafx/scene/Node FOCUS_WITHIN_PSEUDOCLASS_STATE Ljavafx/css/PseudoClass; com/sun/javafx/css/PseudoClassImpl
staticfield javafx/scene/Node SHOW_MNEMONICS_PSEUDOCLASS_STATE Ljavafx/css/PseudoClass; com/sun/javafx/css/PseudoClassImpl
staticfield javafx/scene/Node boundsAccessor Lcom/sun/javafx/scene/BoundsAccessor; javafx/scene/Node$$Lambda+0x0000022a460b2ea0
ciMethod javafx/scene/Scene isPGAccessAllowed ()Z 0 0 1 0 -1
ciMethodData com/sun/javafx/geom/RectBounds setBounds (Lcom/sun/javafx/geom/RectBounds;)V 2 9061 orig 80 0 0 0 0 0 0 0 0 0 0 0 0 0 0 0 0 0 0 0 0 0 0 0 0 0 0 0 0 0 0 0 0 0 0 0 0 0 0 0 0 0 0 0 0 0 0 0 0 0 0 0 0 0 0 0 0 0 0 0 0 0 0 0 0 0 0 0 0 0 0 0 0 0 0 0 0 0 0 0 0 data 34 0x20005 0x88 0x22a448ecd70 0x22dd 0x0 0x0 0xa0005 0x88 0x22a448ecd70 0x22dd 0x0 0x0 0x120005 0x88 0x22a448ecd70 0x22dd 0x0 0x0 0x1a0005 0x88 0x22a448ecd70 0x22dd 0x0 0x0 0x0 0x0 0x0 0x0 0x0 0x0 0x9 0x2 0x0 0x0 oops 4 2 com/sun/javafx/geom/RectBounds 8 com/sun/javafx/geom/RectBounds 14 com/sun/javafx/geom/RectBounds 20 com/sun/javafx/geom/RectBounds methods 0
ciMethodData com/sun/javafx/geom/RectBounds deriveWithUnion (Lcom/sun/javafx/geom/BaseBounds;)Lcom/sun/javafx/geom/BaseBounds; 2 6154 orig 80 0 0 0 0 0 0 0 0 0 0 0 0 0 0 0 0 0 0 0 0 0 0 0 0 0 0 0 0 0 0 0 0 0 0 0 0 0 0 0 0 0 0 0 0 0 0 0 0 0 0 0 0 0 0 0 0 0 0 0 0 0 0 0 0 0 0 0 0 0 0 0 0 0 0 0 0 0 0 0 0 data 61 0x10005 0x0 0x22a448ecd70 0x180a 0x0 0x0 0x70007 0x0 0x98 0x180a 0xb0004 0x0 0x22a448ecd70 0x180a 0x0 0x0 0x110005 0x0 0x22a448ecd70 0x180a 0x0 0x0 0x140003 0x180a 0xe8 0x180005 0x0 0x0 0x0 0x0 0x0 0x1e0007 0x0 0x90 0x0 0x260004 0x0 0x0 0x0 0x0 0x0 0x290002 0x0 0x2f0005 0x0 0x0 0x0 0x0 0x0 0x3a0002 0x0 0x0 0x0 0x0 0x0 0x0 0x0 0x9 0x2 0x0 0x0 oops 3 2 com/sun/javafx/geom/RectBounds 12 com/sun/javafx/geom/RectBounds 18 com/sun/javafx/geom/RectBounds methods 0
ciInstanceKlass javafx/css/StyleableProperty 1 0 19 100 1 100 1 100 1 1 1 1 1 1 1 1 1 1 1 1 1
instanceKlass javafx/scene/control/skin/ProgressIndicatorSkin$1
instanceKlass javafx/scene/layout/GridPane$3
instanceKlass javafx/scene/control/DialogPane$1
instanceKlass javafx/scene/layout/FlowPane$1
instanceKlass javafx/scene/layout/FlowPane$7
instanceKlass javafx/scene/layout/FlowPane$6
instanceKlass javafx/scene/layout/FlowPane$5
instanceKlass javafx/scene/control/ListView$1
instanceKlass javafx/scene/control/ScrollBar$1
instanceKlass javafx/scene/control/ScrollPane$1
instanceKlass javafx/scene/control/ScrollPane$2
instanceKlass javafx/scene/shape/Shape$StrokeAttributes$8
instanceKlass javafx/scene/shape/Shape$StrokeAttributes$3
instanceKlass javafx/scene/shape/Shape$StrokeAttributes$4
instanceKlass javafx/scene/shape/Shape$StrokeAttributes$1
instanceKlass javafx/scene/control/Separator$2
instanceKlass javafx/scene/control/Separator$3
instanceKlass javafx/scene/control/Separator$1
instanceKlass javafx/scene/control/skin/TextInputControlSkin$10
instanceKlass javafx/scene/control/skin/TextInputControlSkin$9
instanceKlass javafx/scene/control/skin/TextInputControlSkin$8
instanceKlass javafx/scene/control/skin/TextInputControlSkin$7
instanceKlass javafx/scene/Node$MiscProperties$7
instanceKlass javafx/scene/Node$MiscProperties$10
instanceKlass javafx/css/SimpleStyleableObjectProperty
instanceKlass javafx/scene/text/Text$TextAttribute$1
instanceKlass javafx/scene/text/Text$TextAttribute$4
instanceKlass javafx/scene/layout/HBox$2
instanceKlass javafx/scene/layout/StackPane$1
instanceKlass javafx/scene/control/TextField$3
instanceKlass javafx/scene/control/TextInputControl$2
instanceKlass javafx/scene/text/Text$9
instanceKlass javafx/scene/text/Text$7
instanceKlass javafx/scene/text/Text$6
instanceKlass javafx/scene/shape/Shape$4
instanceKlass javafx/scene/shape/Shape$2
instanceKlass javafx/scene/control/Labeled$15
instanceKlass javafx/scene/control/Labeled$4
instanceKlass javafx/scene/control/Labeled$13
instanceKlass javafx/scene/control/Labeled$12
instanceKlass javafx/scene/control/Labeled$3
instanceKlass javafx/scene/control/Labeled$7
instanceKlass javafx/scene/control/Labeled$2
instanceKlass javafx/scene/control/Labeled$8
instanceKlass javafx/scene/control/Control$2
instanceKlass javafx/scene/layout/VBox$2
instanceKlass javafx/scene/layout/Region$6
instanceKlass javafx/scene/layout/Region$ShapeProperty
instanceKlass javafx/scene/layout/Region$5
instanceKlass javafx/scene/layout/Region$4
instanceKlass javafx/scene/layout/Region$3
instanceKlass javafx/scene/Node$14
instanceKlass javafx/scene/Node$8
instanceKlass javafx/scene/Scene$51
ciInstanceKlass javafx/css/StyleableObjectProperty 1 1 258 10 7 12 1 1 1 10 12 1 1 10 12 10 7 12 1 1 1 10 7 12 1 1 1 10 12 1 1 7 1 10 12 1 1 10 12 1 1 9 12 1 1 10 12 1 7 1 10 7 12 1 1 1 10 12 1 1 10 9 12 1 1 11 100 12 1 1 10 100 12 1 1 1 100 1 10 100 12 1 1 1 10 100 12 1 1 1 100 1 10 12 1 100 1 10 10 12 1 1 10 100 12 1 1 1 10 12 1 1 10 100 12 1 1 1 10 100 12 1 1 1 10 12 1 1 10 12 1 1 11 100 12 1 1 1 11 100 1 11 12 1 1 100 1 10 12 1 11 12 1 1 11 12 1 10 12 1 1 10 12 11 12 1 10 12 1 10 12 1 1 100 1 10 12 1 1 10 100 12 1 1 1 100 1 10 12 1 9 12 1 1 10 12 1 1 10 12 1 1 10 12 1 1 10 12 1 9 7 12 1 1 11 100 1 1 1 1 1 1 1 1 1 100 1 1 1 1 1 1 1 1 1 1 1 1 1 1 1 1 1 1 1 1 1 1 1 100 1 8 1 12 10 1 8 1 1 8
ciMethod com/sun/javafx/scene/NodeHelper$NodeAccessor getHelper (Ljavafx/scene/Node;)Lcom/sun/javafx/scene/NodeHelper; 0 0 1 0 -1
ciInstanceKlass com/sun/javafx/scene/NodeHelper$NodeAccessor 1 0 95 100 1 100 1 1 1 1 1 1 1 1 1 1 1 1 1 1 1 1 1 1 1 1 1 1 1 1 1 1 1 1 1 1 1 1 1 1 1 1 1 1 1 1 1 1 1 1 1 1 1 1 1 1 1 1 1 1 1 1 1 1 1 1 1 1 1 1 1 1 1 1 1 1 1 1 1 1 1 1 1 1 1 1 1 1 1 1 1 1 1 100 1 1 1
instanceKlass javafx/scene/control/skin/ProgressIndicatorSkin$3
instanceKlass javafx/scene/control/DatePicker$1
instanceKlass javafx/scene/layout/GridPane$4
instanceKlass javafx/scene/control/ScrollPane$5
instanceKlass javafx/scene/control/ScrollPane$4
instanceKlass javafx/scene/control/ScrollPane$3
instanceKlass javafx/scene/control/skin/TextInputControlSkin$11
instanceKlass javafx/scene/text/Text$TextAttribute$3
instanceKlass javafx/scene/text/Text$TextAttribute$2
instanceKlass javafx/scene/layout/HBox$3
instanceKlass javafx/scene/shape/Shape$5
instanceKlass javafx/scene/control/Labeled$6
instanceKlass javafx/scene/control/Labeled$10
instanceKlass javafx/scene/image/ImageView$10
instanceKlass javafx/scene/image/ImageView$9
instanceKlass javafx/scene/layout/VBox$3
instanceKlass javafx/scene/layout/Region$2
instanceKlass javafx/scene/layout/Region$10
instanceKlass javafx/scene/layout/Region$9
instanceKlass javafx/scene/layout/Region$11
instanceKlass javafx/scene/Node$19
instanceKlass javafx/scene/Node$10
instanceKlass javafx/scene/Node$6
ciInstanceKlass javafx/css/StyleableBooleanProperty 1 1 140 10 7 12 1 1 1 10 12 1 1 10 12 10 7 12 1 1 1 7 1 10 7 12 1 1 1 10 12 1 1 10 12 1 1 10 7 12 1 1 1 10 9 12 1 1 9 100 12 1 1 1 10 12 1 10 12 1 10 100 12 1 1 1 10 100 12 1 1 1 10 12 1 1 10 100 12 1 1 1 10 12 1 1 9 12 1 1 10 12 1 1 10 12 1 9 7 12 1 1 10 12 1 10 12 1 1 100 1 1 1 1 100 1 1 1 1 1 1 1 1 1 1 1 1 1 1 1 1 100 1 8 1 12 10 1 8 1 1 8
instanceKlass javafx/scene/layout/GridPane$2
instanceKlass javafx/scene/layout/GridPane$1
instanceKlass javafx/scene/layout/FlowPane$3
instanceKlass javafx/scene/layout/FlowPane$2
instanceKlass javafx/scene/control/skin/CellSkinBase$1
instanceKlass javafx/scene/control/ListView$2
instanceKlass javafx/scene/control/ScrollBar$3
instanceKlass javafx/scene/control/ScrollBar$2
instanceKlass javafx/scene/shape/Shape$StrokeAttributes$6
instanceKlass javafx/scene/shape/Shape$StrokeAttributes$5
instanceKlass javafx/scene/shape/Shape$StrokeAttributes$2
instanceKlass javafx/scene/shape/Rectangle$6
instanceKlass javafx/scene/shape/Rectangle$7
instanceKlass javafx/scene/Node$MiscProperties$1
instanceKlass javafx/scene/text/Text$TextAttribute$5
instanceKlass javafx/scene/Node$NodeTransformation$6
instanceKlass javafx/scene/Node$NodeTransformation$4
instanceKlass javafx/scene/Node$NodeTransformation$7
instanceKlass javafx/scene/Node$NodeTransformation$2
instanceKlass javafx/scene/Node$NodeTransformation$3
instanceKlass javafx/scene/Node$NodeTransformation$5
instanceKlass javafx/scene/Node$NodeTransformation$8
instanceKlass javafx/scene/layout/HBox$1
instanceKlass javafx/scene/control/Labeled$14
instanceKlass javafx/scene/control/Labeled$11
instanceKlass javafx/scene/image/ImageView$7
instanceKlass javafx/scene/image/ImageView$8
instanceKlass javafx/scene/layout/VBox$1
instanceKlass javafx/scene/layout/Region$MinPrefMaxProperty
instanceKlass javafx/scene/Node$7
ciInstanceKlass javafx/css/StyleableDoubleProperty 1 1 140 10 7 12 1 1 1 10 12 1 1 10 12 10 7 12 1 1 1 7 1 10 7 12 1 1 1 10 12 1 1 10 12 1 1 10 7 12 1 1 1 10 9 12 1 1 9 100 12 1 1 1 10 12 1 10 12 1 10 100 12 1 1 1 10 100 12 1 1 1 10 12 1 1 10 100 12 1 1 1 10 12 1 1 9 12 1 1 10 12 1 1 10 12 1 9 7 12 1 1 10 12 1 10 12 1 1 100 1 1 1 1 100 1 1 1 1 1 1 1 1 1 1 1 1 1 1 1 1 100 1 8 1 12 10 1 8 1 1 8
ciMethod com/sun/javafx/sg/prism/NGNode setVisible (Z)V 410 0 2097 0 0
ciMethod com/sun/javafx/sg/prism/NGNode setContentBounds (Lcom/sun/javafx/geom/BaseBounds;)V 622 0 4736 0 0
ciMethod com/sun/javafx/sg/prism/NGNode setTransformedBounds (Lcom/sun/javafx/geom/BaseBounds;Z)V 690 0 5369 0 0
ciMethod com/sun/javafx/sg/prism/NGNode setTransformMatrix (Lcom/sun/javafx/geom/transform/BaseTransform;)V 480 0 2780 0 0
ciMethod com/sun/javafx/sg/prism/NGNode setClipNode (Lcom/sun/javafx/sg/prism/NGNode;)V 400 0 2061 0 0
ciMethod com/sun/javafx/sg/prism/NGNode setOpacity (F)V 486 0 2160 0 0
ciMethod com/sun/javafx/sg/prism/NGNode setViewOrder (D)V 398 0 2060 0 0
ciMethod com/sun/javafx/sg/prism/NGNode setNodeBlendMode (Lcom/sun/scenario/effect/Blend$Mode;)V 398 0 2060 0 0
ciMethod com/sun/javafx/sg/prism/NGNode setDepthTest (Z)V 398 0 2060 0 0
ciMethod com/sun/javafx/sg/prism/NGNode setCachedAsBitmap (ZLjavafx/scene/CacheHint;)V 398 0 2060 0 0
ciMethod com/sun/javafx/sg/prism/NGNode setEffect (Lcom/sun/scenario/effect/Effect;)V 398 0 2074 0 0
ciMethod com/sun/javafx/sg/prism/NGNode effectChanged ()V 16 0 93 0 0
ciMethod com/sun/javafx/sg/prism/NGNode setParent (Lcom/sun/javafx/sg/prism/NGNode;)V 610 0 1941 0 -1
ciMethod com/sun/javafx/sg/prism/NGNode setParent (Lcom/sun/javafx/sg/prism/NGNode;Z)V 646 0 2017 0 0
ciMethod com/sun/javafx/sg/prism/NGNode setName (Ljava/lang/String;)V 0 0 1 0 -1
ciMethod com/sun/javafx/sg/prism/NGNode getEffect ()Lcom/sun/scenario/effect/Effect; 512 0 14216 0 0
ciMethod com/sun/javafx/sg/prism/NGNode visualsChanged ()V 1024 0 9640 0 0
ciMethod com/sun/javafx/sg/prism/NGNode markDirty ()V 768 0 19015 0 0
ciMethod com/sun/javafx/sg/prism/NGNode markDirtyByTranslation ()V 0 0 1 0 -1
ciMethod com/sun/javafx/sg/prism/NGNode markTreeDirty ()V 40 192 1273 0 0
ciMethod com/sun/javafx/sg/prism/NGNode invalidateCache ()V 768 0 19415 0 0
ciMethod com/sun/javafx/sg/prism/NGNode hasVisuals ()Z 256 0 3088 0 -1
ciMethod com/sun/javafx/sg/prism/NGNode invalidateOpaqueRegion ()V 518 0 13684 0 0
instanceKlass com/sun/javafx/sg/prism/NGCanvas
instanceKlass com/sun/javafx/sg/prism/NGCamera
instanceKlass com/sun/javafx/sg/prism/NGShape
instanceKlass com/sun/javafx/sg/prism/NGImageView
instanceKlass com/sun/javafx/sg/prism/NGGroup
ciInstanceKlass com/sun/javafx/sg/prism/NGNode 1 1 1140 7 1 10 7 12 1 1 1 9 7 12 1 1 1 9 12 1 7 1 10 9 12 1 1 9 12 1 9 12 1 9 12 1 1 9 7 12 1 1 1 9 12 1 9 12 1 1 9 12 1 1 9 12 1 9 12 1 9 12 1 1 9 12 1 9 12 1 1 9 12 1 9 12 1 10 12 1 10 7 12 1 1 1 10 12 1 1 10 12 1 1 10 12 1 10 12 1 10 9 12 1 1 9 12 1 1 9 7 12 1 1 9 12 1 1 100 1 10 10 12 1 1 10 12 1 10 12 1 10 12 1 10 12 1 10 12 1 10 12 1 10 12 1 10 12 1 10 12 1 10 12 1 9 12 1 10 12 1 9 12 1 10 12 1 1 10 12 1 10 12 1 9 12 1 10 12 1 1 10 12 1 10 12 1 100 1 8 1 10 12 1 9 12 1 1 8 1 7 1 10 12 1 10 12 1 1 10 12 1 1 10 12 1 10 12 1 1 9 12 1 9 12 1 1 7 1 10 12 1 10 10 10 12 1 9 12 1 9 12 1 1 10 12 1 10 12 1 10 12 1 1 10 12 1 10 12 1 10 12 1 10 12 1 10 12 1 10 12 1 10 12 1 1 10 12 1 10 12 1 10 12 1 10 12 1 1 10 12 1 10 12 1 10 12 1 10 12 1 10 12 1 1 10 12 1 10 12 1 9 12 1 9 12 1 10 12 1 1 10 12 1 1 7 1 10 12 1 1 11 7 12 1 1 1 11 7 12 1 1 11 12 1 1 10 12 1 10 12 1 1 11 12 1 1 11 12 1 1 10 12 1 10 12 1 10 12 1 1 100 1 10 7 1 10 12 1 1 9 12 1 100 1 10 10 12 1 1 10 12 1 1 10 12 1 1 10 10 12 1 1 10 12 1 10 12 1 10 12 1 1 9 12 1 1 10 12 1 100 1 10 7 12 1 1 1 10 7 1 10 12 1 10 12 1 10 12 1 1 10 12 1 1 10 12 1 1 10 12 1 1 10 12 1 10 12 1 1 10 12 1 10 12 1 1 10 7 1 10 9 12 1 10 10 10 12 1 1 10 12 1 1 8 1 10 100 12 1 1 1 8 1 8 1 8 1 8 1 8 1 8 1 8 1 8 1 8 1 8 1 10 12 1 1 10 12 1 10 12 1 10 12 1 1 10 12 1 100 1 10 18 12 1 1 11 12 1 8 1 8 1 18 18 18 8 1 8 1 8 1 10 12 1 1 10 10 10 12 1 10 12 1 18 12 1 11 18 12 1 8 1 100 1 18 18 12 1 18 12 1 18 18 9 7 12 1 1 9 12 1 10 12 1 9 12 1 9 12 1 6 0 3 3 3 3 3 3 8 1 10 12 1 1 9 7 12 1 1 1 10 7 12 1 9 12 1 10 12 1 10 12 1 9 7 12 1 9 12 10 100 12 1 1 1 10 12 1 1 3 9 12 1 1 10 7 12 1 1 10 12 10 12 1 1 10 12 1 9 12 1 10 12 1 9 12 1 1 10 12 1 1 10 10 10 12 1 10 10 12 1 1 10 12 1 10 12 1 10 12 1 10 7 12 1 1 9 100 12 1 1 9 7 12 1 1 8 1 10 12 1 10 12 1 1 10 12 1 11 7 12 1 1 1 9 12 1 11 12 1 11 12 1 11 12 1 11 12 1 10 11 12 1 11 12 1 11 12 1 7 1 10 12 1 10 12 1 10 12 1 10 12 1 1 10 12 1 10 12 1 10 12 1 1 9 12 1 1 10 7 12 1 1 10 12 1 10 12 1 9 12 1 100 1 11 12 1 8 1 10 12 1 1 10 12 1 1 10 12 10 7 12 1 1 1 10 10 12 1 1 10 12 1 1 100 1 10 12 1 1 11 12 1 1 11 12 1 11 12 1 1 10 12 1 1 100 1 100 1 10 12 1 10 12 1 11 12 1 1 11 12 1 9 100 12 1 1 1 11 12 1 1 10 12 1 1 10 12 1 1 11 12 1 1 10 11 12 1 1 11 12 1 10 12 1 7 1 10 12 1 1 10 12 1 1 10 11 12 1 100 1 9 100 12 1 1 1 10 12 1 9 12 1 9 12 1 10 12 1 11 12 1 11 12 1 1 10 12 10 12 1 10 12 1 1 11 12 1 1 10 12 1 7 1 10 10 11 12 1 11 12 1 1 11 12 1 1 10 100 12 1 1 1 10 12 1 1 10 12 1 1 10 12 1 1 10 12 1 1 10 100 12 1 1 10 12 1 10 12 1 10 12 1 1 10 12 1 1 10 7 12 1 1 10 7 12 1 1 1 9 12 1 1 10 12 1 10 12 1 1 10 10 10 1 1 3 1 3 1 3 1 3 1 1 1 1 1 1 1 1 1 1 1 1 1 1 1 1 1 1 1 1 1 1 1 1 1 1 1 1 1 1 1 1 100 1 1 1 100 1 1 100 1 100 1 1 1 1 1 1 1 8 1 8 1 8 1 8 1 8 1 8 1 8 1 8 1 8 1 8 1 8 1 15 10 100 12 1 1 1 1 1 1 1 1 1 100 1 100 1 1
staticfield com/sun/javafx/sg/prism/NGNode pipeline Lcom/sun/prism/GraphicsPipeline; com/sun/prism/d3d/D3DPipeline
staticfield com/sun/javafx/sg/prism/NGNode effectsSupported Ljava/lang/Boolean; java/lang/Boolean
staticfield com/sun/javafx/sg/prism/NGNode TEMP_BOUNDS Lcom/sun/javafx/geom/BoxBounds; com/sun/javafx/geom/BoxBounds
staticfield com/sun/javafx/sg/prism/NGNode TEMP_RECT_BOUNDS Lcom/sun/javafx/geom/RectBounds; com/sun/javafx/geom/RectBounds
staticfield com/sun/javafx/sg/prism/NGNode TEMP_TRANSFORM Lcom/sun/javafx/geom/transform/Affine3D; com/sun/javafx/geom/transform/Affine3D
staticfield com/sun/javafx/sg/prism/NGNode $assertionsDisabled Z 1
ciMethod com/sun/javafx/scene/NodeHelper getHelper (Ljavafx/scene/Node;)Lcom/sun/javafx/scene/NodeHelper; 772 0 110351 0 160
ciMethod com/sun/javafx/scene/NodeHelper createPeer (Ljavafx/scene/Node;)Lcom/sun/javafx/sg/prism/NGNode; 90 0 579 0 0
ciMethod com/sun/javafx/scene/NodeHelper createPeerImpl (Ljavafx/scene/Node;)Lcom/sun/javafx/sg/prism/NGNode; 0 0 1 0 -1
instanceKlass com/sun/javafx/scene/canvas/CanvasHelper
instanceKlass com/sun/javafx/scene/CameraHelper
instanceKlass com/sun/javafx/scene/shape/ShapeHelper
instanceKlass com/sun/javafx/scene/ImageViewHelper
instanceKlass com/sun/javafx/scene/ParentHelper
ciInstanceKlass com/sun/javafx/scene/NodeHelper 1 1 263 10 7 12 1 1 1 9 7 12 1 1 1 11 7 12 1 1 1 11 12 1 1 10 10 12 1 1 10 12 1 1 10 12 1 1 10 12 1 1 10 12 1 1 10 12 1 10 12 1 1 10 12 1 1 10 12 1 1 10 12 1 10 12 1 10 12 1 11 12 1 11 12 1 11 12 1 11 12 1 11 12 1 11 12 1 11 12 1 11 12 1 11 12 1 11 12 1 1 11 12 1 1 11 12 1 11 12 1 11 12 1 1 11 12 1 11 12 1 1 11 12 1 11 12 1 1 11 12 1 1 11 12 1 1 11 12 1 11 12 1 11 12 1 11 12 1 11 12 1 1 11 12 1 11 12 1 11 12 1 1 11 12 1 1 11 12 1 11 12 1 11 12 1 1 11 12 1 11 12 1 1 11 12 1 11 12 1 1 11 12 1 1 11 12 1 11 12 1 1 11 12 1 1 11 12 1 1 11 12 1 1 11 12 1 1 11 12 1 1 100 1 10 7 1 10 7 12 1 1 1 1 1 1 1 1 1 1 1 1 1 1 1 1 1 1 1 1 1 1 1 1 1 1 1 1 1 1 1 1 1 1 1
ciMethodData com/sun/javafx/geom/transform/BaseTransform <init> ()V 2 12079 orig 80 0 0 0 0 0 0 0 0 0 0 0 0 0 0 0 0 0 0 0 0 0 0 0 0 0 0 0 0 0 0 0 0 0 0 0 0 0 0 0 0 0 0 0 0 0 0 0 0 0 0 0 0 0 0 0 0 0 0 0 0 0 0 0 0 0 0 0 0 0 0 0 0 0 0 0 0 0 0 0 0 data 7 0x10002 0x2f2f 0x0 0x0 0x9 0x1 0x0 oops 0 methods 0
ciMethod javafx/scene/effect/Effect createPeer ()Lcom/sun/scenario/effect/Effect; 0 0 1 0 -1
ciMethod javafx/scene/effect/Effect getPeer ()Lcom/sun/scenario/effect/Effect; 32 0 168 0 0
ciMethod javafx/scene/effect/Effect isEffectDirty (Lcom/sun/javafx/effect/EffectDirtyBits;)Z 32 0 350 0 -1
ciMethod javafx/scene/effect/Effect clearEffectDirty (Lcom/sun/javafx/effect/EffectDirtyBits;)V 16 0 65 0 -1
ciMethod javafx/scene/effect/Effect sync ()V 16 0 93 0 0
ciMethod javafx/scene/effect/Effect update ()V 0 0 1 0 -1
instanceKlass javafx/scene/effect/InnerShadow
instanceKlass javafx/scene/effect/DropShadow
ciInstanceKlass javafx/scene/effect/Effect 1 1 172 10 7 12 1 1 1 7 1 8 1 10 12 1 9 7 12 1 1 9 7 12 1 1 1 10 12 1 1 9 12 1 10 12 1 9 12 1 1 10 12 1 1 10 12 1 1 10 7 12 1 1 1 10 12 1 1 10 12 1 1 10 12 1 10 12 1 10 12 1 10 12 1 10 12 1 1 10 7 12 1 1 1 100 1 10 10 12 1 1 10 7 12 1 1 1 9 7 12 1 1 1 10 7 12 1 1 4 10 12 1 1 10 12 1 1 10 7 12 1 1 1 10 12 1 1 10 12 1 1 11 7 12 1 1 1 7 1 10 10 7 12 1 1 1 1 1 1 1 1 1 1 1 1 1 1 1 1 1 1 1 1 100 1 100 1 1 100 1 1 1 1
ciMethod javafx/scene/Node$MiscProperties getViewOrder ()D 190 0 738 0 0
ciMethod javafx/scene/Node$MiscProperties isCache ()Z 82 0 324 0 0
ciMethod javafx/scene/Node$MiscProperties getCacheHint ()Ljavafx/scene/CacheHint; 82 0 324 0 0
ciMethod javafx/scene/Node$MiscProperties getClip ()Ljavafx/scene/Node; 100 0 6203 0 0
ciMethod javafx/scene/Node$MiscProperties getEffect ()Ljavafx/scene/effect/Effect; 100 0 3042 0 0
ciMethod com/sun/javafx/sg/prism/NGShape visualsChanged ()V 1024 0 1216 0 0
instanceKlass com/sun/javafx/sg/prism/NGArc
instanceKlass com/sun/javafx/sg/prism/NGCircle
instanceKlass com/sun/javafx/sg/prism/NGSVGPath
instanceKlass com/sun/javafx/sg/prism/NGRectangle
instanceKlass com/sun/javafx/sg/prism/NGPath
instanceKlass com/sun/javafx/sg/prism/NGText
ciInstanceKlass com/sun/javafx/sg/prism/NGShape 1 1 352 10 7 12 1 1 1 9 7 12 1 1 1 9 7 12 1 1 10 12 1 9 7 12 1 1 1 9 12 1 10 12 1 9 12 1 1 10 7 12 1 1 1 10 12 1 9 12 1 9 12 1 1 9 7 12 1 1 1 7 1 9 12 1 9 7 12 1 1 1 9 12 1 9 7 12 1 1 1 9 12 1 10 12 1 10 12 1 10 12 1 100 1 11 7 12 1 1 1 11 7 12 1 1 1 10 9 12 1 1 11 100 12 1 1 10 100 12 1 1 1 9 12 1 7 1 11 12 1 1 10 7 12 1 1 10 12 1 1 10 12 1 10 12 1 10 12 1 1 10 12 1 10 12 1 10 12 1 9 12 1 1 10 100 12 1 1 1 10 12 1 11 12 1 11 12 1 9 12 1 1 10 12 1 9 12 1 10 12 1 1 6 0 11 12 1 10 12 1 9 100 12 1 1 1 11 12 1 1 10 12 1 11 12 1 1 11 12 1 11 12 1 1 11 12 1 1 10 12 1 10 12 1 11 12 1 10 12 1 1 11 12 1 1 11 12 1 11 12 1 1 11 12 1 11 12 1 9 12 1 1 10 12 1 1 10 12 1 1 9 12 1 11 12 1 1 11 7 12 1 1 1 10 12 1 11 12 1 1 11 12 1 9 12 1 10 12 1 1 10 9 7 12 1 1 1 11 12 1 1 10 12 1 1 10 12 1 1 10 12 1 10 12 1 1 1 1 1 1 1 1 1 1 1 1 1 1 1 1 100 1 1 1 1 1 1 1 1 100 1 1 1
instanceKlass javafx/beans/property/IntegerPropertyBase
ciInstanceKlass javafx/beans/property/IntegerProperty 1 1 179 10 7 12 1 1 1 10 100 12 1 1 1 8 1 100 1 10 10 100 12 1 1 1 10 100 12 1 1 1 10 100 12 1 1 1 10 100 12 1 1 1 10 12 1 10 12 1 1 10 12 1 1 100 1 8 1 10 12 1 8 1 10 12 1 1 10 12 1 8 1 8 1 10 100 12 1 1 1 8 1 8 1 10 12 1 10 12 1 8 1 10 12 1 8 1 10 100 12 1 1 1 100 1 10 12 1 100 1 10 12 1 10 12 1 1 10 12 1 1 100 1 100 1 1 1 1 1 1 100 1 1 1 1 1 1 1 1 1 1 1 1 1 1 1 1 100 1 8 10 1 1 1 8 1 1 8 1 1 1 8 1 8 1 8 1 8 1 1 1 8 1 1 8 1 1 8 1 8
ciMethod javafx/beans/property/IntegerProperty get ()I 0 0 1 0 -1
ciMethodData com/sun/javafx/geom/RectBounds unionWith (Lcom/sun/javafx/geom/RectBounds;)V 2 6145 orig 80 0 0 0 0 0 0 0 0 0 0 0 0 0 0 0 0 0 0 0 0 0 0 0 0 0 0 0 0 0 0 0 0 0 0 0 0 0 0 0 0 0 0 0 0 0 0 0 0 0 0 0 0 0 0 0 0 0 0 0 0 0 0 0 0 0 0 0 0 0 0 0 0 0 0 0 0 0 0 0 0 data 68 0x10005 0x0 0x22a448ecd70 0x1801 0x0 0x0 0x40007 0x17f7 0x20 0xa 0x90005 0x0 0x22a448ecd70 0x17f7 0x0 0x0 0xc0007 0x121e 0x50 0x5d9 0x110005 0x0 0x22a448ecd70 0x5d9 0x0 0x0 0x1b0005 0x0 0x22a448ecd70 0x121e 0x0 0x0 0x1e0002 0x121e 0x2a0005 0x0 0x22a448ecd70 0x121e 0x0 0x0 0x2d0002 0x121e 0x390005 0x0 0x22a448ecd70 0x121e 0x0 0x0 0x3c0002 0x121e 0x480005 0x0 0x22a448ecd70 0x121e 0x0 0x0 0x4b0002 0x121e 0x0 0x0 0x0 0x0 0x0 0x0 0x9 0x2 0x0 0x0 oops 7 2 com/sun/javafx/geom/RectBounds 12 com/sun/javafx/geom/RectBounds 22 com/sun/javafx/geom/RectBounds 28 com/sun/javafx/geom/RectBounds 36 com/sun/javafx/geom/RectBounds 44 com/sun/javafx/geom/RectBounds 52 com/sun/javafx/geom/RectBounds methods 0
ciMethodData javafx/beans/property/ObjectPropertyBase get ()Ljava/lang/Object; 2 377410 orig 80 0 0 0 0 0 0 0 0 0 0 0 0 0 0 0 0 0 0 0 0 0 0 0 0 0 0 0 0 0 0 0 0 0 0 0 0 0 0 0 0 0 0 0 0 0 0 0 0 0 0 0 0 0 0 0 0 0 0 0 0 0 0 0 0 0 0 0 0 0 0 0 0 0 0 0 0 0 0 0 0 data 22 0x90007 0x201b 0x38 0x5a227 0x100003 0x5a227 0x48 0x170005 0x2bc 0x22a8b1e73d0 0x6fb 0x22a8b1e7480 0x1664 0x0 0x0 0x0 0x0 0x0 0x0 0x9 0x1 0x6 oops 2 9 javafx/scene/control/Labeled$15 11 javafx/scene/control/Labeled$7 methods 0
ciMethod com/sun/scenario/effect/Effect <init> ()V 16 0 104 0 0
instanceKlass com/sun/javafx/sg/prism/NGCanvas$RenderInput
instanceKlass com/sun/javafx/sg/prism/NGCanvas$EffectInput
instanceKlass com/sun/scenario/effect/DelegateEffect
instanceKlass com/sun/scenario/effect/Offset
instanceKlass com/sun/javafx/sg/prism/NGNode$EffectDirtyBoundsHelper
instanceKlass com/sun/javafx/sg/prism/NodeEffectInput
instanceKlass com/sun/scenario/effect/FilterEffect
instanceKlass com/sun/javafx/sg/prism/NGNode$PassThrough
ciInstanceKlass com/sun/scenario/effect/Effect 1 1 241 10 7 12 1 1 1 10 7 12 1 1 1 9 7 12 1 1 1 9 12 1 9 12 1 1 7 1 10 12 1 10 12 1 1 10 12 1 1 11 7 12 1 1 1 100 1 8 1 10 12 1 11 12 1 1 11 12 1 1 10 100 12 1 1 1 100 1 10 10 12 1 1 10 12 1 10 100 1 10 12 1 10 12 10 10 100 12 1 1 1 10 12 1 1 10 100 12 1 1 10 12 1 1 10 12 1 1 10 12 1 10 12 1 10 12 1 10 12 1 1 10 12 1 1 10 100 12 1 1 1 10 100 12 1 1 10 12 1 1 11 12 1 1 10 12 1 10 7 12 1 1 1 10 12 1 1 10 12 1 10 12 1 1 10 12 1 1 9 12 1 1 18 12 1 10 7 12 1 1 1 1 1 1 1 1 1 1 1 1 1 1 1 1 100 1 1 1 1 1 1 1 1 1 1 1 1 1 1 1 1 1 1 1 1 1 1 100 1 1 16 15 10 12 15 10 7 12 1 1 1 1 100 1 1 1 100 1 100 1 1
staticfield com/sun/scenario/effect/Effect DefaultInput Lcom/sun/scenario/effect/Effect; 
ciMethod com/sun/javafx/sg/prism/NodeEffectInput <init> (Lcom/sun/javafx/sg/prism/NGNode;)V 16 0 103 0 0
ciMethod com/sun/javafx/sg/prism/NodeEffectInput <init> (Lcom/sun/javafx/sg/prism/NGNode;Lcom/sun/javafx/sg/prism/NodeEffectInput$RenderType;)V 16 0 103 0 0
ciMethod com/sun/javafx/sg/prism/NodeEffectInput setNode (Lcom/sun/javafx/sg/prism/NGNode;)V 12 0 14 0 -1
ciMethod com/sun/javafx/geom/Rectangle <init> ()V 22 0 22 0 0
ciMethod com/sun/javafx/geom/Rectangle <init> (IIII)V 234 0 6193 0 0
ciMethodData com/sun/javafx/scene/NodeHelper getHelper (Ljavafx/scene/Node;)Lcom/sun/javafx/scene/NodeHelper; 2 110074 orig 80 0 0 0 0 0 0 0 0 0 0 0 0 0 0 0 0 0 0 0 0 0 0 0 0 0 0 0 0 0 0 0 0 0 0 0 0 0 0 0 0 0 0 0 0 0 0 0 0 0 0 0 0 0 0 0 0 0 0 0 0 0 0 0 0 0 0 0 0 0 0 0 0 0 0 0 0 0 0 0 0 data 15 0x40005 0x0 0x22a8aff74b0 0x1adfa 0x0 0x0 0x0 0x0 0x0 0x0 0x0 0x0 0x9 0x1 0xffffffffffffffff oops 1 2 javafx/scene/Node$1 methods 0
ciMethodData javafx/scene/Node isVisible ()Z 2 25692 orig 80 0 0 0 0 0 0 0 0 0 0 0 0 0 0 0 0 0 0 0 0 0 0 0 0 0 0 0 0 0 0 0 0 0 0 0 0 0 0 0 0 0 0 0 0 0 0 0 0 0 0 0 0 0 0 0 0 0 0 0 0 0 0 0 0 0 0 0 0 0 0 0 0 0 0 0 0 0 0 0 0 data 22 0x40007 0xd8b 0x38 0x56d1 0x80003 0x56d1 0x48 0xf0005 0x0 0x22a8b1f3570 0xd8b 0x0 0x0 0x0 0x0 0x0 0x0 0x0 0x0 0x9 0x1 0x0 oops 1 9 javafx/scene/Node$6 methods 0
ciMethodData javafx/beans/property/BooleanPropertyBase get ()Z 2 30393 orig 80 0 0 0 0 0 0 0 0 0 0 0 0 0 0 0 0 0 0 0 0 0 0 0 0 0 0 0 0 0 0 0 0 0 0 0 0 0 0 0 0 0 0 0 0 0 0 0 0 0 0 0 0 0 0 0 0 0 0 0 0 0 0 0 0 0 0 0 0 0 0 0 0 0 0 0 0 0 0 0 0 data 22 0x90007 0x1f9 0x38 0x74c0 0x100003 0x74c0 0x48 0x170005 0x15 0x22a8b1f3f40 0xfc 0x22a8b1f3ff0 0xe8 0x0 0x0 0x0 0x0 0x0 0x0 0x9 0x1 0x6 oops 2 9 javafx/beans/binding/Bindings$BooleanAndBinding 11 javafx/scene/control/skin/TextFieldSkin$5 methods 0
ciMethodData javafx/beans/property/DoublePropertyBase get ()D 2 57377 orig 80 0 0 0 0 0 0 0 0 0 0 0 0 0 0 0 0 0 0 0 0 0 0 0 0 0 0 0 0 0 0 0 0 0 0 0 0 0 0 0 0 0 0 0 0 0 0 0 0 0 0 0 0 0 0 0 0 0 0 0 0 0 0 0 0 0 0 0 0 0 0 0 0 0 0 0 0 0 0 0 0 data 22 0x90007 0x611 0x38 0xda10 0x100003 0xda10 0x48 0x170005 0x513 0x22a907bfed8 0xe0 0x22a907bff88 0x1e 0x0 0x0 0x0 0x0 0x0 0x0 0x9 0x1 0x6 oops 2 9 javafx/scene/text/Text$TextAttribute$6$1 11 javafx/beans/property/SimpleDoubleProperty methods 0
ciMethodData com/sun/javafx/geom/BaseBounds <init> ()V 2 41179 orig 80 0 0 0 0 0 0 0 0 0 0 0 0 0 0 0 0 0 0 0 0 0 0 0 0 0 0 0 0 0 0 0 0 0 0 0 0 0 0 0 0 0 0 0 0 0 0 0 0 0 0 0 0 0 0 0 0 0 0 0 0 0 0 0 0 0 0 0 0 0 0 0 0 0 0 0 0 0 0 0 0 data 7 0x10002 0xa0db 0x0 0x0 0x9 0x1 0x0 oops 0 methods 0
ciMethodData javafx/scene/Node isDirty (Lcom/sun/javafx/scene/DirtyBits;)Z 2 144691 orig 80 0 0 0 0 0 0 0 0 0 0 0 0 0 0 0 0 0 0 0 0 0 0 0 0 0 0 0 0 0 0 0 0 0 0 0 0 0 0 0 0 0 0 0 0 0 0 0 0 0 0 0 0 0 0 0 0 0 0 0 0 0 0 0 0 0 0 0 0 0 0 0 0 0 0 0 0 0 0 0 0 data 16 0x50005 0x0 0x22a8ac7b060 0x23533 0x0 0x0 0x0 0x0 0x0 0x0 0x0 0x0 0x9 0x2 0x0 0x0 oops 1 2 java/util/RegularEnumSet methods 0
ciMethodData com/sun/javafx/geom/RectBounds <init> ()V 2 30381 orig 80 0 0 0 0 0 0 0 0 0 0 0 0 0 0 0 0 0 0 0 0 0 0 0 0 0 0 0 0 0 0 0 0 0 0 0 0 0 0 0 0 0 0 0 0 0 0 0 0 0 0 0 0 0 0 0 0 0 0 0 0 0 0 0 0 0 0 0 0 0 0 0 0 0 0 0 0 0 0 0 0 data 9 0x10002 0x76ad 0x0 0x0 0x0 0x0 0x9 0x1 0x0 oops 0 methods 0
ciMethodData com/sun/javafx/geom/RectBounds makeEmpty ()Lcom/sun/javafx/geom/RectBounds; 2 7252 orig 80 0 0 0 0 0 0 0 0 0 0 0 0 0 0 0 0 0 0 0 0 0 0 0 0 0 0 0 0 0 0 0 0 0 0 0 0 0 0 0 0 0 0 0 0 0 0 0 0 0 0 0 0 0 0 0 0 0 0 0 0 0 0 0 0 0 0 0 0 0 0 0 0 0 0 0 0 0 0 0 0 data 7 0x0 0x0 0x0 0x0 0x9 0x1 0xe oops 0 methods 0
ciMethodData com/sun/javafx/geom/RectBounds getBoundsType ()Lcom/sun/javafx/geom/BaseBounds$BoundsType; 2 1032 orig 80 0 0 0 0 0 0 0 0 0 0 0 0 0 0 0 0 0 0 0 0 0 0 0 0 0 0 0 0 0 0 0 0 0 0 0 0 0 0 0 0 0 0 0 0 0 0 0 0 0 0 0 0 0 0 0 0 0 0 0 0 0 0 0 0 0 0 0 0 0 0 0 0 0 0 0 0 0 0 0 0 data 5 0x0 0x0 0x9 0x1 0x0 oops 0 methods 0
ciMethodData com/sun/javafx/geom/RectBounds isEmpty ()Z 2 58614 orig 80 0 0 0 0 0 0 0 0 0 0 0 0 0 0 0 0 0 0 0 0 0 0 0 0 0 0 0 0 0 0 0 0 0 0 0 0 0 0 0 0 0 0 0 0 0 0 0 0 0 0 0 0 0 0 0 0 0 0 0 0 0 0 0 0 0 0 0 0 0 0 0 0 0 0 0 0 0 0 0 0 data 18 0x90007 0x68d 0x40 0xde69 0x150007 0xde6a 0x38 0x0 0x190003 0x68d 0x18 0x0 0x0 0x0 0x0 0x9 0x1 0x0 oops 0 methods 0
ciMethodData javafx/scene/Node getClip ()Ljavafx/scene/Node; 2 31871 orig 80 0 0 0 0 0 0 0 0 0 0 0 0 0 0 0 0 0 0 0 0 0 0 0 0 0 0 0 0 0 0 0 0 0 0 0 0 0 0 0 0 0 0 0 0 0 0 0 0 0 0 0 0 0 0 0 0 0 0 0 0 0 0 0 0 0 0 0 0 0 0 0 0 0 0 0 0 0 0 0 0 data 22 0x40007 0x1809 0x38 0x6476 0xa0003 0x6476 0x48 0x110005 0xa 0x22a8a3471f8 0x17ff 0x0 0x0 0x0 0x0 0x0 0x0 0x0 0x0 0x9 0x1 0x0 oops 1 9 javafx/scene/Node$MiscProperties methods 0
ciMethodData javafx/scene/Node$MiscProperties getClip ()Ljavafx/scene/Node; 2 6153 orig 80 0 0 0 0 0 0 0 0 0 0 0 0 0 0 0 0 0 0 0 0 0 0 0 0 0 0 0 0 0 0 0 0 0 0 0 0 0 0 0 0 0 0 0 0 0 0 0 0 0 0 0 0 0 0 0 0 0 0 0 0 0 0 0 0 0 0 0 0 0 0 0 0 0 0 0 0 0 0 0 0 data 28 0x40007 0xc80 0x38 0xb89 0xa0003 0xb89 0x78 0x110005 0x0 0x22a8b1e69e0 0xc80 0x0 0x0 0x140104 0x0 0x22a44b7e528 0xc5d 0x0 0x0 0x0 0x0 0x0 0x0 0x0 0x0 0x9 0x1 0x0 oops 2 9 javafx/scene/Node$MiscProperties$6 15 javafx/scene/shape/Rectangle methods 0
ciMethodData com/sun/javafx/geom/RectBounds deriveWithNewBounds (Lcom/sun/javafx/geom/BaseBounds;)Lcom/sun/javafx/geom/BaseBounds; 2 5127 orig 80 0 0 0 0 0 0 0 0 0 0 0 0 0 0 0 0 0 0 0 0 0 0 0 0 0 0 0 0 0 0 0 0 0 0 0 0 0 0 0 0 0 0 0 0 0 0 0 0 0 0 0 0 0 0 0 0 0 0 0 0 0 0 0 0 0 0 0 0 0 0 0 0 0 0 0 0 0 0 0 0 data 89 0x10005 0x0 0x22a448ecd70 0x1407 0x0 0x0 0x40007 0x1338 0x50 0xcf 0x80005 0xb 0x22a448ecd70 0xc4 0x0 0x0 0xd0005 0x0 0x22a448ecd70 0x1338 0x0 0x0 0x130007 0x0 0x128 0x1338 0x170004 0x0 0x22a448ecd70 0x1338 0x0 0x0 0x1d0005 0x14 0x22a448ecd70 0x1324 0x0 0x0 0x250005 0x14 0x22a448ecd70 0x1324 0x0 0x0 0x2d0005 0x14 0x22a448ecd70 0x1324 0x0 0x0 0x350005 0x14 0x22a448ecd70 0x1324 0x0 0x0 0x3b0003 0x1338 0xb8 0x3f0005 0x0 0x0 0x0 0x0 0x0 0x450007 0x0 0x60 0x0 0x4d0004 0x0 0x0 0x0 0x0 0x0 0x500002 0x0 0x5a0002 0x0 0x0 0x0 0x0 0x0 0x0 0x0 0x9 0x2 0xe 0xffffffffffffffff oops 8 2 com/sun/javafx/geom/RectBounds 12 com/sun/javafx/geom/RectBounds 18 com/sun/javafx/geom/RectBounds 28 com/sun/javafx/geom/RectBounds 34 com/sun/javafx/geom/RectBounds 40 com/sun/javafx/geom/RectBounds 46 com/sun/javafx/geom/RectBounds 52 com/sun/javafx/geom/RectBounds methods 0
ciMethodData com/sun/javafx/sg/prism/NGNode invalidateOpaqueRegion ()V 2 13425 orig 80 0 0 0 0 0 0 0 0 0 0 0 0 0 0 0 0 0 0 0 0 0 0 0 0 0 0 0 0 0 0 0 0 0 0 0 0 0 0 0 0 0 0 0 0 0 0 0 0 0 0 0 0 0 0 0 0 0 0 0 0 0 0 0 0 0 0 0 0 0 0 0 0 0 0 0 0 0 0 0 0 data 19 0x90007 0x3405 0x50 0x6c 0x100005 0x0 0x22a44b7e058 0x32 0x22a8a342118 0x3a 0x0 0x0 0x0 0x0 0x0 0x0 0x9 0x1 0x20 oops 2 6 com/sun/javafx/sg/prism/NGRegion 8 com/sun/javafx/sg/prism/NGText methods 0
ciMethod com/sun/prism/impl/ManagedResource dispose ()V 14 0 26 0 -1
instanceKlass com/sun/prism/impl/DisposerManagedResource
ciInstanceKlass com/sun/prism/impl/ManagedResource 1 1 120 7 1 9 12 1 1 10 12 1 1 9 12 1 1 10 12 1 1 10 7 12 1 1 9 12 1 1 10 12 1 10 12 1 1 11 7 12 1 1 1 10 12 1 9 12 1 1 100 1 8 1 10 12 1 9 12 1 9 12 1 9 12 1 11 12 1 11 12 1 8 1 9 12 1 100 1 1 1 3 1 1 1 1 1 1 1 1 1 1 1 1 1 1 1 1 1 1 1 1 1 1 1 1 1 1 1 1 1 1 1 1 1 1 1 1 1 1 1 1
ciInstanceKlass com/sun/prism/d3d/D3DContextSource 1 0 9 100 1 100 1 1 1 1 1
ciInstanceKlass com/sun/prism/d3d/D3DRenderTarget 1 0 9 100 1 100 1 1 1 1 1
ciInstanceKlass com/sun/prism/ReadbackRenderTarget 1 0 11 100 1 100 1 100 1 1 1 1 1
ciMethod com/sun/prism/impl/BaseTexture dispose ()V 14 0 26 0 0
instanceKlass com/sun/prism/d3d/D3DTexture
ciInstanceKlass com/sun/prism/impl/BaseTexture 1 1 307 10 7 12 1 1 1 9 7 12 1 1 1 9 12 1 1 9 12 1 1 9 12 1 1 9 12 1 1 9 12 1 9 12 1 9 12 1 9 12 1 9 12 1 9 12 1 9 12 1 9 12 1 10 12 1 100 1 8 1 10 12 1 8 1 10 12 1 10 12 1 9 100 12 1 1 1 10 100 12 1 1 1 9 12 1 9 12 1 10 12 1 1 11 100 1 9 12 1 10 7 12 1 1 10 12 1 1 10 12 1 10 10 12 1 10 12 1 10 12 1 10 12 1 10 12 1 10 12 1 10 12 1 1 10 7 12 1 1 10 12 1 10 12 1 10 12 1 10 12 1 1 10 7 12 1 1 10 12 1 1 10 12 1 10 12 1 10 12 1 10 12 1 10 12 1 9 7 12 1 1 8 1 8 1 10 100 12 1 1 1 18 12 1 1 18 12 1 18 18 100 1 3 18 10 12 1 18 18 18 12 1 10 12 1 1 10 7 12 1 1 10 12 1 18 10 12 1 1 18 12 1 1 1 1 1 1 1 1 1 1 1 1 1 1 1 1 1 1 1 1 1 1 1 1 1 1 1 1 1 1 1 1 1 1 1 1 1 1 1 1 1 1 8 1 8 1 8 1 8 1 8 1 8 1 8 1 8 1 8 1 8 1 15 10 100 12 1 1 1 1 1 100 1 100 1 1
ciMethodData com/sun/javafx/geom/transform/AffineBase updateState2D ()V 2 21535 orig 80 3 0 0 0 10 0 0 0 0 0 0 0 0 0 0 0 0 0 0 0 0 0 0 0 0 0 0 0 0 0 0 0 0 0 0 0 0 0 14 0 0 0 0 0 0 0 0 0 0 0 0 0 0 0 0 0 0 0 0 0 0 0 0 0 0 0 0 0 0 0 0 0 0 0 0 0 0 0 0 0 data 95 0x8000000600060007 0x40 0x160 0x53e7 0xf0007 0x0 0x140 0x53e7 0x180007 0x3858 0xb0 0x1b8f 0x210007 0x184 0x90 0x1a0b 0x2a0007 0x914 0x58 0x10f7 0x8000000600330007 0x47 0x38 0x10b4 0x400003 0x10b4 0x1a8 0x4d0003 0x95b 0x190 0x560007 0x2da6 0x58 0xc36 0x80000006005f0007 0x3d8 0x38 0x860 0x670003 0x860 0x18 0x740003 0x39de 0x120 0x7d0007 0x40 0xb0 0x0 0x860007 0x0 0x90 0x0 0x8f0007 0x0 0x58 0x0 0x980007 0x0 0x38 0x0 0xa00003 0x0 0x88 0xa80003 0x0 0x70 0xb10007 0x40 0x58 0x0 0xba0007 0x0 0x38 0x0 0xc30003 0x0 0x18 0x0 0x0 0x0 0x0 0x0 0x0 0x0 0x0 0x0 0x0 0x0 0x0 0x0 0x0 0x0 0x9 0x1 0x0 oops 0 methods 0
ciMethodData com/sun/javafx/geom/transform/AffineBase updateState ()V 2 23035 orig 80 0 0 0 0 0 0 0 0 0 0 0 0 0 0 0 0 0 0 0 0 0 0 0 0 0 0 0 0 0 0 0 0 0 0 0 0 0 0 0 0 0 0 0 0 0 0 0 0 0 0 0 0 0 0 0 0 0 0 0 0 0 0 0 0 0 0 0 0 0 0 0 0 0 0 0 0 0 0 0 0 data 15 0x10005 0x0 0x22a8a2a2c78 0x5700 0x22a8b67d3f8 0x2fb 0x0 0x0 0x0 0x0 0x0 0x0 0x9 0x1 0xffffffffffffffff oops 2 2 com/sun/javafx/geom/transform/Affine3D 4 com/sun/javafx/geom/transform/Affine2D methods 0
ciMethodData com/sun/javafx/geom/transform/AffineBase isTranslateOrIdentity ()Z 2 14688 orig 80 1 0 0 0 0 0 0 0 0 0 0 0 0 0 0 0 0 0 0 0 0 0 0 0 0 0 0 0 0 0 0 0 0 0 0 0 0 0 0 0 0 0 0 0 0 0 0 0 0 0 0 0 0 0 0 0 0 0 0 0 0 0 0 0 0 0 0 0 0 0 0 0 0 0 0 0 0 0 0 0 data 26 0x50007 0x148 0x70 0x3818 0x90005 0x0 0x22a8a2a2c78 0x3737 0x22a8b67d3f8 0xe1 0xd0007 0x381a 0x38 0x0 0x110003 0x148 0x18 0x0 0x0 0x0 0x0 0x0 0x0 0x9 0x1 0x0 oops 2 6 com/sun/javafx/geom/transform/Affine3D 8 com/sun/javafx/geom/transform/Affine2D methods 0
ciMethodData com/sun/javafx/geom/transform/AffineBase getType ()I 2 16779 orig 80 1 0 0 0 0 0 0 0 0 0 0 0 0 0 0 0 0 0 0 0 0 0 0 0 0 0 0 0 0 0 0 0 0 0 0 0 0 0 0 0 0 0 0 0 0 0 0 0 0 0 0 0 0 0 0 0 0 0 0 0 0 0 0 0 0 0 0 0 0 0 0 0 0 0 0 0 0 0 0 0 data 29 0x50007 0x2e65 0xa0 0x1326 0x90005 0x0 0x22a8a2a2c78 0x102b 0x22a8b67d3f8 0x2fb 0x110007 0x0 0x50 0x132a 0x160005 0x0 0x22a8a2a2c78 0x102c 0x22a8b67d3f8 0x2fe 0x0 0x0 0x0 0x0 0x0 0x0 0x9 0x1 0x0 oops 4 6 com/sun/javafx/geom/transform/Affine3D 8 com/sun/javafx/geom/transform/Affine2D 16 com/sun/javafx/geom/transform/Affine3D 18 com/sun/javafx/geom/transform/Affine2D methods 0
ciMethodData com/sun/javafx/geom/transform/AffineBase calculateType ()I 2 9251 orig 80 1 0 0 0 0 0 0 0 0 0 0 0 0 0 0 0 0 0 0 0 0 0 0 0 0 0 0 0 0 0 0 0 0 0 0 0 0 0 1 0 0 0 0 0 0 0 0 0 0 0 0 0 0 0 0 0 0 0 0 0 0 0 0 0 0 0 0 0 0 0 0 0 0 0 0 0 0 0 0 0 data 248 0x70007 0x0 0x38 0x2423 0xb0003 0x2423 0x18 0x8000000600190008 0x12 0x0 0xa0 0x0 0x698 0x0 0x680 0x5f0 0x450 0x1e1a 0x450 0x0 0x2c8 0x0 0x2c8 0x0 0xb0 0x1a 0xb0 0x480002 0x0 0x640007 0x1a 0x38 0x0 0x6c0003 0x0 0x5c8 0x750007 0x0 0x38 0x1a 0x790003 0x1a 0x18 0x840007 0x0 0x38 0x1a 0x880003 0x1a 0x18 0x8f0007 0x0 0xc8 0x1a 0x9b0007 0x0 0x40 0x1a 0xa80007 0x1a 0x38 0x0 0xb00003 0x0 0x4e0 0xc80007 0x0 0x38 0x1a 0xd00003 0x1a 0x4a8 0xd80003 0x0 0x490 0xe50007 0x0 0x40 0x0 0xf10007 0x0 0x38 0x0 0xf90003 0x0 0x438 0x1110007 0x0 0x38 0x0 0x1190003 0x0 0x400 0x1210003 0x0 0x3e8 0x12e0007 0x0 0x38 0x0 0x1320003 0x0 0x18 0x13d0007 0x0 0x38 0x0 0x1410003 0x0 0x18 0x1480007 0x0 0xc8 0x0 0x1550007 0x0 0x38 0x0 0x15d0003 0x0 0x320 0x1660007 0x0 0x58 0x0 0x1710007 0x0 0x38 0x0 0x1790003 0x0 0x2c8 0x1810003 0x0 0x2b0 0x18d0007 0x0 0x38 0x0 0x1950003 0x0 0x278 0x19d0003 0x0 0x260 0x1aa0007 0x0 0x38 0x240a 0x1ae0003 0x240a 0x18 0x1b90007 0x0 0x38 0x240a 0x1bd0003 0x240a 0x18 0x1c40007 0x0 0x118 0x240a 0x1c80007 0x0 0x70 0x240a 0x1d40007 0x35b 0x38 0x20af 0x1db0003 0x20af 0x178 0x1e20003 0x35b 0x160 0x1ee0007 0x0 0x38 0x0 0x1f60003 0x0 0x128 0x2010007 0x0 0x38 0x0 0x2090003 0x0 0xf0 0x2110003 0x0 0xd8 0x21e0007 0x0 0x90 0x0 0x2270007 0x0 0x40 0x0 0x2320007 0x0 0x38 0x0 0x23a0003 0x0 0x60 0x2420003 0x0 0x48 0x24a0003 0x0 0x30 0x2510003 0x0 0x18 0x0 0x0 0x0 0x0 0x0 0x0 0x0 0x0 0x0 0x0 0x0 0x0 0x0 0x0 0x0 0x0 0x0 0x0 0x0 0x0 0x0 0x0 0x0 0x0 0x0 0x0 0x0 0x9 0x1 0x0 oops 0 methods 0
ciMethodData javafx/scene/Node getEffect ()Ljavafx/scene/effect/Effect; 2 10490 orig 80 0 0 0 0 0 0 0 0 0 0 0 0 0 0 0 0 0 0 0 0 0 0 0 0 0 0 0 0 0 0 0 0 0 0 0 0 0 0 0 0 0 0 0 0 0 0 0 0 0 0 0 0 0 0 0 0 0 0 0 0 0 0 0 0 0 0 0 0 0 0 0 0 0 0 0 0 0 0 0 0 data 22 0x40007 0xbb0 0x38 0x1d4a 0xa0003 0x1d4a 0x48 0x110005 0x0 0x22a8a3471f8 0xbb0 0x0 0x0 0x0 0x0 0x0 0x0 0x0 0x0 0x9 0x1 0x0 oops 1 9 javafx/scene/Node$MiscProperties methods 0
ciMethodData javafx/scene/Node$MiscProperties getEffect ()Ljavafx/scene/effect/Effect; 2 2992 orig 80 0 0 0 0 0 0 0 0 0 0 0 0 0 0 0 0 0 0 0 0 0 0 0 0 0 0 0 0 0 0 0 0 0 0 0 0 0 0 0 0 0 0 0 0 0 0 0 0 0 0 0 0 0 0 0 0 0 0 0 0 0 0 0 0 0 0 0 0 0 0 0 0 0 0 0 0 0 0 0 0 data 28 0x40007 0x2c1 0x38 0x8ef 0xa0003 0x8ef 0x78 0x110005 0x0 0x22a8adb29b0 0x2c1 0x0 0x0 0x140004 0x0 0x22a8adb2a60 0x2c1 0x0 0x0 0x0 0x0 0x0 0x0 0x0 0x0 0x9 0x1 0x0 oops 2 9 javafx/scene/Node$MiscProperties$10 15 javafx/scene/effect/DropShadow methods 0
ciMethodData com/sun/javafx/util/Utils assertionEnabled ()Z 2 14861 orig 80 0 0 0 0 0 0 0 0 0 0 0 0 0 0 0 0 0 0 0 0 0 0 0 0 0 0 0 0 0 0 0 0 0 0 0 0 0 0 0 0 0 0 0 0 0 0 0 0 0 0 0 0 0 0 0 0 0 0 0 0 0 0 0 0 0 0 0 0 0 0 0 0 0 0 0 0 0 0 0 0 data 16 0x50007 0x3a0d 0x50 0x0 0xc0007 0x0 0x30 0x0 0x130002 0x0 0x0 0x0 0x0 0x0 0x9 0x0 oops 0 methods 0
ciMethodData com/sun/javafx/geom/transform/AffineBase isIdentity ()Z 2 7546 orig 80 1 0 0 0 0 0 0 0 0 0 0 0 0 0 0 0 0 0 0 0 0 0 0 0 0 0 0 0 0 0 0 0 0 0 0 0 0 0 0 0 0 0 0 0 0 0 0 0 0 0 0 0 0 0 0 0 0 0 0 0 0 0 0 0 0 0 0 0 0 0 0 0 0 0 0 0 0 0 0 0 data 26 0x40007 0x65e 0x70 0x171c 0x80005 0x0 0x22a8a2a2c78 0x12ba 0x22a8b67d3f8 0x462 0xb0007 0x171d 0x38 0x0 0xf0003 0x65e 0x18 0x0 0x0 0x0 0x0 0x0 0x0 0x9 0x1 0x0 oops 2 6 com/sun/javafx/geom/transform/Affine3D 8 com/sun/javafx/geom/transform/Affine2D methods 0
ciMethodData com/sun/javafx/sg/prism/NGNode invalidateCache ()V 2 19031 orig 80 0 0 0 0 0 0 0 0 0 0 0 0 0 0 0 0 0 0 0 0 0 0 0 0 0 0 0 0 0 0 0 0 0 0 0 0 0 0 0 0 0 0 0 0 0 0 0 0 0 0 0 0 0 0 0 0 0 0 0 0 0 0 0 0 0 0 0 0 0 0 0 0 0 0 0 0 0 0 0 0 data 19 0x40007 0x4874 0x50 0x1e3 0xb0005 0x0 0x22a8ac82760 0x16b 0x0 0x0 0x0 0x0 0x0 0x0 0x0 0x0 0x9 0x1 0x0 oops 1 6 com/sun/javafx/sg/prism/CacheFilter methods 0
ciMethodData javafx/scene/Node getPeer ()Lcom/sun/javafx/sg/prism/NGNode; 2 5664 orig 80 0 0 0 0 0 0 0 0 0 0 0 0 0 0 0 0 0 0 0 0 0 0 0 0 0 0 0 0 0 0 0 0 0 0 0 0 0 0 0 0 0 0 0 0 0 0 0 0 0 0 0 0 0 0 0 0 0 0 0 0 0 0 0 0 0 0 0 0 0 0 0 0 0 0 0 0 0 0 0 0 data 51 0x2 0x1620 0x30007 0x1620 0x110 0x0 0x70005 0x0 0x0 0x0 0x0 0x0 0xa0007 0x0 0xc0 0x0 0xd0002 0x0 0x100007 0x0 0x90 0x0 0x160005 0x0 0x0 0x0 0x0 0x0 0x1f0005 0x0 0x0 0x0 0x0 0x0 0x220002 0x0 0x290007 0x140a 0x30 0x216 0x2e0002 0x216 0x0 0x0 0x0 0x0 0x0 0x0 0x9 0x1 0xffffffffffffffff oops 0 methods 0
ciMethodData com/sun/javafx/scene/NodeHelper createPeer (Ljavafx/scene/Node;)Lcom/sun/javafx/sg/prism/NGNode; 1 534 orig 80 0 0 0 0 0 0 0 0 0 0 0 0 0 0 0 0 0 0 0 0 0 0 0 0 0 0 0 0 0 0 0 0 0 0 0 0 0 0 0 0 0 0 0 0 0 0 0 0 0 0 0 0 0 0 0 0 0 0 0 0 0 0 0 0 0 0 0 0 0 0 0 0 0 0 0 0 0 0 0 0 data 17 0x10002 0x216 0x50005 0x195 0x22a8b109d10 0x7e 0x22a8b109dc0 0x3 0x0 0x0 0x0 0x0 0x0 0x0 0x9 0x1 0xffffffffffffffff oops 2 4 com/sun/javafx/scene/layout/PaneHelper 6 com/sun/javafx/scene/ParallelCameraHelper methods 0
ciMethodData com/sun/javafx/geom/Rectangle <init> (IIII)V 2 6076 orig 80 0 0 0 0 0 0 0 0 0 0 0 0 0 0 0 0 0 0 0 0 0 0 0 0 0 0 0 0 0 0 0 0 0 0 0 0 0 0 0 0 0 0 0 0 0 0 0 0 0 0 0 0 0 0 0 0 0 0 0 0 0 0 0 0 0 0 0 0 0 0 0 0 0 0 0 0 0 0 0 0 data 13 0x10002 0x17bc 0x0 0x0 0x0 0x0 0x9 0x5 0x0 0x0 0x0 0x0 0x0 oops 0 methods 0
ciMethodData com/sun/javafx/sg/prism/NGNode markDirty ()V 2 18631 orig 80 0 0 0 0 0 0 0 0 0 0 0 0 0 0 0 0 0 0 0 0 0 0 0 0 0 0 0 0 0 0 0 0 0 0 0 0 0 0 0 0 0 0 0 0 0 0 0 0 0 0 0 0 0 0 0 0 0 0 0 0 0 0 0 0 0 0 0 0 0 0 0 0 0 0 0 0 0 0 0 0 data 19 0x70007 0x43e9 0x50 0x4de 0x120005 0x83 0x22a44b7e3c8 0x4f 0x22a44b7e058 0x40c 0x0 0x0 0x0 0x0 0x0 0x0 0x9 0x1 0xffffffffffffffff oops 2 6 com/sun/javafx/sg/prism/NGPath 8 com/sun/javafx/sg/prism/NGRegion methods 0
ciMethodData com/sun/javafx/sg/prism/NGNode markTreeDirty ()V 2 1253 orig 80 0 0 0 0 0 0 0 0 0 0 0 0 0 0 0 0 0 0 0 0 0 0 0 0 0 0 0 0 0 0 0 0 0 0 0 0 0 0 0 0 0 0 0 0 0 0 0 0 0 0 0 0 0 0 0 0 0 0 0 0 0 0 0 0 0 0 0 0 0 0 0 0 0 0 0 0 0 0 0 0 data 90 0x110007 0x4e5 0x38 0x0 0x150003 0x0 0x18 0x1b0007 0x1f2 0x178 0xedb 0x250007 0x168 0x158 0xd73 0x2c0007 0xbe8 0x60 0x18b 0x300007 0x0 0x40 0x18b 0x340007 0x18b 0xf8 0x0 0x380007 0xbe8 0x38 0x0 0x420003 0x0 0x38 0x460007 0x0 0x20 0xbe8 0x590005 0x27f 0x22a44b7e058 0x934 0x22a449d3600 0x35 0x680007 0xbe8 0x38 0x0 0x6c0003 0x0 0x18 0x760003 0xbe8 0xfffffffffffffea0 0x7a0007 0x1f2 0x80 0x2f3 0x840007 0x168 0x60 0x18b 0x880007 0x0 0x40 0x18b 0x8c0007 0x0 0x20 0x18b 0x9a0007 0x1f2 0x50 0x2f3 0x9e0005 0x7b 0x22a44b7e058 0x278 0x0 0x0 0x0 0x0 0x0 0x0 0x0 0x0 0x0 0x9 0x1 0x0 oops 3 40 com/sun/javafx/sg/prism/NGRegion 42 com/sun/javafx/sg/prism/NGGroup 76 com/sun/javafx/sg/prism/NGRegion methods 0
ciMethodData com/sun/javafx/sg/prism/NGNode getEffect ()Lcom/sun/scenario/effect/Effect; 2 13960 orig 80 0 0 0 0 0 0 0 0 0 0 0 0 0 0 0 0 0 0 0 0 0 0 0 0 0 0 0 0 0 0 0 0 0 0 0 0 0 0 0 0 0 0 0 0 0 0 0 0 0 0 0 0 0 0 0 0 0 0 0 0 0 0 0 0 0 0 0 0 0 0 0 0 0 0 0 0 0 0 0 0 data 22 0x40007 0x62e 0x38 0x305a 0x80003 0x305a 0x48 0xf0005 0x0 0x22a905c8d08 0x590 0x0 0x0 0x0 0x0 0x0 0x0 0x0 0x0 0x9 0x1 0x0 oops 1 9 com/sun/javafx/sg/prism/EffectFilter methods 0
ciMethod com/sun/scenario/effect/EffectHelper$EffectAccessor getPeer (Ljavafx/scene/effect/Effect;)Lcom/sun/scenario/effect/Effect; 0 0 1 0 -1
ciMethod com/sun/scenario/effect/EffectHelper$EffectAccessor sync (Ljavafx/scene/effect/Effect;)V 0 0 1 0 -1
ciInstanceKlass com/sun/scenario/effect/EffectHelper$EffectAccessor 1 0 31 100 1 100 1 1 1 1 1 1 1 1 1 1 1 1 1 1 1 1 1 1 100 1 1 1 100 1 100 1 1
ciMethod javafx/scene/effect/Effect$1 getPeer (Ljavafx/scene/effect/Effect;)Lcom/sun/scenario/effect/Effect; 16 0 103 0 0
ciMethod javafx/scene/effect/Effect$1 sync (Ljavafx/scene/effect/Effect;)V 16 0 93 0 0
ciMethod com/sun/scenario/effect/EffectHelper getPeer (Ljavafx/scene/effect/Effect;)Lcom/sun/scenario/effect/Effect; 16 0 103 0 0
ciMethod com/sun/scenario/effect/EffectHelper sync (Ljavafx/scene/effect/Effect;)V 16 0 93 0 0
ciMethod com/sun/scenario/effect/EffectHelper getToolkitBlendMode (Ljavafx/scene/effect/BlendMode;)Lcom/sun/scenario/effect/Blend$Mode; 0 0 1 0 -1
ciMethod com/sun/javafx/effect/EffectDirtyBits getMask ()I 380 0 190 0 -1
ciMethod com/sun/javafx/sg/prism/CacheFilter <init> (Lcom/sun/javafx/sg/prism/NGNode;Ljavafx/scene/CacheHint;)V 4 0 9 0 0
ciMethod com/sun/javafx/sg/prism/CacheFilter setHint (Ljavafx/scene/CacheHint;)V 4 0 9 0 0
ciMethod com/sun/javafx/sg/prism/CacheFilter matchesHint (Ljavafx/scene/CacheHint;)Z 0 0 1 0 0
ciMethod com/sun/javafx/sg/prism/CacheFilter invalidate ()V 16 0 483 0 0
ciMethod com/sun/javafx/sg/prism/CacheFilter imageDataUnref ()V 512 0 483 0 0
ciMethod com/sun/javafx/sg/prism/CacheFilter dispose ()V 0 0 1 0 -1
ciMethodData com/sun/javafx/sg/prism/NGNode visualsChanged ()V 2 9128 orig 80 0 0 0 0 0 0 0 0 0 0 0 0 0 0 0 0 0 0 0 0 0 0 0 0 0 0 0 0 0 0 0 0 0 0 0 0 0 0 0 0 0 0 0 0 0 0 0 0 0 0 0 0 0 0 0 0 0 0 0 0 0 0 0 0 0 0 0 0 0 0 0 0 0 0 0 0 0 0 0 0 data 21 0x10005 0x1cb 0x22a44b7e058 0x1e94 0x22a8a342118 0x34a 0x50005 0x1cb 0x22a44b7e058 0x1e94 0x22a8a342118 0x34a 0x0 0x0 0x0 0x0 0x0 0x0 0x9 0x1 0xffffffffffffffff oops 4 2 com/sun/javafx/sg/prism/NGRegion 4 com/sun/javafx/sg/prism/NGText 8 com/sun/javafx/sg/prism/NGRegion 10 com/sun/javafx/sg/prism/NGText methods 0
ciMethod com/sun/javafx/sg/prism/EffectFilter <init> (Lcom/sun/scenario/effect/Effect;Lcom/sun/javafx/sg/prism/NGNode;)V 16 0 103 0 0
ciMethod com/sun/javafx/sg/prism/EffectFilter getEffect ()Lcom/sun/scenario/effect/Effect; 256 0 128 0 0
ciMethod com/sun/javafx/sg/prism/EffectFilter dispose ()V 12 0 14 0 0
ciMethodData com/sun/javafx/util/Utils clamp (DDD)D 2 4400 orig 80 0 0 0 0 0 0 0 0 0 0 0 0 0 0 0 0 0 0 0 0 0 0 0 0 0 0 0 0 0 0 0 0 0 0 0 0 0 0 0 0 0 0 0 0 0 0 0 0 0 0 0 0 0 0 0 0 0 0 0 0 0 0 0 0 0 0 0 0 0 0 0 0 0 0 0 0 0 0 0 0 data 19 0x30007 0x10f0 0x20 0x40 0xc0007 0x10e8 0x20 0x8 0x0 0x0 0x0 0x9 0x6 0x0 0x0 0x0 0x0 0x0 0x0 oops 0 methods 0
ciMethodData javafx/scene/Node getViewOrder ()D 2 5447 orig 80 0 0 0 0 0 0 0 0 0 0 0 0 0 0 0 0 0 0 0 0 0 0 0 0 0 0 0 0 0 0 0 0 0 0 0 0 0 0 0 0 0 0 0 0 0 0 0 0 0 0 0 0 0 0 0 0 0 0 0 0 0 0 0 0 0 0 0 0 0 0 0 0 0 0 0 0 0 0 0 0 data 22 0x40007 0x28c 0x38 0x12bc 0x80003 0x12bc 0x48 0xf0005 0x9 0x22a8a3471f8 0x283 0x0 0x0 0x0 0x0 0x0 0x0 0x0 0x0 0x9 0x1 0x0 oops 1 9 javafx/scene/Node$MiscProperties methods 0
ciMethodData com/sun/javafx/sg/prism/CacheFilter invalidate ()V 1 475 orig 80 0 0 0 0 0 0 0 0 0 0 0 0 0 0 0 0 0 0 0 0 0 0 0 0 0 0 0 0 0 0 0 0 0 0 0 0 0 0 0 0 0 0 0 0 0 0 0 0 0 0 0 0 0 0 0 0 0 0 0 0 0 0 0 0 0 0 0 0 0 0 0 0 0 0 0 0 0 0 0 0 data 19 0x70007 0x1db 0x20 0x0 0x120005 0x0 0x22a8ac82760 0x1db 0x0 0x0 0x0 0x0 0x0 0x0 0x0 0x0 0x9 0x1 0x0 oops 1 6 com/sun/javafx/sg/prism/CacheFilter methods 0
ciMethodData javafx/scene/Node$MiscProperties getViewOrder ()D 1 643 orig 80 0 0 0 0 0 0 0 0 0 0 0 0 0 0 0 0 0 0 0 0 0 0 0 0 0 0 0 0 0 0 0 0 0 0 0 0 0 0 0 0 0 0 0 0 0 0 0 0 0 0 0 0 0 0 0 0 0 0 0 0 0 0 0 0 0 0 0 0 0 0 0 0 0 0 0 0 0 0 0 0 data 22 0x40007 0x0 0x38 0x283 0x80003 0x283 0x48 0xf0005 0x0 0x0 0x0 0x0 0x0 0x0 0x0 0x0 0x0 0x0 0x0 0x9 0x1 0x0 oops 0 methods 0
ciMethod com/sun/scenario/effect/ImageData getUntransformedImage ()Lcom/sun/scenario/effect/Filterable; 258 0 129 0 -1
ciMethod com/sun/scenario/effect/ImageData unref ()V 0 0 4339 0 -1
ciMethodData com/sun/javafx/geom/transform/AffineBase <init> ()V 2 9223 orig 80 0 0 0 0 0 0 0 0 0 0 0 0 0 0 0 0 0 0 0 0 0 0 0 0 0 0 0 0 0 0 0 0 0 0 0 0 0 0 0 0 0 0 0 0 0 0 0 0 0 0 0 0 0 0 0 0 0 0 0 0 0 0 0 0 0 0 0 0 0 0 0 0 0 0 0 0 0 0 0 0 data 7 0x10002 0x2407 0x0 0x0 0x9 0x1 0x0 oops 0 methods 0
ciMethodData com/sun/javafx/sg/prism/EffectFilter <init> (Lcom/sun/scenario/effect/Effect;Lcom/sun/javafx/sg/prism/NGNode;)V 1 95 orig 80 0 0 0 0 0 0 0 0 0 0 0 0 0 0 0 0 0 0 0 0 0 0 0 0 0 0 0 0 0 0 0 0 0 0 0 0 0 0 0 0 0 0 0 0 0 0 0 0 0 0 0 0 0 0 0 0 0 0 0 0 0 0 0 0 0 0 0 0 0 0 0 0 0 0 0 0 0 0 0 0 data 13 0x10002 0x5f 0xf0002 0x5f 0x0 0x0 0x0 0x0 0x9 0x3 0x0 0x0 0x0 oops 0 methods 0
ciMethodData com/sun/javafx/sg/prism/NodeEffectInput <init> (Lcom/sun/javafx/sg/prism/NGNode;)V 1 95 orig 80 0 0 0 0 0 0 0 0 0 0 0 0 0 0 0 0 0 0 0 0 0 0 0 0 0 0 0 0 0 0 0 0 0 0 0 0 0 0 0 0 0 0 0 0 0 0 0 0 0 0 0 0 0 0 0 0 0 0 0 0 0 0 0 0 0 0 0 0 0 0 0 0 0 0 0 0 0 0 0 0 data 9 0x50002 0x5f 0x0 0x0 0x0 0x9 0x2 0x0 0x0 oops 0 methods 0
ciMethodData com/sun/javafx/sg/prism/NodeEffectInput <init> (Lcom/sun/javafx/sg/prism/NGNode;Lcom/sun/javafx/sg/prism/NodeEffectInput$RenderType;)V 1 95 orig 80 0 0 0 0 0 0 0 0 0 0 0 0 0 0 0 0 0 0 0 0 0 0 0 0 0 0 0 0 0 0 0 0 0 0 0 0 0 0 0 0 0 0 0 0 0 0 0 0 0 0 0 0 0 0 0 0 0 0 0 0 0 0 0 0 0 0 0 0 0 0 0 0 0 0 0 0 0 0 0 0 data 13 0x10002 0x5f 0x90002 0x5f 0x0 0x0 0x0 0x0 0x9 0x3 0x0 0x0 0x0 oops 0 methods 0
ciMethodData com/sun/scenario/effect/Effect <init> ()V 1 96 orig 80 0 0 0 0 0 0 0 0 0 0 0 0 0 0 0 0 0 0 0 0 0 0 0 0 0 0 0 0 0 0 0 0 0 0 0 0 0 0 0 0 0 0 0 0 0 0 0 0 0 0 0 0 0 0 0 0 0 0 0 0 0 0 0 0 0 0 0 0 0 0 0 0 0 0 0 0 0 0 0 0 data 13 0x10002 0x60 0x50002 0x60 0x0 0x0 0x0 0x0 0x0 0x0 0x9 0x1 0xe oops 0 methods 0
ciMethodData com/sun/prism/impl/BaseTexture dispose ()V 1 19 orig 80 0 0 0 0 0 0 0 0 0 0 0 0 0 0 0 0 0 0 0 0 0 0 0 0 0 0 0 0 0 0 0 0 0 0 0 0 0 0 0 0 0 0 0 0 0 0 0 0 0 0 0 0 0 0 0 0 0 0 0 0 0 0 0 0 0 0 0 0 0 0 0 0 0 0 0 0 0 0 0 0 data 15 0x40005 0x13 0x0 0x0 0x0 0x0 0x0 0x0 0x0 0x0 0x0 0x0 0x9 0x1 0x0 oops 0 methods 0
ciMethodData com/sun/javafx/geom/transform/Identity equals (Ljava/lang/Object;)Z 2 2991 orig 80 0 0 0 0 0 0 0 0 0 0 0 0 0 0 0 0 0 0 0 0 0 0 0 0 0 0 0 0 0 0 0 0 0 0 0 0 0 0 0 0 0 0 0 0 0 0 0 0 0 0 0 0 0 0 0 0 0 0 0 0 0 0 0 0 0 0 0 0 0 0 0 0 0 0 0 0 0 0 0 0 data 39 0x10004 0x599 0x22a8a2a2c78 0x462 0x22a8b100558 0x1b4 0x40007 0x0 0xb8 0xbaf 0x80004 0x599 0x22a8a2a2c78 0x462 0x22a8b100558 0x1b4 0xb0005 0x599 0x22a8a2a2c78 0x462 0x22a8b100558 0x1b4 0xe0007 0x599 0x38 0x616 0x120003 0x616 0x18 0x0 0x0 0x0 0x0 0x0 0x0 0x9 0x2 0x0 0x0 oops 6 2 com/sun/javafx/geom/transform/Affine3D 4 com/sun/javafx/geom/transform/Identity 12 com/sun/javafx/geom/transform/Affine3D 14 com/sun/javafx/geom/transform/Identity 18 com/sun/javafx/geom/transform/Affine3D 20 com/sun/javafx/geom/transform/Identity methods 0
ciMethodData com/sun/javafx/geom/transform/Translate2D isIdentity ()Z 2 2908 orig 80 0 0 0 0 0 0 0 0 0 0 0 0 0 0 0 0 0 0 0 0 0 0 0 0 0 0 0 0 0 0 0 0 0 0 0 0 0 0 1 0 0 0 0 0 0 0 0 0 0 0 0 0 0 0 0 0 0 0 0 0 0 0 0 0 0 0 0 0 0 0 0 0 0 0 0 0 0 0 0 0 data 18 0x60007 0x7e2 0x58 0x37a 0x80000006000f0007 0x37a 0x38 0x1 0x130003 0x1 0x18 0x0 0x0 0x0 0x0 0x9 0x1 0x0 oops 0 methods 0
ciMethodData javafx/scene/Node doUpdatePeer ()V 2 5151 orig 80 0 0 0 0 0 0 0 0 0 0 0 0 0 0 0 0 0 0 0 0 0 0 0 0 0 0 0 0 0 0 0 0 0 0 0 0 0 0 0 0 0 0 0 0 0 0 0 0 0 0 0 0 0 0 0 0 0 0 0 0 0 0 0 0 0 0 0 0 0 0 0 0 0 0 0 0 0 0 0 0 data 421 0x10005 0x1179 0x22a44b7def8 0x153 0x22a44b7dfa8 0x153 0x80007 0x141f 0x258 0x0 0xf0005 0x0 0x0 0x0 0x0 0x0 0x120007 0x0 0x208 0x0 0x160005 0x0 0x0 0x0 0x0 0x0 0x1b0005 0x0 0x0 0x0 0x0 0x0 0x1e0005 0x0 0x0 0x0 0x0 0x0 0x230005 0x0 0x0 0x0 0x0 0x0 0x260007 0x0 0x80 0x0 0x2a0005 0x0 0x0 0x0 0x0 0x0 0x2d0005 0x0 0x0 0x0 0x0 0x0 0x330007 0x0 0x38 0x0 0x370003 0x0 0x58 0x3c000a 0x0 0x5 0x0 0x0 0x1 0x0 0x0 0x410005 0x0 0x0 0x0 0x0 0x0 0x480005 0x1179 0x22a44b7def8 0x153 0x22a44b7dfa8 0x153 0x4b0007 0xa33 0x50 0x9ec 0x530005 0x287 0x22a44b7e058 0x756 0x22a44b7e108 0xf 0x5a0005 0x1179 0x22a44b7def8 0x153 0x22a44b7dfa8 0x153 0x5d0007 0xcda 0x80 0x745 0x620005 0x730 0x22a44b7e1b8 0xf 0x22a44b7e268 0x6 0x650005 0x270 0x22a44b7e108 0xf 0x22a44b7e058 0x4c6 0x6c0005 0x1179 0x22a44b7def8 0x153 0x22a44b7dfa8 0x153 0x6f0007 0x2d6 0x50 0x1149 0x770005 0x303 0x22a44b7e058 0xe37 0x22a44b7e108 0xf 0x7e0005 0x1179 0x22a44b7def8 0x153 0x22a44b7dfa8 0x153 0x810007 0x7f 0xb8 0x13a0 0x8d0005 0x10fa 0x22a44b7def8 0x153 0x22a44b7dfa8 0x153 0x900007 0x1149 0x38 0x257 0x940003 0x257 0x18 0x980005 0x309 0x22a44b7e058 0x1088 0x22a44b7e108 0xf 0x9f0005 0x1179 0x22a44b7def8 0x153 0x22a44b7dfa8 0x153 0xa20007 0xca2 0x90 0x77d 0xa80005 0x718 0x22a44b7e318 0x56 0x22a44b7e1b8 0xf 0xac0002 0x77d 0xb00005 0x718 0x22a44b7e3c8 0x56 0x22a44b7e108 0xf 0xb70005 0x1179 0x22a44b7def8 0x153 0x22a44b7dfa8 0x153 0xba0007 0xcda 0xb0 0x745 0xbf0005 0x730 0x22a44b7e1b8 0xf 0x22a44b7e268 0x6 0xc30005 0x730 0x22a44b7e1b8 0xf 0x22a44b7e268 0x6 0xc60005 0x270 0x22a44b7e108 0xf 0x22a44b7e058 0x4c6 0xcd0005 0x1179 0x22a44b7def8 0x153 0x22a44b7dfa8 0x153 0xd00007 0xcda 0x118 0x745 0xd50005 0x730 0x22a44b7e1b8 0xf 0x22a44b7e268 0x6 0xd80007 0x707 0x98 0x3e 0xdc0005 0x27 0x22a44b7e478 0xf 0x22a44b7dfa8 0x8 0xdf0005 0x0 0x22a44b7e528 0x3e 0x0 0x0 0xe20003 0x3e 0x18 0xe60005 0x270 0x22a44b7e108 0xf 0x22a44b7e058 0x4c6 0xed0005 0x1179 0x22a44b7def8 0x153 0x22a44b7dfa8 0x153 0xf00007 0xcd6 0xe0 0x749 0xf40005 0x69d 0x22a44b7e5d8 0x9d 0x22a44b7e1b8 0xf 0xf70007 0x6f4 0x90 0x55 0xfb0005 0x0 0x22a44b7e5d8 0x54 0x22a44b7e688 0x1 0xfe0002 0x55 0x1020005 0x0 0x22a44b7e058 0x55 0x0 0x0 0x1090005 0x1179 0x22a44b7def8 0x153 0x22a44b7dfa8 0x153 0x10c0007 0xccc 0xf8 0x753 0x1110005 0x69d 0x22a44b7e5d8 0xa7 0x22a44b7e1b8 0xf 0x1140007 0x6f4 0x78 0x5f 0x1180005 0x0 0x22a44b7e5d8 0x5e 0x22a44b7e688 0x1 0x11b0002 0x5f 0x11e0003 0x5f 0x18 0x1220005 0x270 0x22a44b7e058 0x4d4 0x22a44b7e108 0xf 0x1290005 0x1179 0x22a44b7def8 0x153 0x22a44b7dfa8 0x153 0x12c0007 0xcbb 0x80 0x764 0x1310005 0x74f 0x22a44b7e1b8 0xf 0x22a44b7e268 0x6 0x1340005 0x283 0x22a44b7e108 0xf 0x22a44b7e058 0x4d2 0x13b0005 0x1179 0x22a44b7def8 0x153 0x22a44b7dfa8 0x153 0x13e0007 0xcda 0x80 0x745 0x1430005 0x730 0x22a44b7e1b8 0xf 0x22a44b7e268 0x6 0x1460005 0x270 0x22a44b7e108 0xf 0x22a44b7e058 0x4c6 0x14d0005 0x1179 0x22a44b7def8 0x153 0x22a44b7dfa8 0x153 0x1500007 0xcda 0xc8 0x745 0x1540005 0x730 0x22a44b7e1b8 0xf 0x22a44b7e268 0x6 0x15a0007 0x0 0x38 0x745 0x15e0003 0x745 0x28 0x1620002 0x0 0x1650005 0x270 0x22a44b7e108 0xf 0x22a44b7e058 0x4c6 0x0 0x0 0x0 0x0 0x0 0x0 0x0 0x0 0x0 0x0 0x0 0x0 0x0 0x0 0x0 0x9 0x1 0x0 oops 78 2 javafx/scene/control/skin/ScrollPaneSkin$6 4 javafx/scene/control/skin/ScrollPaneSkin$5 83 javafx/scene/control/skin/ScrollPaneSkin$6 85 javafx/scene/control/skin/ScrollPaneSkin$5 93 com/sun/javafx/sg/prism/NGRegion 95 com/sun/javafx/sg/prism/NGParallelCamera 99 javafx/scene/control/skin/ScrollPaneSkin$6 101 javafx/scene/control/skin/ScrollPaneSkin$5 109 javafx/scene/ParallelCamera 111 javafx/scene/layout/BorderPane 115 com/sun/javafx/sg/prism/NGParallelCamera 117 com/sun/javafx/sg/prism/NGRegion 121 javafx/scene/control/skin/ScrollPaneSkin$6 123 javafx/scene/control/skin/ScrollPaneSkin$5 131 com/sun/javafx/sg/prism/NGRegion 133 com/sun/javafx/sg/prism/NGParallelCamera 137 javafx/scene/control/skin/ScrollPaneSkin$6 139 javafx/scene/control/skin/ScrollPaneSkin$5 147 javafx/scene/control/skin/ScrollPaneSkin$6 149 javafx/scene/control/skin/ScrollPaneSkin$5 160 com/sun/javafx/sg/prism/NGRegion 162 com/sun/javafx/sg/prism/NGParallelCamera 166 javafx/scene/control/skin/ScrollPaneSkin$6 168 javafx/scene/control/skin/ScrollPaneSkin$5 176 javafx/scene/shape/Path 178 javafx/scene/ParallelCamera 184 com/sun/javafx/sg/prism/NGPath 186 com/sun/javafx/sg/prism/NGParallelCamera 190 javafx/scene/control/skin/ScrollPaneSkin$6 192 javafx/scene/control/skin/ScrollPaneSkin$5 200 javafx/scene/ParallelCamera 202 javafx/scene/layout/BorderPane 206 javafx/scene/ParallelCamera 208 javafx/scene/layout/BorderPane 212 com/sun/javafx/sg/prism/NGParallelCamera 214 com/sun/javafx/sg/prism/NGRegion 218 javafx/scene/control/skin/ScrollPaneSkin$6 220 javafx/scene/control/skin/ScrollPaneSkin$5 228 javafx/scene/ParallelCamera 230 javafx/scene/layout/BorderPane 238 javafx/scene/layout/Pane 240 javafx/scene/control/skin/ScrollPaneSkin$5 244 javafx/scene/shape/Rectangle 253 com/sun/javafx/sg/prism/NGParallelCamera 255 com/sun/javafx/sg/prism/NGRegion 259 javafx/scene/control/skin/ScrollPaneSkin$6 261 javafx/scene/control/skin/ScrollPaneSkin$5 269 javafx/scene/layout/Region 271 javafx/scene/ParallelCamera 279 javafx/scene/layout/Region 281 javafx/scene/control/Button 287 com/sun/javafx/sg/prism/NGRegion 293 javafx/scene/control/skin/ScrollPaneSkin$6 295 javafx/scene/control/skin/ScrollPaneSkin$5 303 javafx/scene/layout/Region 305 javafx/scene/ParallelCamera 313 javafx/scene/layout/Region 315 javafx/scene/control/Button 324 com/sun/javafx/sg/prism/NGRegion 326 com/sun/javafx/sg/prism/NGParallelCamera 330 javafx/scene/control/skin/ScrollPaneSkin$6 332 javafx/scene/control/skin/ScrollPaneSkin$5 340 javafx/scene/ParallelCamera 342 javafx/scene/layout/BorderPane 346 com/sun/javafx/sg/prism/NGParallelCamera 348 com/sun/javafx/sg/prism/NGRegion 352 javafx/scene/control/skin/ScrollPaneSkin$6 354 javafx/scene/control/skin/ScrollPaneSkin$5 362 javafx/scene/ParallelCamera 364 javafx/scene/layout/BorderPane 368 com/sun/javafx/sg/prism/NGParallelCamera 370 com/sun/javafx/sg/prism/NGRegion 374 javafx/scene/control/skin/ScrollPaneSkin$6 376 javafx/scene/control/skin/ScrollPaneSkin$5 384 javafx/scene/ParallelCamera 386 javafx/scene/layout/BorderPane 399 com/sun/javafx/sg/prism/NGParallelCamera 401 com/sun/javafx/sg/prism/NGRegion methods 0
ciMethodData com/sun/javafx/sg/prism/NGNode setTransformMatrix (Lcom/sun/javafx/geom/transform/BaseTransform;)V 2 2540 orig 80 0 0 0 0 0 0 0 0 0 0 0 0 0 0 0 0 0 0 0 0 0 0 0 0 0 0 0 0 0 0 0 0 0 0 0 0 0 0 0 0 0 0 0 0 0 0 0 0 0 0 0 0 0 0 0 0 0 0 0 0 0 0 0 0 0 0 0 0 0 0 0 0 0 0 0 0 0 0 0 0 data 265 0x50005 0x0 0x22a8b1004a8 0x2a1 0x22a8b100558 0x74b 0x80007 0x837 0x20 0x1b5 0x120007 0x1e8 0x668 0x64f 0x1c0007 0x53c 0x648 0x113 0x220007 0x113 0x628 0x0 0x290007 0x0 0x48 0x0 0x310002 0x0 0x370003 0x0 0x5d8 0x3e0005 0x0 0x0 0x0 0x0 0x0 0x420005 0x0 0x0 0x0 0x0 0x0 0x460007 0x0 0x560 0x0 0x4d0005 0x0 0x0 0x0 0x0 0x0 0x510005 0x0 0x0 0x0 0x0 0x0 0x550007 0x0 0x4e0 0x0 0x5c0005 0x0 0x0 0x0 0x0 0x0 0x600005 0x0 0x0 0x0 0x0 0x0 0x640007 0x0 0x460 0x0 0x6b0005 0x0 0x0 0x0 0x0 0x0 0x6f0005 0x0 0x0 0x0 0x0 0x0 0x730007 0x0 0x3e0 0x0 0x7a0005 0x0 0x0 0x0 0x0 0x0 0x7e0005 0x0 0x0 0x0 0x0 0x0 0x820007 0x0 0x360 0x0 0x890005 0x0 0x0 0x0 0x0 0x0 0x8d0005 0x0 0x0 0x0 0x0 0x0 0x910007 0x0 0x2e0 0x0 0x980005 0x0 0x0 0x0 0x0 0x0 0x9c0005 0x0 0x0 0x0 0x0 0x0 0xa00007 0x0 0x260 0x0 0xa70005 0x0 0x0 0x0 0x0 0x0 0xab0005 0x0 0x0 0x0 0x0 0x0 0xaf0007 0x0 0x1e0 0x0 0xb60005 0x0 0x0 0x0 0x0 0x0 0xba0005 0x0 0x0 0x0 0x0 0x0 0xbe0007 0x0 0x160 0x0 0xc50005 0x0 0x0 0x0 0x0 0x0 0xc90005 0x0 0x0 0x0 0x0 0x0 0xcd0007 0x0 0xe0 0x0 0xd70005 0x0 0x0 0x0 0x0 0x0 0xde0005 0x0 0x0 0x0 0x0 0x0 0xea0005 0x0 0x0 0x0 0x0 0x0 0xf10005 0x0 0x0 0x0 0x0 0x0 0xfe0005 0x0 0x22a8b1004a8 0x29f 0x22a8b100558 0x598 0x1050007 0x837 0x68 0x0 0x1090005 0x0 0x0 0x0 0x0 0x0 0x10c0003 0x0 0x48 0x1100005 0x1fc 0x22a44b7e058 0x5e3 0x22a8b100608 0x58 0x1140005 0x1fc 0x22a44b7e058 0x5e3 0x22a8b100608 0x58 0x0 0x0 0x0 0x0 0x0 0x0 0x0 0x0 0x0 0x0 0x0 0x0 0x0 0x0 0x0 0x9 0x2 0x0 0x0 oops 8 2 com/sun/javafx/geom/transform/Translate2D 4 com/sun/javafx/geom/transform/Identity 217 com/sun/javafx/geom/transform/Translate2D 219 com/sun/javafx/geom/transform/Identity 236 com/sun/javafx/sg/prism/NGRegion 238 com/sun/javafx/sg/prism/NGImageView 242 com/sun/javafx/sg/prism/NGRegion 244 com/sun/javafx/sg/prism/NGImageView methods 0
ciMethodData com/sun/javafx/sg/prism/NGNode setViewOrder (D)V 2 1861 orig 80 0 0 0 0 0 0 0 0 0 0 0 0 0 0 0 0 0 0 0 0 0 0 0 0 0 0 0 0 0 0 0 0 0 0 0 0 0 0 0 0 0 0 0 0 0 0 0 0 0 0 0 0 0 0 0 0 0 0 0 0 0 0 0 0 0 0 0 0 0 0 0 0 0 0 0 0 0 0 0 0 data 21 0x60007 0x745 0x50 0x0 0xf0005 0x0 0x0 0x0 0x0 0x0 0x0 0x0 0x0 0x0 0x0 0x0 0x9 0x3 0x0 0x0 0x0 oops 0 methods 0
ciMethodData com/sun/javafx/sg/prism/NGNode setContentBounds (Lcom/sun/javafx/geom/BaseBounds;)V 2 4425 orig 80 0 0 0 0 0 0 0 0 0 0 0 0 0 0 0 0 0 0 0 0 0 0 0 0 0 0 0 0 0 0 0 0 0 0 0 0 0 0 0 0 0 0 0 0 0 0 0 0 0 0 0 0 0 0 0 0 0 0 0 0 0 0 0 0 0 0 0 0 0 0 0 0 0 0 0 0 0 0 0 0 data 16 0x60005 0x0 0x22a448ecd70 0x1149 0x0 0x0 0x0 0x0 0x0 0x0 0x0 0x0 0x9 0x2 0x0 0x0 oops 1 2 com/sun/javafx/geom/RectBounds methods 0
ciMethodData com/sun/javafx/sg/prism/NGNode setTransformedBounds (Lcom/sun/javafx/geom/BaseBounds;Z)V 2 5024 orig 80 0 0 0 0 0 0 0 0 0 0 0 0 0 0 0 0 0 0 0 0 0 0 0 0 0 0 0 0 0 0 0 0 0 0 0 0 0 0 0 0 0 0 0 0 0 0 0 0 0 0 0 0 0 0 0 0 0 0 0 0 0 0 0 0 0 0 0 0 0 0 0 0 0 0 0 0 0 0 0 0 data 80 0x50005 0x0 0x22a448ecd70 0x13a0 0x0 0x0 0x80007 0xadc 0x20 0x8c4 0x100005 0x0 0x22a448ecd70 0xadc 0x0 0x0 0x130007 0x0 0x68 0xadc 0x1f0005 0x0 0x22a448ecd70 0xadc 0x0 0x0 0x250003 0xadc 0x48 0x310005 0x0 0x0 0x0 0x0 0x0 0x3d0005 0x0 0x22a448ecd70 0xadc 0x0 0x0 0x490005 0x0 0x22a448ecd70 0xadc 0x0 0x0 0x500005 0x251 0x22a44b7e058 0x82d 0x22a8b100608 0x5e 0x530007 0x6bf 0x70 0x41d 0x570007 0x114 0x50 0x309 0x5b0005 0x230 0x22a44b7e058 0x80 0x22a8b100608 0x59 0x0 0x0 0x0 0x0 0x0 0x0 0x0 0x0 0x9 0x3 0x0 0x0 0x0 oops 9 2 com/sun/javafx/geom/RectBounds 12 com/sun/javafx/geom/RectBounds 22 com/sun/javafx/geom/RectBounds 37 com/sun/javafx/geom/RectBounds 43 com/sun/javafx/geom/RectBounds 49 com/sun/javafx/sg/prism/NGRegion 51 com/sun/javafx/sg/prism/NGImageView 63 com/sun/javafx/sg/prism/NGRegion 65 com/sun/javafx/sg/prism/NGImageView methods 0
ciMethodData javafx/scene/Node getOpacity ()D 2 1917 orig 80 0 0 0 0 0 0 0 0 0 0 0 0 0 0 0 0 0 0 0 0 0 0 0 0 0 0 0 0 0 0 0 0 0 0 0 0 0 0 0 0 0 0 0 0 0 0 0 0 0 0 0 0 0 0 0 0 0 0 0 0 0 0 0 0 0 0 0 0 0 0 0 0 0 0 0 0 0 0 0 0 data 22 0x40007 0x47 0x38 0x736 0x80003 0x736 0x48 0xf0005 0x0 0x22a907bf418 0x47 0x0 0x0 0x0 0x0 0x0 0x0 0x0 0x0 0x9 0x1 0x0 oops 1 9 javafx/scene/Node$7 methods 0
ciMethodData com/sun/javafx/sg/prism/NGNode setOpacity (F)V 2 1917 orig 80 0 0 0 0 0 0 0 0 0 0 0 0 0 0 0 0 0 0 0 0 0 0 0 0 0 0 0 0 0 0 0 0 0 0 0 0 0 0 0 0 0 0 0 0 0 0 0 0 0 0 0 0 0 0 0 0 0 0 0 0 0 0 0 0 0 0 0 0 0 0 0 0 0 0 0 0 0 0 0 0 data 60 0x30007 0x0 0x40 0x77d 0x90007 0x77d 0x30 0x0 0x120002 0x0 0x1c0007 0x74c 0x140 0x31 0x2a0005 0x1c 0x22a44b7e3c8 0x15 0x0 0x0 0x300007 0x20 0x60 0x11 0x360007 0x11 0xa0 0x0 0x3c0007 0x0 0x80 0x0 0x420007 0x0 0x90 0x20 0x480007 0x20 0x40 0x0 0x4e0007 0x0 0x50 0x0 0x520005 0x1c 0x22a44b7e3c8 0x15 0x0 0x0 0x0 0x0 0x0 0x0 0x0 0x0 0x9 0x2 0x0 0x0 oops 2 16 com/sun/javafx/sg/prism/NGPath 46 com/sun/javafx/sg/prism/NGPath methods 0
ciMethodData javafx/scene/Node isCache ()Z 2 1861 orig 80 0 0 0 0 0 0 0 0 0 0 0 0 0 0 0 0 0 0 0 0 0 0 0 0 0 0 0 0 0 0 0 0 0 0 0 0 0 0 0 0 0 0 0 0 0 0 0 0 0 0 0 0 0 0 0 0 0 0 0 0 0 0 0 0 0 0 0 0 0 0 0 0 0 0 0 0 0 0 0 0 data 22 0x40007 0x11b 0x38 0x62a 0x80003 0x62a 0x48 0xf0005 0x0 0x22a8a3471f8 0x11b 0x0 0x0 0x0 0x0 0x0 0x0 0x0 0x0 0x9 0x1 0x0 oops 1 9 javafx/scene/Node$MiscProperties methods 0
ciMethodData javafx/scene/Node$MiscProperties isCache ()Z 1 283 orig 80 0 0 0 0 0 0 0 0 0 0 0 0 0 0 0 0 0 0 0 0 0 0 0 0 0 0 0 0 0 0 0 0 0 0 0 0 0 0 0 0 0 0 0 0 0 0 0 0 0 0 0 0 0 0 0 0 0 0 0 0 0 0 0 0 0 0 0 0 0 0 0 0 0 0 0 0 0 0 0 0 data 22 0x40007 0x8 0x38 0x113 0x80003 0x113 0x48 0xf0005 0x0 0x22a90096378 0x8 0x0 0x0 0x0 0x0 0x0 0x0 0x0 0x0 0x9 0x1 0x0 oops 1 9 javafx/scene/Node$MiscProperties$4 methods 0
ciMethodData javafx/scene/Node getCacheHint ()Ljavafx/scene/CacheHint; 2 1861 orig 80 0 0 0 0 0 0 0 0 0 0 0 0 0 0 0 0 0 0 0 0 0 0 0 0 0 0 0 0 0 0 0 0 0 0 0 0 0 0 0 0 0 0 0 0 0 0 0 0 0 0 0 0 0 0 0 0 0 0 0 0 0 0 0 0 0 0 0 0 0 0 0 0 0 0 0 0 0 0 0 0 data 22 0x40007 0x11b 0x38 0x62a 0xa0003 0x62a 0x48 0x110005 0x0 0x22a8a3471f8 0x11b 0x0 0x0 0x0 0x0 0x0 0x0 0x0 0x0 0x9 0x1 0x0 oops 1 9 javafx/scene/Node$MiscProperties methods 0
ciMethodData javafx/scene/Node$MiscProperties getCacheHint ()Ljavafx/scene/CacheHint; 1 283 orig 80 0 0 0 0 0 0 0 0 0 0 0 0 0 0 0 0 0 0 0 0 0 0 0 0 0 0 0 0 0 0 0 0 0 0 0 0 0 0 0 0 0 0 0 0 0 0 0 0 0 0 0 0 0 0 0 0 0 0 0 0 0 0 0 0 0 0 0 0 0 0 0 0 0 0 0 0 0 0 0 0 data 28 0x40007 0x0 0x38 0x11b 0xa0003 0x11b 0x78 0x110005 0x0 0x0 0x0 0x0 0x0 0x140004 0x0 0x0 0x0 0x0 0x0 0x0 0x0 0x0 0x0 0x0 0x0 0x9 0x1 0x0 oops 0 methods 0
ciMethodData com/sun/javafx/sg/prism/NGNode setCachedAsBitmap (ZLjavafx/scene/CacheHint;)V 2 1861 orig 80 0 0 0 0 0 0 0 0 0 0 0 0 0 0 0 0 0 0 0 0 0 0 0 0 0 0 0 0 0 0 0 0 0 0 0 0 0 0 0 0 0 0 0 0 0 0 0 0 0 0 0 0 0 0 0 0 0 0 0 0 0 0 0 0 0 0 0 0 0 0 0 0 0 0 0 0 0 0 0 0 data 77 0x10007 0x745 0x30 0x0 0xa0002 0x0 0xf0007 0x73d 0x160 0x8 0x160007 0x0 0x78 0x8 0x200002 0x8 0x270005 0x1 0x22a44b7e058 0x7 0x0 0x0 0x2a0003 0x8 0x160 0x320005 0x0 0x0 0x0 0x0 0x0 0x350007 0x0 0x118 0x0 0x3d0005 0x0 0x0 0x0 0x0 0x0 0x410005 0x0 0x0 0x0 0x0 0x0 0x440003 0x0 0x98 0x4b0007 0x73d 0x80 0x0 0x520005 0x0 0x0 0x0 0x0 0x0 0x5b0005 0x0 0x0 0x0 0x0 0x0 0x0 0x0 0x0 0x0 0x0 0x0 0x9 0x3 0x0 0x0 0x0 oops 1 18 com/sun/javafx/sg/prism/NGRegion methods 0
ciMethodData com/sun/javafx/sg/prism/NGNode setClipNode (Lcom/sun/javafx/sg/prism/NGNode;)V 2 1861 orig 80 0 0 0 0 0 0 0 0 0 0 0 0 0 0 0 0 0 0 0 0 0 0 0 0 0 0 0 0 0 0 0 0 0 0 0 0 0 0 0 0 0 0 0 0 0 0 0 0 0 0 0 0 0 0 0 0 0 0 0 0 0 0 0 0 0 0 0 0 0 0 0 0 0 0 0 0 0 0 0 0 data 46 0x50007 0x707 0x120 0x3e 0xc0007 0x3e 0x50 0x0 0x140005 0x0 0x0 0x0 0x0 0x0 0x180007 0x0 0x50 0x3e 0x1e0005 0x3e 0x0 0x0 0x0 0x0 0x270005 0x0 0x22a44b7e058 0x23 0x22a8a342118 0x1b 0x2b0005 0x9 0x22a44b7e058 0x1d 0x22a8a342118 0x18 0x0 0x0 0x0 0x0 0x0 0x0 0x9 0x2 0x0 0x0 oops 4 26 com/sun/javafx/sg/prism/NGRegion 28 com/sun/javafx/sg/prism/NGText 32 com/sun/javafx/sg/prism/NGRegion 34 com/sun/javafx/sg/prism/NGText methods 0
ciMethodData com/sun/scenario/effect/EffectHelper sync (Ljavafx/scene/effect/Effect;)V 1 85 orig 80 0 0 0 0 0 0 0 0 0 0 0 0 0 0 0 0 0 0 0 0 0 0 0 0 0 0 0 0 0 0 0 0 0 0 0 0 0 0 0 0 0 0 0 0 0 0 0 0 0 0 0 0 0 0 0 0 0 0 0 0 0 0 0 0 0 0 0 0 0 0 0 0 0 0 0 0 0 0 0 0 data 15 0x40005 0x0 0x22a8adb4600 0x55 0x0 0x0 0x0 0x0 0x0 0x0 0x0 0x0 0x9 0x1 0x0 oops 1 2 javafx/scene/effect/Effect$1 methods 0
ciMethodData javafx/scene/effect/Effect$1 sync (Ljavafx/scene/effect/Effect;)V 1 85 orig 80 0 0 0 0 0 0 0 0 0 0 0 0 0 0 0 0 0 0 0 0 0 0 0 0 0 0 0 0 0 0 0 0 0 0 0 0 0 0 0 0 0 0 0 0 0 0 0 0 0 0 0 0 0 0 0 0 0 0 0 0 0 0 0 0 0 0 0 0 0 0 0 0 0 0 0 0 0 0 0 0 data 16 0x10005 0x0 0x22a8adb2a60 0x55 0x0 0x0 0x0 0x0 0x0 0x0 0x0 0x0 0x9 0x2 0x0 0x0 oops 1 2 javafx/scene/effect/DropShadow methods 0
ciMethodData javafx/scene/effect/Effect sync ()V 1 85 orig 80 0 0 0 0 0 0 0 0 0 0 0 0 0 0 0 0 0 0 0 0 0 0 0 0 0 0 0 0 0 0 0 0 0 0 0 0 0 0 0 0 0 0 0 0 0 0 0 0 0 0 0 0 0 0 0 0 0 0 0 0 0 0 0 0 0 0 0 0 0 0 0 0 0 0 0 0 0 0 0 0 data 31 0x40005 0x55 0x0 0x0 0x0 0x0 0x70007 0x1c 0x80 0x39 0xb0005 0x0 0x22a8adb2a60 0x39 0x0 0x0 0x120005 0x39 0x0 0x0 0x0 0x0 0x0 0x0 0x0 0x0 0x0 0x0 0x9 0x1 0xffffffffffffffff oops 1 12 javafx/scene/effect/DropShadow methods 0
ciMethodData javafx/scene/effect/Effect isEffectDirty (Lcom/sun/javafx/effect/EffectDirtyBits;)Z 1 334 orig 80 0 0 0 0 0 0 0 0 0 0 0 0 0 0 0 0 0 0 0 0 0 0 0 0 0 0 0 0 0 0 0 0 0 0 0 0 0 0 0 0 0 0 0 0 0 0 0 0 0 0 0 0 0 0 0 0 0 0 0 0 0 0 0 0 0 0 0 0 0 0 0 0 0 0 0 0 0 0 0 0 data 29 0x40005 0x0 0x22a8b0a5ca8 0x14e 0x0 0x0 0x80005 0xf9 0x22a8adb6298 0x55 0x0 0x0 0xc0007 0x7c 0x38 0xd2 0x100003 0xd2 0x18 0x0 0x0 0x0 0x0 0x0 0x0 0x9 0x2 0x0 0x0 oops 2 2 javafx/beans/property/SimpleIntegerProperty 8 com/sun/javafx/effect/EffectDirtyBits methods 0
ciMethodData com/sun/javafx/sg/prism/NGNode effectChanged ()V 1 85 orig 80 0 0 0 0 0 0 0 0 0 0 0 0 0 0 0 0 0 0 0 0 0 0 0 0 0 0 0 0 0 0 0 0 0 0 0 0 0 0 0 0 0 0 0 0 0 0 0 0 0 0 0 0 0 0 0 0 0 0 0 0 0 0 0 0 0 0 0 0 0 0 0 0 0 0 0 0 0 0 0 0 data 15 0x10005 0x0 0x22a44b7e058 0x55 0x0 0x0 0x0 0x0 0x0 0x0 0x0 0x0 0x9 0x1 0x0 oops 1 2 com/sun/javafx/sg/prism/NGRegion methods 0
ciMethodData com/sun/scenario/effect/EffectHelper getPeer (Ljavafx/scene/effect/Effect;)Lcom/sun/scenario/effect/Effect; 1 95 orig 80 0 0 0 0 0 0 0 0 0 0 0 0 0 0 0 0 0 0 0 0 0 0 0 0 0 0 0 0 0 0 0 0 0 0 0 0 0 0 0 0 0 0 0 0 0 0 0 0 0 0 0 0 0 0 0 0 0 0 0 0 0 0 0 0 0 0 0 0 0 0 0 0 0 0 0 0 0 0 0 0 data 15 0x40005 0x0 0x22a8adb4600 0x5f 0x0 0x0 0x0 0x0 0x0 0x0 0x0 0x0 0x9 0x1 0x0 oops 1 2 javafx/scene/effect/Effect$1 methods 0
ciMethodData javafx/scene/effect/Effect$1 getPeer (Ljavafx/scene/effect/Effect;)Lcom/sun/scenario/effect/Effect; 1 95 orig 80 0 0 0 0 0 0 0 0 0 0 0 0 0 0 0 0 0 0 0 0 0 0 0 0 0 0 0 0 0 0 0 0 0 0 0 0 0 0 0 0 0 0 0 0 0 0 0 0 0 0 0 0 0 0 0 0 0 0 0 0 0 0 0 0 0 0 0 0 0 0 0 0 0 0 0 0 0 0 0 0 data 16 0x10005 0x0 0x22a8adb2a60 0x5f 0x0 0x0 0x0 0x0 0x0 0x0 0x0 0x0 0x9 0x2 0x0 0x0 oops 1 2 javafx/scene/effect/DropShadow methods 0
ciMethodData javafx/scene/effect/Effect getPeer ()Lcom/sun/scenario/effect/Effect; 1 152 orig 80 0 0 0 0 0 0 0 0 0 0 0 0 0 0 0 0 0 0 0 0 0 0 0 0 0 0 0 0 0 0 0 0 0 0 0 0 0 0 0 0 0 0 0 0 0 0 0 0 0 0 0 0 0 0 0 0 0 0 0 0 0 0 0 0 0 0 0 0 0 0 0 0 0 0 0 0 0 0 0 0 data 19 0x40007 0x5f 0x50 0x39 0x90005 0x0 0x22a8adb2a60 0x39 0x0 0x0 0x0 0x0 0x0 0x0 0x0 0x0 0x9 0x1 0xffffffffffffffff oops 1 6 javafx/scene/effect/DropShadow methods 0
ciMethodData com/sun/javafx/sg/prism/NGNode setEffect (Lcom/sun/scenario/effect/Effect;)V 2 1875 orig 80 0 0 0 0 0 0 0 0 0 0 0 0 0 0 0 0 0 0 0 0 0 0 0 0 0 0 0 0 0 0 0 0 0 0 0 0 0 0 0 0 0 0 0 0 0 0 0 0 0 0 0 0 0 0 0 0 0 0 0 0 0 0 0 0 0 0 0 0 0 0 0 0 0 0 0 0 0 0 0 0 data 90 0x10005 0x160 0x22a44b7e058 0x486 0x22a8a342118 0x16d 0x80007 0x753 0x20 0x0 0x110007 0xe 0x98 0x745 0x150007 0x6f4 0x78 0x51 0x1f0002 0x51 0x260005 0x0 0x22a44b7e058 0x51 0x0 0x0 0x290003 0x51 0x118 0x300007 0x6f4 0x100 0xe 0x370005 0x0 0x22a905c8d08 0xe 0x0 0x0 0x3b0007 0x0 0xb0 0xe 0x420005 0x0 0x22a905c8d08 0xe 0x0 0x0 0x4b0007 0x0 0x30 0xe 0x550002 0xe 0x5c0005 0x0 0x22a44b7e058 0xe 0x0 0x0 0x610007 0x6f4 0x90 0x5f 0x650007 0x51 0x40 0xe 0x690007 0xe 0x50 0x0 0x6d0005 0x0 0x22a44b7e058 0x51 0x0 0x0 0x0 0x0 0x0 0x0 0x0 0x0 0x0 0x9 0x2 0x0 0x0 oops 7 2 com/sun/javafx/sg/prism/NGRegion 4 com/sun/javafx/sg/prism/NGText 22 com/sun/javafx/sg/prism/NGRegion 35 com/sun/javafx/sg/prism/EffectFilter 45 com/sun/javafx/sg/prism/EffectFilter 57 com/sun/javafx/sg/prism/NGRegion 75 com/sun/javafx/sg/prism/NGRegion methods 0
ciMethodData com/sun/javafx/sg/prism/NGNode setVisible (Z)V 2 1892 orig 80 0 0 0 0 0 0 0 0 0 0 0 0 0 0 0 0 0 0 0 0 0 0 0 0 0 0 0 0 0 0 0 0 0 0 0 0 0 0 0 0 0 0 0 0 0 0 0 0 0 0 0 0 0 0 0 0 0 0 0 0 0 0 0 0 0 0 0 0 0 0 0 0 0 0 0 0 0 0 0 0 data 20 0x50007 0x6a8 0x50 0xbc 0xe0005 0x12 0x22a44b7e3c8 0xf 0x22a44b7e058 0x9b 0x0 0x0 0x0 0x0 0x0 0x0 0x9 0x2 0x0 0x0 oops 2 6 com/sun/javafx/sg/prism/NGPath 8 com/sun/javafx/sg/prism/NGRegion methods 0
ciMethodData com/sun/javafx/sg/prism/NGNode setDepthTest (Z)V 2 1861 orig 80 0 0 0 0 0 0 0 0 0 0 0 0 0 0 0 0 0 0 0 0 0 0 0 0 0 0 0 0 0 0 0 0 0 0 0 0 0 0 0 0 0 0 0 0 0 0 0 0 0 0 0 0 0 0 0 0 0 0 0 0 0 0 0 0 0 0 0 0 0 0 0 0 0 0 0 0 0 0 0 0 data 20 0x50007 0x745 0x50 0x0 0xe0005 0x0 0x0 0x0 0x0 0x0 0x0 0x0 0x0 0x0 0x0 0x0 0x9 0x2 0x0 0x0 oops 0 methods 0
ciMethodData javafx/scene/Node getBlendMode ()Ljavafx/scene/effect/BlendMode; 2 1861 orig 80 0 0 0 0 0 0 0 0 0 0 0 0 0 0 0 0 0 0 0 0 0 0 0 0 0 0 0 0 0 0 0 0 0 0 0 0 0 0 0 0 0 0 0 0 0 0 0 0 0 0 0 0 0 0 0 0 0 0 0 0 0 0 0 0 0 0 0 0 0 0 0 0 0 0 0 0 0 0 0 0 data 28 0x40007 0x0 0x38 0x745 0x80003 0x745 0x78 0xf0005 0x0 0x0 0x0 0x0 0x0 0x120004 0x0 0x0 0x0 0x0 0x0 0x0 0x0 0x0 0x0 0x0 0x0 0x9 0x1 0x0 oops 0 methods 0
ciMethodData com/sun/javafx/sg/prism/NGNode setNodeBlendMode (Lcom/sun/scenario/effect/Blend$Mode;)V 2 1861 orig 80 0 0 0 0 0 0 0 0 0 0 0 0 0 0 0 0 0 0 0 0 0 0 0 0 0 0 0 0 0 0 0 0 0 0 0 0 0 0 0 0 0 0 0 0 0 0 0 0 0 0 0 0 0 0 0 0 0 0 0 0 0 0 0 0 0 0 0 0 0 0 0 0 0 0 0 0 0 0 0 0 data 26 0x50007 0x745 0x80 0x0 0xe0005 0x0 0x0 0x0 0x0 0x0 0x120005 0x0 0x0 0x0 0x0 0x0 0x0 0x0 0x0 0x0 0x0 0x0 0x9 0x2 0x0 0x0 oops 0 methods 0
ciMethodData com/sun/javafx/geom/RectBounds equals (Ljava/lang/Object;)Z 2 4980 orig 80 0 0 0 0 0 0 0 0 0 0 0 0 0 0 0 0 0 0 0 0 0 0 0 0 0 0 0 0 0 0 0 0 0 0 0 0 0 0 0 0 0 0 0 0 0 0 0 0 0 0 0 0 0 0 0 0 0 0 0 0 0 0 0 0 0 0 0 0 0 0 0 0 0 0 0 0 0 0 0 0 data 76 0x10007 0x1374 0x20 0x0 0x70005 0x0 0x22a448ecd70 0x1374 0x0 0x0 0xb0005 0x0 0x22a448ecd70 0x1374 0x0 0x0 0xe0007 0x1374 0x20 0x0 0x140004 0x0 0x22a448ecd70 0x1374 0x0 0x0 0x1d0005 0x0 0x22a448ecd70 0x1374 0x0 0x0 0x210007 0xeb9 0x20 0x4bb 0x2b0005 0x0 0x22a448ecd70 0xeb9 0x0 0x0 0x2f0007 0xb32 0x20 0x387 0x390005 0x0 0x22a448ecd70 0xb32 0x0 0x0 0x3d0007 0x8d9 0x20 0x259 0x470005 0x0 0x22a448ecd70 0x8d9 0x0 0x0 0x4b0007 0x8a4 0x20 0x35 0x0 0x0 0x0 0x0 0x0 0x0 0x9 0x2 0x0 0x0 oops 7 6 com/sun/javafx/geom/RectBounds 12 com/sun/javafx/geom/RectBounds 22 com/sun/javafx/geom/RectBounds 28 com/sun/javafx/geom/RectBounds 38 com/sun/javafx/geom/RectBounds 48 com/sun/javafx/geom/RectBounds 58 com/sun/javafx/geom/RectBounds methods 0
ciMethodData com/sun/javafx/geom/transform/Affine2D setTransform (Lcom/sun/javafx/geom/transform/BaseTransform;)V 2 2816 orig 80 0 0 0 0 0 0 0 0 0 0 0 0 0 0 0 0 0 0 0 0 0 0 0 0 0 0 0 0 0 0 0 0 0 0 0 0 0 0 0 0 0 0 0 0 0 0 0 0 0 0 0 0 0 0 0 0 0 0 0 0 0 0 0 0 0 0 0 0 0 0 0 0 0 0 0 0 0 0 0 0 data 377 0x40005 0x24f 0x22a8b67d3f8 0x5d8 0x22a8a2a2c78 0x2d9 0x70005 0x4 0x22a90ba05f8 0xafc 0x0 0x0 0xb0008 0x8 0x2d9 0x140 0x24f 0x50 0x0 0x98 0x5d8 0x8d0 0x250005 0x0 0x22a8b67d3f8 0x24f 0x0 0x0 0x280003 0x24f 0xa68 0x2d0005 0x0 0x0 0x0 0x0 0x0 0x310005 0x0 0x0 0x0 0x0 0x0 0x340005 0x0 0x0 0x0 0x0 0x0 0x370003 0x0 0x9c0 0x3b0005 0x0 0x22a8a2a2c78 0x2d9 0x0 0x0 0x400007 0x2d9 0x760 0x0 0x470002 0x0 0x4b0005 0x0 0x0 0x0 0x0 0x0 0x4e000a 0x0 0x3 0x0 0x0 0x22a448540c8 0x530005 0x0 0x0 0x0 0x0 0x0 0x5a0005 0x0 0x0 0x0 0x0 0x0 0x5d000a 0x0 0x1 0x22a448540c8 0x620005 0x0 0x0 0x0 0x0 0x0 0x690005 0x0 0x0 0x0 0x0 0x0 0x6c000a 0x0 0x1 0x22a448540c8 0x710005 0x0 0x0 0x0 0x0 0x0 0x780005 0x0 0x0 0x0 0x0 0x0 0x7b000a 0x0 0x1 0x22a448540c8 0x800005 0x0 0x0 0x0 0x0 0x0 0x870005 0x0 0x0 0x0 0x0 0x0 0x8a000a 0x0 0x1 0x22a448540c8 0x8f0005 0x0 0x0 0x0 0x0 0x0 0x950005 0x0 0x0 0x0 0x0 0x0 0x9c0005 0x0 0x0 0x0 0x0 0x0 0x9f000a 0x0 0x1 0x22a448540c8 0xa40005 0x0 0x0 0x0 0x0 0x0 0xab0005 0x0 0x0 0x0 0x0 0x0 0xae000a 0x0 0x1 0x22a448540c8 0xb30005 0x0 0x0 0x0 0x0 0x0 0xba0005 0x0 0x0 0x0 0x0 0x0 0xbd000a 0x0 0x1 0x22a448540c8 0xc20005 0x0 0x0 0x0 0x0 0x0 0xc90005 0x0 0x0 0x0 0x0 0x0 0xcc000a 0x0 0x1 0x22a448540c8 0xd10005 0x0 0x0 0x0 0x0 0x0 0xd70005 0x0 0x0 0x0 0x0 0x0 0xde0005 0x0 0x0 0x0 0x0 0x0 0xe1000a 0x0 0x1 0x22a448540c8 0xe60005 0x0 0x0 0x0 0x0 0x0 0xed0005 0x0 0x0 0x0 0x0 0x0 0xf0000a 0x0 0x1 0x22a448540c8 0xf50005 0x0 0x0 0x0 0x0 0x0 0xfc0005 0x0 0x0 0x0 0x0 0x0 0xff000a 0x0 0x1 0x22a448540c8 0x1040005 0x0 0x0 0x0 0x0 0x0 0x10b0005 0x0 0x0 0x0 0x0 0x0 0x10e000a 0x0 0x1 0x22a448540c8 0x1130005 0x0 0x0 0x0 0x0 0x0 0x1190005 0x0 0x0 0x0 0x0 0x0 0x11f0002 0x0 0x1240005 0x0 0x22a8b67d3f8 0x5d8 0x22a8a2a2c78 0x2d9 0x12c0005 0x0 0x22a8b67d3f8 0x5d8 0x22a8a2a2c78 0x2d9 0x1340005 0x0 0x22a8b67d3f8 0x5d8 0x22a8a2a2c78 0x2d9 0x13c0005 0x0 0x22a8b67d3f8 0x5d8 0x22a8a2a2c78 0x2d9 0x1440005 0x0 0x22a8b67d3f8 0x5d8 0x22a8a2a2c78 0x2d9 0x14c0005 0x0 0x22a8b67d3f8 0x5d8 0x22a8a2a2c78 0x2d9 0x1530004 0x0 0x22a8b67d3f8 0x5d8 0x22a8a2a2c78 0x2d9 0x1560007 0x0 0x98 0x8b1 0x15b0004 0x0 0x22a8b67d3f8 0x5d8 0x22a8a2a2c78 0x2d9 0x1660004 0x0 0x22a8b67d3f8 0x5d8 0x22a8a2a2c78 0x2d9 0x16f0003 0x8b1 0x48 0x1730005 0x0 0x0 0x0 0x0 0x0 0x0 0x0 0x0 0x0 0x0 0x0 0x0 0x0 0x0 0x0 0x0 0x0 0x9 0x2 0x0 0x0 oops 36 2 com/sun/javafx/geom/transform/Affine2D 4 com/sun/javafx/geom/transform/Affine3D 8 com/sun/javafx/geom/transform/BaseTransform$Degree 24 com/sun/javafx/geom/transform/Affine2D 54 com/sun/javafx/geom/transform/Affine3D 75 java/lang/String 91 java/lang/String 107 java/lang/String 123 java/lang/String 139 java/lang/String 161 java/lang/String 177 java/lang/String 193 java/lang/String 209 java/lang/String 231 java/lang/String 247 java/lang/String 263 java/lang/String 279 java/lang/String 296 com/sun/javafx/geom/transform/Affine2D 298 com/sun/javafx/geom/transform/Affine3D 302 com/sun/javafx/geom/transform/Affine2D 304 com/sun/javafx/geom/transform/Affine3D 308 com/sun/javafx/geom/transform/Affine2D 310 com/sun/javafx/geom/transform/Affine3D 314 com/sun/javafx/geom/transform/Affine2D 316 com/sun/javafx/geom/transform/Affine3D 320 com/sun/javafx/geom/transform/Affine2D 322 com/sun/javafx/geom/transform/Affine3D 326 com/sun/javafx/geom/transform/Affine2D 328 com/sun/javafx/geom/transform/Affine3D 332 com/sun/javafx/geom/transform/Affine2D 334 com/sun/javafx/geom/transform/Affine3D 342 com/sun/javafx/geom/transform/Affine2D 344 com/sun/javafx/geom/transform/Affine3D 348 com/sun/javafx/geom/transform/Affine2D 350 com/sun/javafx/geom/transform/Affine3D methods 0
ciMethodData com/sun/javafx/geom/transform/BaseTransform degreeError (Lcom/sun/javafx/geom/transform/BaseTransform$Degree;)V 1 0 orig 80 0 0 0 0 0 0 0 0 0 0 0 0 0 0 0 0 0 0 0 0 0 0 0 0 0 0 0 0 0 0 0 0 0 0 0 0 0 0 0 0 0 0 0 0 0 0 0 0 0 0 0 0 0 0 0 0 0 0 0 0 0 0 0 0 0 0 0 0 0 0 0 0 0 0 0 0 0 0 0 0 data 19 0x50002 0x0 0x8000a 0x0 0x3 0x0 0x0 0x22a448540c8 0xd0002 0x0 0x0 0x0 0x0 0x0 0x0 0x0 0x9 0x1 0xffffffffffffffff oops 1 7 java/lang/String methods 0
ciMethodData com/sun/javafx/geom/transform/Affine2D <init> (Lcom/sun/javafx/geom/transform/BaseTransform;)V 2 2221 orig 80 0 0 0 0 0 0 0 0 0 0 0 0 0 0 0 0 0 0 0 0 0 0 0 0 0 0 0 0 0 0 0 0 0 0 0 0 0 0 0 0 0 0 0 0 0 0 0 0 0 0 0 0 0 0 0 0 0 0 0 0 0 0 0 0 0 0 0 0 0 0 0 0 0 0 0 0 0 0 0 0 data 18 0x10002 0x8ad 0x60005 0x0 0x22a8b67d3f8 0x8ad 0x0 0x0 0x0 0x0 0x0 0x0 0x0 0x0 0x9 0x2 0x0 0x0 oops 1 4 com/sun/javafx/geom/transform/Affine2D methods 0
ciMethodData com/sun/javafx/geom/transform/Translate2D equals (Ljava/lang/Object;)Z 1 457 orig 80 0 0 0 0 0 0 0 0 0 0 0 0 0 0 0 0 0 0 0 0 0 0 0 0 0 0 0 0 0 0 0 0 0 0 0 0 0 0 0 0 0 0 0 0 0 0 0 0 0 0 0 0 0 0 0 0 0 0 0 0 0 0 0 0 0 0 0 0 0 0 0 0 0 0 0 0 0 0 0 0 data 59 0x10004 0x0 0x22a8b1004a8 0x1c9 0x0 0x0 0x40007 0x0 0x158 0x1c9 0x80004 0x0 0x22a8b1004a8 0x1c9 0x0 0x0 0xd0005 0x0 0x22a8b1004a8 0x1c9 0x0 0x0 0x100007 0x0 0xd8 0x1c9 0x140005 0x0 0x22a8b1004a8 0x1c9 0x0 0x0 0x1c0007 0x4c 0x88 0x17d 0x200005 0x0 0x22a8b1004a8 0x17d 0x0 0x0 0x280007 0x17b 0x38 0x2 0x2c0003 0x2 0x18 0x0 0x0 0x0 0x0 0x0 0x0 0x9 0x2 0x0 0x0 oops 5 2 com/sun/javafx/geom/transform/Translate2D 12 com/sun/javafx/geom/transform/Translate2D 18 com/sun/javafx/geom/transform/Translate2D 28 com/sun/javafx/geom/transform/Translate2D 38 com/sun/javafx/geom/transform/Translate2D methods 0
ciMethodData com/sun/javafx/geom/transform/Translate2D deriveWithNewTransform (Lcom/sun/javafx/geom/transform/BaseTransform;)Lcom/sun/javafx/geom/transform/BaseTransform; 1 453 orig 80 0 0 0 0 0 0 0 0 0 0 0 0 0 0 0 0 0 0 0 0 0 0 0 0 0 0 0 0 0 0 0 0 0 0 0 0 0 0 0 0 0 0 0 0 0 0 0 0 0 0 0 0 0 0 0 0 0 0 0 0 0 0 0 0 0 0 0 0 0 0 0 0 0 0 0 0 0 0 0 0 data 34 0x10005 0x0 0x22a8b1004a8 0x1c5 0x0 0x0 0x40007 0x0 0x80 0x1c5 0x90005 0x0 0x22a8b1004a8 0x1c5 0x0 0x0 0x110005 0x0 0x22a8b1004a8 0x1c5 0x0 0x0 0x1a0002 0x0 0x0 0x0 0x0 0x0 0x0 0x0 0x9 0x2 0x0 0x0 oops 3 2 com/sun/javafx/geom/transform/Translate2D 12 com/sun/javafx/geom/transform/Translate2D 18 com/sun/javafx/geom/transform/Translate2D methods 0
ciMethodData com/sun/javafx/geom/transform/BaseTransform getInstance (Lcom/sun/javafx/geom/transform/BaseTransform;)Lcom/sun/javafx/geom/transform/BaseTransform; 2 1432 orig 80 0 0 0 0 0 0 0 0 0 0 0 0 0 0 0 0 0 0 0 0 0 0 0 0 0 0 0 0 0 0 0 0 0 0 0 0 0 0 0 0 0 0 0 0 0 0 0 0 0 0 0 0 0 0 0 0 0 0 0 0 0 0 0 0 0 0 0 0 0 0 0 0 0 0 0 0 0 0 0 0 data 45 0x10005 0x0 0x22a8b1004a8 0x573 0x22a8b67d3f8 0x25 0x40007 0x598 0x20 0x0 0xc0005 0x0 0x22a8b1004a8 0x573 0x22a8b67d3f8 0x25 0xf0007 0x25 0x30 0x573 0x170002 0x573 0x1c0005 0x0 0x22a8b67d3f8 0x25 0x0 0x0 0x1f0007 0x0 0x30 0x25 0x270002 0x25 0x300002 0x0 0x0 0x0 0x0 0x0 0x0 0x0 0x9 0x1 0xffffffffffffffff oops 5 2 com/sun/javafx/geom/transform/Translate2D 4 com/sun/javafx/geom/transform/Affine2D 12 com/sun/javafx/geom/transform/Translate2D 14 com/sun/javafx/geom/transform/Affine2D 24 com/sun/javafx/geom/transform/Affine2D methods 0
ciMethodData com/sun/javafx/sg/prism/EffectFilter dispose ()V 1 8 orig 80 0 0 0 0 0 0 0 0 0 0 0 0 0 0 0 0 0 0 0 0 0 0 0 0 0 0 0 0 0 0 0 0 0 0 0 0 0 0 0 0 0 0 0 0 0 0 0 0 0 0 0 0 0 0 0 0 0 0 0 0 0 0 0 0 0 0 0 0 0 0 0 0 0 0 0 0 0 0 0 0 data 15 0xa0005 0x0 0x22a901c6040 0x8 0x0 0x0 0x0 0x0 0x0 0x0 0x0 0x0 0x9 0x1 0x6 oops 1 2 com/sun/javafx/sg/prism/NodeEffectInput methods 0
ciMethodData com/sun/javafx/sg/prism/CacheFilter <init> (Lcom/sun/javafx/sg/prism/NGNode;Ljavafx/scene/CacheHint;)V 1 7 orig 80 0 0 0 0 0 0 0 0 0 0 0 0 0 0 0 0 0 0 0 0 0 0 0 0 0 0 0 0 0 0 0 0 0 0 0 0 0 0 0 0 0 0 0 0 0 0 0 0 0 0 0 0 0 0 0 0 0 0 0 0 0 0 0 0 0 0 0 0 0 0 0 0 0 0 0 0 0 0 0 0 data 25 0x10002 0x7 0x100002 0x7 0x1b0002 0x7 0x260002 0x7 0x3f0005 0x0 0x22a8ac82760 0x7 0x0 0x0 0x0 0x0 0x0 0x0 0x0 0x0 0x9 0x3 0x0 0x0 0x0 oops 1 10 com/sun/javafx/sg/prism/CacheFilter methods 0
ciMethodData com/sun/javafx/sg/prism/CacheFilter matchesHint (Ljavafx/scene/CacheHint;)Z 1 0 orig 80 0 0 0 0 0 0 0 0 0 0 0 0 0 0 0 0 0 0 0 0 0 0 0 0 0 0 0 0 0 0 0 0 0 0 0 0 0 0 0 0 0 0 0 0 0 0 0 0 0 0 0 0 0 0 0 0 0 0 0 0 0 0 0 0 0 0 0 0 0 0 0 0 0 0 0 0 0 0 0 0 data 17 0x50007 0x0 0x38 0x0 0x90003 0x0 0x18 0x0 0x0 0x0 0x0 0x0 0x0 0x9 0x2 0x0 0x0 oops 0 methods 0
ciMethodData com/sun/javafx/sg/prism/CacheFilter setHint (Ljavafx/scene/CacheHint;)V 1 7 orig 80 0 0 0 0 0 0 0 0 0 0 0 0 0 0 0 0 0 0 0 0 0 0 0 0 0 0 0 0 0 0 0 0 0 0 0 0 0 0 0 0 0 0 0 0 0 0 0 0 0 0 0 0 0 0 0 0 0 0 0 0 0 0 0 0 0 0 0 0 0 0 0 0 0 0 0 0 0 0 0 0 data 40 0xa0007 0x0 0x60 0x7 0x110007 0x0 0x40 0x7 0x180007 0x7 0x38 0x0 0x1c0003 0x0 0x18 0x280007 0x0 0x60 0x7 0x2f0007 0x0 0x40 0x7 0x360007 0x7 0x38 0x0 0x3a0003 0x0 0x18 0x0 0x0 0x0 0x0 0x0 0x0 0x9 0x2 0x3006 0x0 oops 0 methods 0
ciMethodData com/sun/javafx/sg/prism/NGNode setParent (Lcom/sun/javafx/sg/prism/NGNode;Z)V 2 1694 orig 80 0 0 0 0 0 0 0 0 0 0 0 0 0 0 0 0 0 0 0 0 0 0 0 0 0 0 0 0 0 0 0 0 0 0 0 0 0 0 0 0 0 0 0 0 0 0 0 0 0 0 0 0 0 0 0 0 0 0 0 0 0 0 0 0 0 0 0 0 0 0 0 0 0 0 0 0 0 0 0 0 data 9 0x0 0x0 0x0 0x0 0x9 0x3 0x0 0x0 0x0 oops 0 methods 0
ciMethodData com/sun/javafx/geom/Rectangle <init> ()V 1 11 orig 80 0 0 0 0 0 0 0 0 0 0 0 0 0 0 0 0 0 0 0 0 0 0 0 0 0 0 0 0 0 0 0 0 0 0 0 0 0 0 0 0 0 0 0 0 0 0 0 0 0 0 0 0 0 0 0 0 0 0 0 0 0 0 0 0 0 0 0 0 0 0 0 0 0 0 0 0 0 0 0 0 data 7 0x50002 0xb 0x0 0x0 0x9 0x1 0x0 oops 0 methods 0
ciMethodData com/sun/javafx/sg/prism/CacheFilter imageDataUnref ()V 1 227 orig 80 0 0 0 0 0 0 0 0 0 0 0 0 0 0 0 0 0 0 0 0 0 0 0 0 0 0 0 0 0 0 0 0 0 0 0 0 0 0 0 0 0 0 0 0 0 0 0 0 0 0 0 0 0 0 0 0 0 0 0 0 0 0 0 0 0 0 0 0 0 0 0 0 0 0 0 0 0 0 0 0 data 45 0x40007 0xe3 0x50 0x0 0xb0005 0x0 0x0 0x0 0x0 0x0 0x190007 0x38 0xd0 0xab 0x200005 0x0 0x22a8a286320 0xab 0x0 0x0 0x250007 0x0 0x50 0xab 0x290005 0x0 0x22a8affb430 0xab 0x0 0x0 0x320005 0x0 0x22a8a286320 0xab 0x0 0x0 0x0 0x0 0x0 0x0 0x0 0x0 0x9 0x1 0x600 oops 3 16 com/sun/scenario/effect/ImageData 26 com/sun/scenario/effect/impl/prism/ps/PPSDrawable 32 com/sun/scenario/effect/ImageData methods 0
ciMethodData com/sun/javafx/geom/transform/Identity deriveWithNewTransform (Lcom/sun/javafx/geom/transform/BaseTransform;)Lcom/sun/javafx/geom/transform/BaseTransform; 2 1014 orig 80 0 0 0 0 0 0 0 0 0 0 0 0 0 0 0 0 0 0 0 0 0 0 0 0 0 0 0 0 0 0 0 0 0 0 0 0 0 0 0 0 0 0 0 0 0 0 0 0 0 0 0 0 0 0 0 0 0 0 0 0 0 0 0 0 0 0 0 0 0 0 0 0 0 0 0 0 0 0 0 0 data 12 0x10002 0x3f7 0x0 0x0 0x0 0x0 0x0 0x0 0x9 0x2 0x0 0x0 oops 0 methods 0
ciMethodData com/sun/javafx/geom/transform/Translate2D <init> (Lcom/sun/javafx/geom/transform/BaseTransform;)V 1 977 orig 80 0 0 0 0 0 0 0 0 0 0 0 0 0 0 0 0 0 0 0 0 0 0 0 0 0 0 0 0 0 0 0 0 0 0 0 0 0 0 0 0 0 0 0 0 0 0 0 0 0 0 0 0 0 0 0 0 0 0 0 0 0 0 0 0 0 0 0 0 0 0 0 0 0 0 0 0 0 0 0 0 data 36 0x10002 0x3d2 0x50005 0x0 0x22a8b1004a8 0x3d2 0x0 0x0 0x80007 0x3d2 0x30 0x0 0xe0002 0x0 0x130005 0x0 0x22a8b1004a8 0x3d2 0x0 0x0 0x1b0005 0x0 0x22a8b1004a8 0x3d2 0x0 0x0 0x0 0x0 0x0 0x0 0x0 0x0 0x9 0x2 0x0 0x0 oops 3 4 com/sun/javafx/geom/transform/Translate2D 16 com/sun/javafx/geom/transform/Translate2D 22 com/sun/javafx/geom/transform/Translate2D methods 0
ciMethodData com/sun/javafx/sg/prism/NGShape visualsChanged ()V 1 704 orig 80 0 0 0 0 0 0 0 0 0 0 0 0 0 0 0 0 0 0 0 0 0 0 0 0 0 0 0 0 0 0 0 0 0 0 0 0 0 0 0 0 0 0 0 0 0 0 0 0 0 0 0 0 0 0 0 0 0 0 0 0 0 0 0 0 0 0 0 0 0 0 0 0 0 0 0 0 0 0 0 0 data 21 0x10002 0x2c1 0x80007 0x2c1 0x50 0x0 0xf0005 0x0 0x0 0x0 0x0 0x0 0x0 0x0 0x0 0x0 0x0 0x0 0x9 0x1 0x0 oops 0 methods 0
compile javafx/scene/Node doUpdatePeer ()V -1 4 inline 212 0 -1 0 javafx/scene/Node doUpdatePeer ()V 1 1 0 javafx/scene/Node getPeer ()Lcom/sun/javafx/sg/prism/NGNode; 2 0 0 com/sun/javafx/util/Utils assertionEnabled ()Z 2 46 0 com/sun/javafx/scene/NodeHelper createPeer (Ljavafx/scene/Node;)Lcom/sun/javafx/sg/prism/NGNode; 1 72 0 javafx/scene/Node isDirty (Lcom/sun/javafx/scene/DirtyBits;)Z 2 5 0 java/util/RegularEnumSet contains (Ljava/lang/Object;)Z 3 41 0 java/lang/Enum ordinal ()I 1 83 0 com/sun/javafx/sg/prism/NGNode setTransformMatrix (Lcom/sun/javafx/geom/transform/BaseTransform;)V 2 5 0 com/sun/javafx/geom/transform/Identity equals (Ljava/lang/Object;)Z 2 5 0 com/sun/javafx/geom/transform/Translate2D equals (Ljava/lang/Object;)Z 2 254 0 com/sun/javafx/geom/transform/Identity deriveWithNewTransform (Lcom/sun/javafx/geom/transform/BaseTransform;)Lcom/sun/javafx/geom/transform/BaseTransform; 3 1 0 com/sun/javafx/geom/transform/BaseTransform getInstance (Lcom/sun/javafx/geom/transform/BaseTransform;)Lcom/sun/javafx/geom/transform/BaseTransform; 4 1 0 com/sun/javafx/geom/transform/Translate2D isIdentity ()Z 4 1 0 com/sun/javafx/geom/transform/AffineBase isIdentity ()Z 5 8 0 com/sun/javafx/geom/transform/AffineBase getType ()I 6 9 0 com/sun/javafx/geom/transform/AffineBase updateState ()V 7 1 0 com/sun/javafx/geom/transform/AffineBase updateState2D ()V 4 12 0 com/sun/javafx/geom/transform/Translate2D isTranslateOrIdentity ()Z 4 12 0 com/sun/javafx/geom/transform/AffineBase isTranslateOrIdentity ()Z 5 9 0 com/sun/javafx/geom/transform/AffineBase getType ()I 6 9 0 com/sun/javafx/geom/transform/AffineBase updateState ()V 7 1 0 com/sun/javafx/geom/transform/AffineBase updateState2D ()V 4 23 0 com/sun/javafx/geom/transform/Translate2D <init> (Lcom/sun/javafx/geom/transform/BaseTransform;)V 5 1 0 com/sun/javafx/geom/transform/BaseTransform <init> ()V 6 1 0 java/lang/Object <init> ()V 4 28 0 com/sun/javafx/geom/transform/Affine2D is2D ()Z 4 39 0 com/sun/javafx/geom/transform/Affine2D <init> (Lcom/sun/javafx/geom/transform/BaseTransform;)V 5 1 0 com/sun/javafx/geom/transform/AffineBase <init> ()V 6 1 0 com/sun/javafx/geom/transform/BaseTransform <init> ()V 7 1 0 java/lang/Object <init> ()V 2 254 0 com/sun/javafx/geom/transform/Translate2D deriveWithNewTransform (Lcom/sun/javafx/geom/transform/BaseTransform;)Lcom/sun/javafx/geom/transform/BaseTransform; 2 272 0 com/sun/javafx/sg/prism/NGNode markDirty ()V 2 276 0 com/sun/javafx/sg/prism/NGNode invalidateOpaqueRegion ()V 1 90 0 javafx/scene/Node isDirty (Lcom/sun/javafx/scene/DirtyBits;)Z 2 5 0 java/util/RegularEnumSet contains (Ljava/lang/Object;)Z 3 41 0 java/lang/Enum ordinal ()I 1 98 0 javafx/scene/Node getViewOrder ()D 2 15 0 javafx/scene/Node$MiscProperties getViewOrder ()D 1 101 0 com/sun/javafx/sg/prism/NGNode setViewOrder (D)V 1 108 0 javafx/scene/Node isDirty (Lcom/sun/javafx/scene/DirtyBits;)Z 2 5 0 java/util/RegularEnumSet contains (Ljava/lang/Object;)Z 3 41 0 java/lang/Enum ordinal ()I 1 119 0 com/sun/javafx/sg/prism/NGNode setContentBounds (Lcom/sun/javafx/geom/BaseBounds;)V 2 6 0 com/sun/javafx/geom/RectBounds deriveWithNewBounds (Lcom/sun/javafx/geom/BaseBounds;)Lcom/sun/javafx/geom/BaseBounds; 3 1 0 com/sun/javafx/geom/RectBounds isEmpty ()Z 3 8 0 com/sun/javafx/geom/RectBounds makeEmpty ()Lcom/sun/javafx/geom/RectBounds; 3 13 0 com/sun/javafx/geom/RectBounds getBoundsType ()Lcom/sun/javafx/geom/BaseBounds$BoundsType; 3 29 0 com/sun/javafx/geom/RectBounds getMinX ()F 3 37 0 com/sun/javafx/geom/RectBounds getMinY ()F 3 45 0 com/sun/javafx/geom/RectBounds getMaxX ()F 3 53 0 com/sun/javafx/geom/RectBounds getMaxY ()F 1 126 0 javafx/scene/Node isDirty (Lcom/sun/javafx/scene/DirtyBits;)Z 2 5 0 java/util/RegularEnumSet contains (Ljava/lang/Object;)Z 3 41 0 java/lang/Enum ordinal ()I 1 141 0 javafx/scene/Node isDirty (Lcom/sun/javafx/scene/DirtyBits;)Z 2 5 0 java/util/RegularEnumSet contains (Ljava/lang/Object;)Z 3 41 0 java/lang/Enum ordinal ()I 1 152 0 com/sun/javafx/sg/prism/NGNode setTransformedBounds (Lcom/sun/javafx/geom/BaseBounds;Z)V 2 5 0 com/sun/javafx/geom/RectBounds equals (Ljava/lang/Object;)Z 3 29 0 com/sun/javafx/geom/RectBounds getMinX ()F 3 43 0 com/sun/javafx/geom/RectBounds getMinY ()F 3 57 0 com/sun/javafx/geom/RectBounds getMaxX ()F 3 71 0 com/sun/javafx/geom/RectBounds getMaxY ()F 2 16 0 com/sun/javafx/geom/RectBounds isEmpty ()Z 2 31 0 com/sun/javafx/geom/RectBounds deriveWithNewBounds (Lcom/sun/javafx/geom/BaseBounds;)Lcom/sun/javafx/geom/BaseBounds; 3 1 0 com/sun/javafx/geom/RectBounds isEmpty ()Z 3 8 0 com/sun/javafx/geom/RectBounds makeEmpty ()Lcom/sun/javafx/geom/RectBounds; 3 13 0 com/sun/javafx/geom/RectBounds getBoundsType ()Lcom/sun/javafx/geom/BaseBounds$BoundsType; 3 29 0 com/sun/javafx/geom/RectBounds getMinX ()F 3 37 0 com/sun/javafx/geom/RectBounds getMinY ()F 3 45 0 com/sun/javafx/geom/RectBounds getMaxX ()F 3 53 0 com/sun/javafx/geom/RectBounds getMaxY ()F 2 61 0 com/sun/javafx/geom/RectBounds deriveWithUnion (Lcom/sun/javafx/geom/BaseBounds;)Lcom/sun/javafx/geom/BaseBounds; 3 1 0 com/sun/javafx/geom/RectBounds getBoundsType ()Lcom/sun/javafx/geom/BaseBounds$BoundsType; 3 17 0 com/sun/javafx/geom/RectBounds unionWith (Lcom/sun/javafx/geom/RectBounds;)V 4 1 0 com/sun/javafx/geom/RectBounds isEmpty ()Z 4 9 0 com/sun/javafx/geom/RectBounds isEmpty ()Z 4 17 0 com/sun/javafx/geom/RectBounds setBounds (Lcom/sun/javafx/geom/RectBounds;)V 5 2 0 com/sun/javafx/geom/RectBounds getMinX ()F 5 10 0 com/sun/javafx/geom/RectBounds getMinY ()F 5 18 0 com/sun/javafx/geom/RectBounds getMaxX ()F 5 26 0 com/sun/javafx/geom/RectBounds getMaxY ()F 4 27 0 com/sun/javafx/geom/RectBounds getMinX ()F 4 42 0 com/sun/javafx/geom/RectBounds getMinY ()F 4 57 0 com/sun/javafx/geom/RectBounds getMaxX ()F 4 72 0 com/sun/javafx/geom/RectBounds getMaxY ()F 2 73 0 com/sun/javafx/geom/RectBounds deriveWithNewBounds (Lcom/sun/javafx/geom/BaseBounds;)Lcom/sun/javafx/geom/BaseBounds; 3 1 0 com/sun/javafx/geom/RectBounds isEmpty ()Z 3 8 0 com/sun/javafx/geom/RectBounds makeEmpty ()Lcom/sun/javafx/geom/RectBounds; 3 13 0 com/sun/javafx/geom/RectBounds getBoundsType ()Lcom/sun/javafx/geom/BaseBounds$BoundsType; 3 29 0 com/sun/javafx/geom/RectBounds getMinX ()F 3 37 0 com/sun/javafx/geom/RectBounds getMinY ()F 3 45 0 com/sun/javafx/geom/RectBounds getMaxX ()F 3 53 0 com/sun/javafx/geom/RectBounds getMaxY ()F 2 91 0 com/sun/javafx/sg/prism/NGNode markDirty ()V 1 159 0 javafx/scene/Node isDirty (Lcom/sun/javafx/scene/DirtyBits;)Z 2 5 0 java/util/RegularEnumSet contains (Ljava/lang/Object;)Z 3 41 0 java/lang/Enum ordinal ()I 1 168 0 javafx/scene/Node getOpacity ()D 2 15 0 javafx/beans/property/DoublePropertyBase get ()D 1 172 0 com/sun/javafx/util/Utils clamp (DDD)D 1 176 0 com/sun/javafx/sg/prism/NGNode setOpacity (F)V 2 42 0 com/sun/javafx/sg/prism/NGNode markDirty ()V 2 82 0 com/sun/javafx/sg/prism/NGNode invalidateOpaqueRegion ()V 1 183 0 javafx/scene/Node isDirty (Lcom/sun/javafx/scene/DirtyBits;)Z 2 5 0 java/util/RegularEnumSet contains (Ljava/lang/Object;)Z 3 41 0 java/lang/Enum ordinal ()I 1 191 0 javafx/scene/Node isCache ()Z 2 15 0 javafx/scene/Node$MiscProperties isCache ()Z 1 195 0 javafx/scene/Node getCacheHint ()Ljavafx/scene/CacheHint; 2 17 0 javafx/scene/Node$MiscProperties getCacheHint ()Ljavafx/scene/CacheHint; 1 198 0 com/sun/javafx/sg/prism/NGNode setCachedAsBitmap (ZLjavafx/scene/CacheHint;)V 2 32 0 com/sun/javafx/sg/prism/CacheFilter <init> (Lcom/sun/javafx/sg/prism/NGNode;Ljavafx/scene/CacheHint;)V 3 1 0 java/lang/Object <init> ()V 3 16 0 com/sun/javafx/geom/Rectangle <init> ()V 4 5 0 com/sun/javafx/geom/Rectangle <init> (IIII)V 5 1 0 java/lang/Object <init> ()V 3 27 0 com/sun/javafx/geom/transform/Affine2D <init> ()V 4 1 0 com/sun/javafx/geom/transform/AffineBase <init> ()V 5 1 0 com/sun/javafx/geom/transform/BaseTransform <init> ()V 6 1 0 java/lang/Object <init> ()V 3 38 0 com/sun/javafx/geom/transform/Affine2D <init> ()V 4 1 0 com/sun/javafx/geom/transform/AffineBase <init> ()V 5 1 0 com/sun/javafx/geom/transform/BaseTransform <init> ()V 6 1 0 java/lang/Object <init> ()V 3 63 0 com/sun/javafx/sg/prism/CacheFilter setHint (Ljavafx/scene/CacheHint;)V 1 205 0 javafx/scene/Node isDirty (Lcom/sun/javafx/scene/DirtyBits;)Z 2 5 0 java/util/RegularEnumSet contains (Ljava/lang/Object;)Z 3 41 0 java/lang/Enum ordinal ()I 1 213 0 javafx/scene/Node getClip ()Ljavafx/scene/Node; 2 17 0 javafx/scene/Node$MiscProperties getClip ()Ljavafx/scene/Node; 3 17 0 javafx/beans/property/ObjectPropertyBase get ()Ljava/lang/Object; 1 220 0 javafx/scene/Node getClip ()Ljavafx/scene/Node; 2 17 0 javafx/scene/Node$MiscProperties getClip ()Ljavafx/scene/Node; 3 17 0 javafx/beans/property/ObjectPropertyBase get ()Ljava/lang/Object; 1 230 0 com/sun/javafx/sg/prism/NGNode setClipNode (Lcom/sun/javafx/sg/prism/NGNode;)V 2 30 0 com/sun/javafx/sg/prism/NGNode setParent (Lcom/sun/javafx/sg/prism/NGNode;Z)V 2 39 0 com/sun/javafx/sg/prism/NGNode visualsChanged ()V 3 1 0 com/sun/javafx/sg/prism/NGNode invalidateCache ()V 4 11 0 com/sun/javafx/sg/prism/CacheFilter invalidate ()V 3 5 0 com/sun/javafx/sg/prism/NGNode markDirty ()V 2 39 0 com/sun/javafx/sg/prism/NGShape visualsChanged ()V 2 43 0 com/sun/javafx/sg/prism/NGNode invalidateOpaqueRegion ()V 1 237 0 javafx/scene/Node isDirty (Lcom/sun/javafx/scene/DirtyBits;)Z 2 5 0 java/util/RegularEnumSet contains (Ljava/lang/Object;)Z 3 41 0 java/lang/Enum ordinal ()I 1 244 0 javafx/scene/Node getEffect ()Ljavafx/scene/effect/Effect; 2 17 0 javafx/scene/Node$MiscProperties getEffect ()Ljavafx/scene/effect/Effect; 3 17 0 javafx/beans/property/ObjectPropertyBase get ()Ljava/lang/Object; 1 251 0 javafx/scene/Node getEffect ()Ljavafx/scene/effect/Effect; 2 17 0 javafx/scene/Node$MiscProperties getEffect ()Ljavafx/scene/effect/Effect; 3 17 0 javafx/beans/property/ObjectPropertyBase get ()Ljava/lang/Object; 1 254 0 com/sun/scenario/effect/EffectHelper sync (Ljavafx/scene/effect/Effect;)V 2 4 0 javafx/scene/effect/Effect$1 sync (Ljavafx/scene/effect/Effect;)V 1 258 0 com/sun/javafx/sg/prism/NGNode effectChanged ()V 1 265 0 javafx/scene/Node isDirty (Lcom/sun/javafx/scene/DirtyBits;)Z 2 5 0 java/util/RegularEnumSet contains (Ljava/lang/Object;)Z 3 41 0 java/lang/Enum ordinal ()I 1 273 0 javafx/scene/Node getEffect ()Ljavafx/scene/effect/Effect; 2 17 0 javafx/scene/Node$MiscProperties getEffect ()Ljavafx/scene/effect/Effect; 3 17 0 javafx/beans/property/ObjectPropertyBase get ()Ljava/lang/Object; 1 280 0 javafx/scene/Node getEffect ()Ljavafx/scene/effect/Effect; 2 17 0 javafx/scene/Node$MiscProperties getEffect ()Ljavafx/scene/effect/Effect; 3 17 0 javafx/beans/property/ObjectPropertyBase get ()Ljava/lang/Object; 1 283 0 com/sun/scenario/effect/EffectHelper getPeer (Ljavafx/scene/effect/Effect;)Lcom/sun/scenario/effect/Effect; 2 4 0 javafx/scene/effect/Effect$1 getPeer (Ljavafx/scene/effect/Effect;)Lcom/sun/scenario/effect/Effect; 1 290 0 com/sun/javafx/sg/prism/NGNode setEffect (Lcom/sun/scenario/effect/Effect;)V 2 1 0 com/sun/javafx/sg/prism/NGNode getEffect ()Lcom/sun/scenario/effect/Effect; 3 15 0 com/sun/javafx/sg/prism/EffectFilter getEffect ()Lcom/sun/scenario/effect/Effect; 2 31 0 com/sun/javafx/sg/prism/EffectFilter <init> (Lcom/sun/scenario/effect/Effect;Lcom/sun/javafx/sg/prism/NGNode;)V 3 1 0 java/lang/Object <init> ()V 3 15 0 com/sun/javafx/sg/prism/NodeEffectInput <init> (Lcom/sun/javafx/sg/prism/NGNode;)V 4 5 0 com/sun/javafx/sg/prism/NodeEffectInput <init> (Lcom/sun/javafx/sg/prism/NGNode;Lcom/sun/javafx/sg/prism/NodeEffectInput$RenderType;)V 5 1 0 com/sun/scenario/effect/Effect <init> ()V 6 1 0 java/lang/Object <init> ()V 6 5 0 java/util/Collections emptyList ()Ljava/util/List; 5 9 0 com/sun/javafx/geom/RectBounds <init> ()V 6 1 0 com/sun/javafx/geom/BaseBounds <init> ()V 7 1 0 java/lang/Object <init> ()V 2 38 0 com/sun/javafx/sg/prism/NGNode visualsChanged ()V 3 1 0 com/sun/javafx/sg/prism/NGNode invalidateCache ()V 4 11 0 com/sun/javafx/sg/prism/CacheFilter invalidate ()V 3 5 0 com/sun/javafx/sg/prism/NGNode markDirty ()V 2 55 0 com/sun/javafx/sg/prism/EffectFilter getEffect ()Lcom/sun/scenario/effect/Effect; 2 85 0 com/sun/javafx/sg/prism/EffectFilter <init> (Lcom/sun/scenario/effect/Effect;Lcom/sun/javafx/sg/prism/NGNode;)V 3 1 0 java/lang/Object <init> ()V 3 15 0 com/sun/javafx/sg/prism/NodeEffectInput <init> (Lcom/sun/javafx/sg/prism/NGNode;)V 4 5 0 com/sun/javafx/sg/prism/NodeEffectInput <init> (Lcom/sun/javafx/sg/prism/NGNode;Lcom/sun/javafx/sg/prism/NodeEffectInput$RenderType;)V 5 1 0 com/sun/scenario/effect/Effect <init> ()V 6 1 0 java/lang/Object <init> ()V 6 5 0 java/util/Collections emptyList ()Ljava/util/List; 5 9 0 com/sun/javafx/geom/RectBounds <init> ()V 6 1 0 com/sun/javafx/geom/BaseBounds <init> ()V 7 1 0 java/lang/Object <init> ()V 2 109 0 com/sun/javafx/sg/prism/NGNode invalidateOpaqueRegion ()V 1 297 0 javafx/scene/Node isDirty (Lcom/sun/javafx/scene/DirtyBits;)Z 2 5 0 java/util/RegularEnumSet contains (Ljava/lang/Object;)Z 3 41 0 java/lang/Enum ordinal ()I 1 305 0 javafx/scene/Node isVisible ()Z 2 15 0 javafx/beans/property/BooleanPropertyBase get ()Z 1 308 0 com/sun/javafx/sg/prism/NGNode setVisible (Z)V 2 14 0 com/sun/javafx/sg/prism/NGNode markDirty ()V 1 315 0 javafx/scene/Node isDirty (Lcom/sun/javafx/scene/DirtyBits;)Z 2 5 0 java/util/RegularEnumSet contains (Ljava/lang/Object;)Z 3 41 0 java/lang/Enum ordinal ()I 1 323 0 javafx/scene/Node isDerivedDepthTest ()Z 1 326 0 com/sun/javafx/sg/prism/NGNode setDepthTest (Z)V 1 333 0 javafx/scene/Node isDirty (Lcom/sun/javafx/scene/DirtyBits;)Z 2 5 0 java/util/RegularEnumSet contains (Ljava/lang/Object;)Z 3 41 0 java/lang/Enum ordinal ()I 1 340 0 javafx/scene/Node getBlendMode ()Ljavafx/scene/effect/BlendMode; 1 357 0 com/sun/javafx/sg/prism/NGNode setNodeBlendMode (Lcom/sun/scenario/effect/Blend$Mode;)V
